order_id,location_id,customer_id,order_datetime,order_completion_datetime
7913576,1,7185,2023-09-27 00:46:10.93634 UTC,2023-09-27 00:46:34.93634 UTC
1972289,1,7310,2023-11-10 12:20:58.052641 UTC,2023-11-10 12:25:14.052641 UTC
10000621,1,8631,2023-12-01 15:30:18.628451 UTC,2023-12-01 15:31:28.628451 UTC
3917234,1,9003,2023-09-29 21:15:30.719616 UTC,2023-09-29 21:22:08.719616 UTC
10379532,1,6261,2023-12-26 22:44:18.628451 UTC,2023-12-26 22:51:45.628451 UTC
12944713,1,3307,2024-06-14 22:19:18.628451 UTC,2024-06-14 22:25:52.628451 UTC
12440787,1,5085,2024-05-12 07:07:18.628451 UTC,2024-05-12 07:10:19.628451 UTC
4874669,1,1070,2023-08-28 16:02:19.789965 UTC,2023-08-28 16:09:05.789965 UTC
11044852,1,2611,2024-02-09 06:32:18.628451 UTC,2024-02-09 06:32:32.628451 UTC
10570439,1,10661,2024-01-08 15:21:18.628451 UTC,2024-01-08 15:31:18.628451 UTC
11178548,1,3792,2024-02-18 04:24:18.628451 UTC,2024-02-18 04:35:19.628451 UTC
3941461,1,465,2023-10-18 07:36:30.719616 UTC,2023-10-18 07:44:50.719616 UTC
10661893,1,6386,2024-01-14 18:27:18.628451 UTC,2024-01-14 18:36:13.628451 UTC
5870766,1,5545,2023-08-25 11:12:46.226714 UTC,2023-08-25 11:16:42.226714 UTC
11080620,1,2003,2024-02-11 16:00:18.628451 UTC,2024-02-11 16:01:06.628451 UTC
13253335,1,1466,2024-07-05 11:25:18.628451 UTC,2024-07-05 11:34:03.628451 UTC
8974164,1,9576,2023-11-11 19:00:34.749663 UTC,2023-11-11 19:11:05.749663 UTC
13339048,1,6218,2024-07-11 04:57:18.628451 UTC,2024-07-11 04:59:40.628451 UTC
6936705,1,6115,2023-10-14 16:08:33.269681 UTC,2023-10-14 16:16:28.269681 UTC
11681388,1,8545,2024-03-22 16:58:18.628451 UTC,2024-03-22 17:08:31.628451 UTC
2927557,1,1563,2023-10-07 11:19:18.81691 UTC,2023-10-07 11:29:20.81691 UTC
9996792,1,8867,2023-11-29 04:43:18.628451 UTC,2023-11-29 04:47:05.628451 UTC
9850857,1,2884,2023-08-09 18:18:18.628451 UTC,2023-08-09 18:20:48.628451 UTC
12240142,1,1669,2024-04-28 21:29:18.628451 UTC,2024-04-28 21:39:16.628451 UTC
12588200,1,9838,2024-05-22 02:40:18.628451 UTC,2024-05-22 02:51:09.628451 UTC
11264364,1,6592,2024-02-23 21:46:18.628451 UTC,2024-02-23 21:57:25.628451 UTC
13188421,1,3667,2024-07-01 04:00:18.628451 UTC,2024-07-01 04:08:23.628451 UTC
12441221,1,3774,2024-05-12 07:45:18.628451 UTC,2024-05-12 07:58:58.628451 UTC
10398539,1,8226,2023-12-28 05:16:18.628451 UTC,2023-12-28 05:29:57.628451 UTC
10099958,1,4848,2023-12-08 06:34:18.628451 UTC,2023-12-08 06:35:41.628451 UTC
11331447,1,8654,2024-02-28 09:03:18.628451 UTC,2024-02-28 09:13:01.628451 UTC
9875901,1,522,2023-08-28 22:48:18.628451 UTC,2023-08-28 22:54:48.628451 UTC
2968821,1,8175,2023-11-07 22:31:18.81691 UTC,2023-11-07 22:41:11.81691 UTC
10338207,1,7869,2023-12-24 04:47:18.628451 UTC,2023-12-24 04:58:47.628451 UTC
13143192,1,7527,2024-06-28 04:30:18.628451 UTC,2024-06-28 04:40:54.628451 UTC
13054588,1,1124,2024-06-22 06:36:18.628451 UTC,2024-06-22 06:43:03.628451 UTC
11358742,1,5131,2024-03-01 04:44:18.628451 UTC,2024-03-01 04:58:36.628451 UTC
12966263,1,1808,2024-06-16 09:00:18.628451 UTC,2024-06-16 09:00:19.628451 UTC
11635283,2,10278,2024-03-19 15:18:18.628451 UTC,2024-03-19 15:24:22.628451 UTC
11827858,2,5017,2024-04-01 11:38:18.628451 UTC,2024-04-01 11:50:21.628451 UTC
12979629,2,9344,2024-06-17 06:18:18.628451 UTC,2024-06-17 06:30:49.628451 UTC
12538155,2,6156,2024-05-18 18:54:18.628451 UTC,2024-05-18 19:04:22.628451 UTC
6884043,2,7524,2023-09-04 07:33:33.269681 UTC,2023-09-04 07:47:12.269681 UTC
6908984,2,5574,2023-09-23 10:43:33.269681 UTC,2023-09-23 10:51:01.269681 UTC
10655399,2,1701,2024-01-14 08:05:18.628451 UTC,2024-01-14 08:14:59.628451 UTC
3964771,2,10129,2023-11-04 20:31:30.719616 UTC,2023-11-04 20:39:44.719616 UTC
11202472,2,6061,2024-02-19 19:06:18.628451 UTC,2024-02-19 19:11:18.628451 UTC
12780234,2,4087,2024-06-03 23:08:18.628451 UTC,2024-06-03 23:13:26.628451 UTC
10484431,2,2291,2024-01-02 21:51:18.628451 UTC,2024-01-02 22:02:02.628451 UTC
10006328,2,8287,2023-12-02 00:32:18.628451 UTC,2023-12-02 00:38:19.628451 UTC
6849688,2,10542,2023-08-09 01:09:33.269681 UTC,2023-08-09 01:15:22.269681 UTC
11294326,2,10352,2024-02-25 21:39:18.628451 UTC,2024-02-25 21:53:51.628451 UTC
11510531,2,3253,2024-03-11 07:37:18.628451 UTC,2024-03-11 07:42:45.628451 UTC
2995964,2,4730,2023-11-28 12:31:18.81691 UTC,2023-11-28 12:41:51.81691 UTC
12052840,2,2108,2024-04-16 10:20:18.628451 UTC,2024-04-16 10:25:40.628451 UTC
11949205,2,2464,2024-04-09 13:31:18.628451 UTC,2024-04-09 13:38:56.628451 UTC
7909757,2,3637,2023-09-24 03:35:10.93634 UTC,2023-09-24 03:45:36.93634 UTC
7985343,2,2220,2023-11-20 11:03:10.93634 UTC,2023-11-20 11:15:49.93634 UTC
13211162,2,4393,2024-07-02 16:25:18.628451 UTC,2024-07-02 16:37:07.628451 UTC
10331691,2,8569,2023-12-23 18:21:18.628451 UTC,2023-12-23 18:28:48.628451 UTC
5902303,2,7988,2023-09-18 13:22:46.226714 UTC,2023-09-18 13:31:04.226714 UTC
12807805,2,1761,2024-06-05 19:08:18.628451 UTC,2024-06-05 19:19:07.628451 UTC
10862109,2,1909,2024-01-28 02:27:18.628451 UTC,2024-01-28 02:34:02.628451 UTC
10654931,2,684,2024-01-14 07:18:18.628451 UTC,2024-01-14 07:30:56.628451 UTC
6881918,2,5355,2023-09-02 14:54:33.269681 UTC,2023-09-02 15:01:04.269681 UTC
12891303,2,7226,2024-06-11 08:47:18.628451 UTC,2024-06-11 09:00:32.628451 UTC
10397966,2,4995,2023-12-28 04:20:18.628451 UTC,2023-12-28 04:23:52.628451 UTC
12734499,2,5672,2024-05-31 22:01:18.628451 UTC,2024-05-31 22:11:34.628451 UTC
919026,2,7366,2023-10-01 02:34:47.952295 UTC,2023-10-01 02:38:20.952295 UTC
13349355,2,8139,2024-07-11 21:15:18.628451 UTC,2024-07-11 21:19:10.628451 UTC
10081284,2,4519,2023-12-07 00:30:18.628451 UTC,2023-12-07 00:38:21.628451 UTC
10159068,2,7634,2023-12-12 06:17:18.628451 UTC,2023-12-12 06:25:29.628451 UTC
11953974,2,411,2024-04-09 21:01:18.628451 UTC,2024-04-09 21:04:57.628451 UTC
10632800,2,508,2024-01-12 19:32:18.628451 UTC,2024-01-12 19:44:54.628451 UTC
10445326,2,5352,2023-12-31 07:37:18.628451 UTC,2023-12-31 07:47:17.628451 UTC
5859632,2,3714,2023-08-17 00:08:46.226714 UTC,2023-08-17 00:09:12.226714 UTC
9887356,2,3508,2023-09-06 16:04:18.628451 UTC,2023-09-06 16:17:59.628451 UTC
13309104,2,2979,2024-07-09 04:46:18.628451 UTC,2024-07-09 04:56:10.628451 UTC
10983176,2,6529,2024-02-05 03:28:18.628451 UTC,2024-02-05 03:29:23.628451 UTC
13315813,2,9670,2024-07-09 15:31:18.628451 UTC,2024-07-09 15:42:42.628451 UTC
7935776,2,1201,2023-10-13 19:55:10.93634 UTC,2023-10-13 20:02:22.93634 UTC
9920868,2,3012,2023-10-02 08:51:18.628451 UTC,2023-10-02 08:54:39.628451 UTC
4976374,2,9659,2023-11-13 13:32:19.789965 UTC,2023-11-13 13:40:07.789965 UTC
12771153,2,3443,2024-06-03 08:46:18.628451 UTC,2024-06-03 08:51:31.628451 UTC
12537783,2,9791,2024-05-18 18:17:18.628451 UTC,2024-05-18 18:21:01.628451 UTC
10205020,2,9126,2023-12-15 07:48:18.628451 UTC,2023-12-15 07:57:46.628451 UTC
1870927,2,3098,2023-08-25 16:57:58.052641 UTC,2023-08-25 17:08:46.052641 UTC
6854602,2,3131,2023-08-12 18:02:33.269681 UTC,2023-08-12 18:15:27.269681 UTC
12358354,2,2048,2024-05-06 19:03:18.628451 UTC,2024-05-06 19:06:23.628451 UTC
11823361,2,4972,2024-04-01 04:18:18.628451 UTC,2024-04-01 04:33:00.628451 UTC
11288190,2,1613,2024-02-25 11:37:18.628451 UTC,2024-02-25 11:51:01.628451 UTC
2977977,2,7530,2023-11-14 19:40:18.81691 UTC,2023-11-14 19:40:22.81691 UTC
10546467,2,4806,2024-01-07 01:12:18.628451 UTC,2024-01-07 01:16:40.628451 UTC
9934337,2,5578,2023-10-12 14:00:18.628451 UTC,2023-10-12 14:05:13.628451 UTC
6838655,2,1366,2023-07-31 15:52:33.269681 UTC,2023-07-31 16:05:18.269681 UTC
13264148,2,6691,2024-07-06 04:49:18.628451 UTC,2024-07-06 04:50:46.628451 UTC
11517581,2,1427,2024-03-11 18:53:18.628451 UTC,2024-03-11 18:56:43.628451 UTC
6897714,2,5315,2023-09-14 19:49:33.269681 UTC,2023-09-14 20:00:15.269681 UTC
11268360,2,7216,2024-02-24 04:13:18.628451 UTC,2024-02-24 04:18:43.628451 UTC
3879546,2,7309,2023-09-01 06:39:30.719616 UTC,2023-09-01 06:52:38.719616 UTC
12435027,2,2216,2024-05-11 21:58:18.628451 UTC,2024-05-11 22:05:18.628451 UTC
11029959,2,685,2024-02-08 06:37:18.628451 UTC,2024-02-08 06:44:42.628451 UTC
10012648,2,1605,2023-12-02 10:42:18.628451 UTC,2023-12-02 10:51:20.628451 UTC
13491435,2,3278,2024-07-21 08:45:18.628451 UTC,2024-07-21 08:49:55.628451 UTC
10741815,2,4116,2024-01-20 02:23:18.628451 UTC,2024-01-20 02:34:01.628451 UTC
11868191,2,3117,2024-04-04 04:04:18.628451 UTC,2024-04-04 04:12:22.628451 UTC
9879896,2,7505,2023-08-31 23:48:18.628451 UTC,2023-09-01 00:02:17.628451 UTC
12826217,2,3543,2024-06-07 00:17:18.628451 UTC,2024-06-07 00:24:08.628451 UTC
11573956,2,1418,2024-03-15 12:57:18.628451 UTC,2024-03-15 13:08:12.628451 UTC
13483306,2,77,2024-07-20 19:26:18.628451 UTC,2024-07-20 19:29:53.628451 UTC
12096616,2,5698,2024-04-19 08:39:18.628451 UTC,2024-04-19 08:45:45.628451 UTC
11588589,2,10494,2024-03-16 12:43:18.628451 UTC,2024-03-16 12:55:17.628451 UTC
10538406,2,7990,2024-01-06 12:10:18.628451 UTC,2024-01-06 12:10:20.628451 UTC
13253044,2,4863,2024-07-05 10:58:18.628451 UTC,2024-07-05 11:06:55.628451 UTC
11300751,2,5638,2024-02-26 07:53:18.628451 UTC,2024-02-26 08:04:28.628451 UTC
10582047,2,1430,2024-01-09 10:04:18.628451 UTC,2024-01-09 10:18:07.628451 UTC
10902211,2,3805,2024-01-30 17:57:18.628451 UTC,2024-01-30 17:59:59.628451 UTC
10828725,2,10653,2024-01-25 20:54:18.628451 UTC,2024-01-25 21:01:54.628451 UTC
13244818,2,1540,2024-07-04 21:47:18.628451 UTC,2024-07-04 21:56:13.628451 UTC
13409042,2,3861,2024-07-15 21:00:18.628451 UTC,2024-07-15 21:13:55.628451 UTC
12391285,2,7787,2024-05-08 23:42:18.628451 UTC,2024-05-08 23:55:11.628451 UTC
12814267,2,382,2024-06-06 05:12:18.628451 UTC,2024-06-06 05:20:00.628451 UTC
11849289,2,8900,2024-04-02 21:59:18.628451 UTC,2024-04-02 22:00:17.628451 UTC
5957654,2,9474,2023-10-30 10:43:46.226714 UTC,2023-10-30 10:50:08.226714 UTC
10031151,2,3918,2023-12-03 16:17:18.628451 UTC,2023-12-03 16:28:00.628451 UTC
2931447,2,9678,2023-10-10 10:57:18.81691 UTC,2023-10-10 10:59:48.81691 UTC
10825926,2,8206,2024-01-25 16:24:18.628451 UTC,2024-01-25 16:25:03.628451 UTC
11685430,2,4135,2024-03-22 23:32:18.628451 UTC,2024-03-22 23:36:26.628451 UTC
12412487,2,2874,2024-05-10 09:56:18.628451 UTC,2024-05-10 10:02:48.628451 UTC
6894861,2,2753,2023-09-12 14:14:33.269681 UTC,2023-09-12 14:28:15.269681 UTC
12226670,2,6193,2024-04-27 23:56:18.628451 UTC,2024-04-28 00:08:51.628451 UTC
11667175,2,583,2024-03-21 18:13:18.628451 UTC,2024-03-21 18:27:35.628451 UTC
10292708,2,9487,2023-12-21 04:15:18.628451 UTC,2023-12-21 04:27:27.628451 UTC
3894926,2,1680,2023-09-12 23:03:30.719616 UTC,2023-09-12 23:13:59.719616 UTC
10091413,2,5138,2023-12-07 16:40:18.628451 UTC,2023-12-07 16:51:14.628451 UTC
11207868,2,2831,2024-02-20 03:40:18.628451 UTC,2024-02-20 03:43:31.628451 UTC
10982713,3,7898,2024-02-05 02:44:18.628451 UTC,2024-02-05 02:48:16.628451 UTC
11369549,3,923,2024-03-01 21:47:18.628451 UTC,2024-03-01 21:52:58.628451 UTC
12712492,3,8237,2024-05-30 10:32:18.628451 UTC,2024-05-30 10:42:44.628451 UTC
11221838,3,9745,2024-02-21 01:51:18.628451 UTC,2024-02-21 02:05:00.628451 UTC
12437663,3,278,2024-05-12 02:10:18.628451 UTC,2024-05-12 02:17:52.628451 UTC
11796859,3,779,2024-03-30 09:36:18.628451 UTC,2024-03-30 09:44:13.628451 UTC
10853442,3,5386,2024-01-27 12:30:18.628451 UTC,2024-01-27 12:39:38.628451 UTC
6973795,3,440,2023-11-11 19:19:33.269681 UTC,2023-11-11 19:31:10.269681 UTC
13187594,3,4228,2024-07-01 02:39:18.628451 UTC,2024-07-01 02:47:43.628451 UTC
10464357,3,4,2024-01-01 14:12:18.628451 UTC,2024-01-01 14:23:17.628451 UTC
12511686,3,3628,2024-05-17 00:43:18.628451 UTC,2024-05-17 00:47:09.628451 UTC
10577850,3,4903,2024-01-09 03:27:18.628451 UTC,2024-01-09 03:29:24.628451 UTC
4933279,3,3617,2023-10-11 23:28:19.789965 UTC,2023-10-11 23:36:58.789965 UTC
13493829,3,1953,2024-07-21 12:40:18.628451 UTC,2024-07-21 12:53:32.628451 UTC
828914,3,4030,2023-07-24 09:16:47.952295 UTC,2023-07-24 09:31:03.952295 UTC
12246206,3,4122,2024-04-29 07:15:18.628451 UTC,2024-04-29 07:15:55.628451 UTC
2833092,3,870,2023-07-28 00:27:18.81691 UTC,2023-07-28 00:42:12.81691 UTC
13337087,3,5876,2024-07-11 01:47:18.628451 UTC,2024-07-11 01:55:11.628451 UTC
2830816,3,10030,2023-07-26 08:33:18.81691 UTC,2023-07-26 08:39:23.81691 UTC
13077584,3,10166,2024-06-23 19:36:18.628451 UTC,2024-06-23 19:39:49.628451 UTC
9996928,3,1215,2023-11-29 06:54:18.628451 UTC,2023-11-29 06:59:03.628451 UTC
11269631,3,2640,2024-02-24 06:12:18.628451 UTC,2024-02-24 06:24:38.628451 UTC
11078362,3,4689,2024-02-11 12:21:18.628451 UTC,2024-02-11 12:27:45.628451 UTC
881080,3,6084,2023-09-02 04:11:47.952295 UTC,2023-09-02 04:15:34.952295 UTC
835499,3,6194,2023-07-29 09:39:47.952295 UTC,2023-07-29 09:40:18.952295 UTC
12908313,3,4356,2024-06-12 12:11:18.628451 UTC,2024-06-12 12:20:13.628451 UTC
2834441,3,796,2023-07-29 00:47:18.81691 UTC,2023-07-29 00:54:58.81691 UTC
12320526,3,9489,2024-05-04 06:29:18.628451 UTC,2024-05-04 06:41:30.628451 UTC
12327911,3,5762,2024-05-04 18:12:18.628451 UTC,2024-05-04 18:24:54.628451 UTC
10632289,3,4612,2024-01-12 18:42:18.628451 UTC,2024-01-12 18:55:57.628451 UTC
11994918,3,7801,2024-04-12 14:22:18.628451 UTC,2024-04-12 14:34:18.628451 UTC
11917938,3,2194,2024-04-07 12:02:18.628451 UTC,2024-04-07 12:11:56.628451 UTC
13369914,3,9526,2024-07-13 06:26:18.628451 UTC,2024-07-13 06:27:20.628451 UTC
8909583,3,9090,2023-09-23 15:01:34.749663 UTC,2023-09-23 15:05:44.749663 UTC
10403401,3,3882,2023-12-28 13:08:18.628451 UTC,2023-12-28 13:17:37.628451 UTC
12396336,3,9846,2024-05-09 07:45:18.628451 UTC,2024-05-09 07:52:01.628451 UTC
10655008,3,2405,2024-01-14 07:25:18.628451 UTC,2024-01-14 07:35:44.628451 UTC
11803600,3,7073,2024-03-30 20:31:18.628451 UTC,2024-03-30 20:34:55.628451 UTC
6836658,3,6509,2023-07-30 03:04:33.269681 UTC,2023-07-30 03:16:26.269681 UTC
11823806,3,2775,2024-04-01 05:01:18.628451 UTC,2024-04-01 05:02:12.628451 UTC
12775072,3,3374,2024-06-03 15:01:18.628451 UTC,2024-06-03 15:01:54.628451 UTC
13471161,3,9776,2024-07-19 23:57:18.628451 UTC,2024-07-19 23:59:35.628451 UTC
995128,3,2117,2023-11-27 19:19:47.952295 UTC,2023-11-27 19:24:31.952295 UTC
12685659,3,10209,2024-05-28 15:29:18.628451 UTC,2024-05-28 15:40:33.628451 UTC
10050268,3,8267,2023-12-04 23:06:18.628451 UTC,2023-12-04 23:08:13.628451 UTC
8909670,3,3323,2023-09-23 17:03:34.749663 UTC,2023-09-23 17:11:36.749663 UTC
10974879,3,4399,2024-02-04 14:11:18.628451 UTC,2024-02-04 14:26:06.628451 UTC
6902818,3,4841,2023-09-18 17:02:33.269681 UTC,2023-09-18 17:13:36.269681 UTC
10048837,3,8285,2023-12-04 20:53:18.628451 UTC,2023-12-04 20:56:02.628451 UTC
12719810,3,1725,2024-05-30 22:26:18.628451 UTC,2024-05-30 22:29:27.628451 UTC
10755480,3,7,2024-01-21 00:18:18.628451 UTC,2024-01-21 00:30:17.628451 UTC
12505552,3,4970,2024-05-16 14:52:18.628451 UTC,2024-05-16 14:55:48.628451 UTC
10406032,3,7209,2023-12-28 17:15:18.628451 UTC,2023-12-28 17:23:24.628451 UTC
12434030,3,1865,2024-05-11 20:23:18.628451 UTC,2024-05-11 20:33:35.628451 UTC
11167538,3,5819,2024-02-17 10:46:18.628451 UTC,2024-02-17 10:53:46.628451 UTC
13510378,3,7109,2024-07-22 15:03:18.628451 UTC,2024-07-22 15:09:39.628451 UTC
12645404,3,5522,2024-05-25 22:37:18.628451 UTC,2024-05-25 22:48:37.628451 UTC
11643436,3,6104,2024-03-20 04:16:18.628451 UTC,2024-03-20 04:22:13.628451 UTC
6967099,3,3268,2023-11-06 16:57:33.269681 UTC,2023-11-06 17:05:27.269681 UTC
10459955,3,3325,2024-01-01 07:06:18.628451 UTC,2024-01-01 07:19:33.628451 UTC
9862542,3,3370,2023-08-18 16:11:18.628451 UTC,2023-08-18 16:15:09.628451 UTC
11692111,3,6843,2024-03-23 10:06:18.628451 UTC,2024-03-23 10:09:22.628451 UTC
10191983,3,2056,2023-12-14 10:41:18.628451 UTC,2023-12-14 10:56:15.628451 UTC
1937079,3,1130,2023-10-14 19:26:58.052641 UTC,2023-10-14 19:38:19.052641 UTC
903689,3,7900,2023-09-19 08:52:47.952295 UTC,2023-09-19 09:00:25.952295 UTC
8979412,3,2407,2023-11-15 21:58:34.749663 UTC,2023-11-15 22:08:19.749663 UTC
5855942,3,9633,2023-08-14 05:18:46.226714 UTC,2023-08-14 05:29:16.226714 UTC
12745947,3,9388,2024-06-01 16:11:18.628451 UTC,2024-06-01 16:23:55.628451 UTC
5967991,3,3301,2023-11-07 08:54:46.226714 UTC,2023-11-07 09:04:57.226714 UTC
12018807,3,7952,2024-04-14 04:04:18.628451 UTC,2024-04-14 04:13:41.628451 UTC
10591341,3,6151,2024-01-10 01:04:18.628451 UTC,2024-01-10 01:14:52.628451 UTC
11549170,3,4029,2024-03-13 21:20:18.628451 UTC,2024-03-13 21:24:42.628451 UTC
9986287,3,2252,2023-11-21 05:14:18.628451 UTC,2023-11-21 05:17:49.628451 UTC
12168072,3,5547,2024-04-24 02:26:18.628451 UTC,2024-04-24 02:27:35.628451 UTC
4967261,3,5995,2023-11-06 15:51:19.789965 UTC,2023-11-06 16:02:47.789965 UTC
1849956,3,1148,2023-08-09 16:30:58.052641 UTC,2023-08-09 16:33:41.052641 UTC
3948600,3,2918,2023-10-23 15:58:30.719616 UTC,2023-10-23 16:04:22.719616 UTC
13030448,3,3196,2024-06-20 15:34:18.628451 UTC,2024-06-20 15:45:28.628451 UTC
7887369,3,4915,2023-09-07 02:15:10.93634 UTC,2023-09-07 02:26:23.93634 UTC
6958921,3,1567,2023-10-31 14:05:33.269681 UTC,2023-10-31 14:17:58.269681 UTC
1940017,3,9089,2023-10-17 01:24:58.052641 UTC,2023-10-17 01:25:50.052641 UTC
11534339,3,10074,2024-03-12 21:38:18.628451 UTC,2024-03-12 21:42:50.628451 UTC
2845394,3,5763,2023-08-06 07:33:18.81691 UTC,2023-08-06 07:38:04.81691 UTC
11881416,3,680,2024-04-05 01:19:18.628451 UTC,2024-04-05 01:26:22.628451 UTC
10004191,3,10287,2023-12-01 21:05:18.628451 UTC,2023-12-01 21:14:38.628451 UTC
12259839,3,5750,2024-04-30 05:19:18.628451 UTC,2024-04-30 05:25:21.628451 UTC
13219501,3,3944,2024-07-03 05:56:18.628451 UTC,2024-07-03 06:05:59.628451 UTC
12940071,3,10445,2024-06-14 14:58:18.628451 UTC,2024-06-14 15:09:38.628451 UTC
12480209,3,10648,2024-05-14 22:26:18.628451 UTC,2024-05-14 22:34:14.628451 UTC
9863397,3,9601,2023-08-19 08:04:18.628451 UTC,2023-08-19 08:14:56.628451 UTC
12213486,3,6578,2024-04-27 02:57:18.628451 UTC,2024-04-27 03:06:03.628451 UTC
8978160,3,10149,2023-11-14 22:04:34.749663 UTC,2023-11-14 22:16:06.749663 UTC
11695603,3,748,2024-03-23 15:39:18.628451 UTC,2024-03-23 15:40:17.628451 UTC
13125975,3,989,2024-06-27 00:37:18.628451 UTC,2024-06-27 00:51:30.628451 UTC
1890767,3,1148,2023-09-09 15:50:58.052641 UTC,2023-09-09 15:59:50.052641 UTC
10620496,3,7983,2024-01-11 23:55:18.628451 UTC,2024-01-12 00:01:22.628451 UTC
12545342,3,7243,2024-05-19 06:36:18.628451 UTC,2024-05-19 06:45:18.628451 UTC
12990404,3,1654,2024-06-17 23:30:18.628451 UTC,2024-06-17 23:42:44.628451 UTC
1959994,3,4413,2023-11-01 03:35:58.052641 UTC,2023-11-01 03:44:41.052641 UTC
11239245,3,8498,2024-02-22 05:42:18.628451 UTC,2024-02-22 05:47:01.628451 UTC
12721367,3,10319,2024-05-31 00:56:18.628451 UTC,2024-05-31 01:04:43.628451 UTC
8941823,3,227,2023-10-18 02:01:34.749663 UTC,2023-10-18 02:15:23.749663 UTC
12145447,3,8149,2024-04-22 14:36:18.628451 UTC,2024-04-22 14:45:20.628451 UTC
12715624,3,7219,2024-05-30 15:39:18.628451 UTC,2024-05-30 15:42:50.628451 UTC
1849939,3,7967,2023-08-09 16:11:58.052641 UTC,2023-08-09 16:24:02.052641 UTC
5858867,3,9332,2023-08-16 10:08:46.226714 UTC,2023-08-16 10:19:49.226714 UTC
5834155,3,176,2023-07-28 14:12:46.226714 UTC,2023-07-28 14:14:36.226714 UTC
13391288,3,3937,2024-07-14 16:43:18.628451 UTC,2024-07-14 16:53:05.628451 UTC
12197317,4,1477,2024-04-26 01:17:18.628451 UTC,2024-04-26 01:20:27.628451 UTC
12441446,4,2152,2024-05-12 08:07:18.628451 UTC,2024-05-12 08:07:35.628451 UTC
11889214,4,3211,2024-04-05 13:53:18.628451 UTC,2024-04-05 13:59:44.628451 UTC
4867909,4,1637,2023-08-23 10:47:19.789965 UTC,2023-08-23 10:54:28.789965 UTC
11529405,4,5762,2024-03-12 13:38:18.628451 UTC,2024-03-12 13:39:03.628451 UTC
12075971,4,19,2024-04-17 23:17:18.628451 UTC,2024-04-17 23:31:42.628451 UTC
10735651,4,3509,2024-01-19 16:35:18.628451 UTC,2024-01-19 16:40:11.628451 UTC
8938806,4,3202,2023-10-15 17:35:34.749663 UTC,2023-10-15 17:36:20.749663 UTC
11932968,4,7638,2024-04-08 11:40:18.628451 UTC,2024-04-08 11:50:32.628451 UTC
11627823,4,4169,2024-03-19 03:10:18.628451 UTC,2024-03-19 03:13:53.628451 UTC
11250890,4,6838,2024-02-23 00:26:18.628451 UTC,2024-02-23 00:31:30.628451 UTC
12177805,4,10632,2024-04-24 17:49:18.628451 UTC,2024-04-24 17:52:22.628451 UTC
864611,4,10605,2023-08-20 15:06:47.952295 UTC,2023-08-20 15:19:30.952295 UTC
12433735,4,5069,2024-05-11 19:51:18.628451 UTC,2024-05-11 19:59:26.628451 UTC
10452655,4,8434,2023-12-31 19:23:18.628451 UTC,2023-12-31 19:29:29.628451 UTC
11156470,4,6992,2024-02-16 16:56:18.628451 UTC,2024-02-16 16:58:44.628451 UTC
1935594,4,7385,2023-10-13 16:34:58.052641 UTC,2023-10-13 16:48:04.052641 UTC
12519056,4,180,2024-05-17 12:34:18.628451 UTC,2024-05-17 12:39:51.628451 UTC
5919881,4,7719,2023-10-01 22:15:46.226714 UTC,2023-10-01 22:21:45.226714 UTC
12664018,4,2349,2024-05-27 04:35:18.628451 UTC,2024-05-27 04:44:49.628451 UTC
11381722,4,8932,2024-03-02 17:18:18.628451 UTC,2024-03-02 17:29:40.628451 UTC
1991427,4,6166,2023-11-25 01:31:58.052641 UTC,2023-11-25 01:41:01.052641 UTC
10401523,4,3875,2023-12-28 10:10:18.628451 UTC,2023-12-28 10:14:01.628451 UTC
12016690,4,4238,2024-04-14 00:42:18.628451 UTC,2024-04-14 00:56:55.628451 UTC
13322758,4,9695,2024-07-10 02:56:18.628451 UTC,2024-07-10 03:01:04.628451 UTC
11428380,4,775,2024-03-05 19:46:18.628451 UTC,2024-03-05 19:59:20.628451 UTC
13527463,4,1802,2024-07-23 18:09:18.628451 UTC,2024-07-23 18:10:53.628451 UTC
11080485,4,5896,2024-02-11 15:47:18.628451 UTC,2024-02-11 15:49:19.628451 UTC
1908549,4,4452,2023-09-23 02:27:58.052641 UTC,2023-09-23 02:35:56.052641 UTC
7979132,4,8420,2023-11-15 15:54:10.93634 UTC,2023-11-15 16:09:08.93634 UTC
13435627,4,7594,2024-07-17 15:05:18.628451 UTC,2024-07-17 15:06:09.628451 UTC
11314360,4,4988,2024-02-27 05:45:18.628451 UTC,2024-02-27 06:00:16.628451 UTC
10888283,4,4091,2024-01-29 20:14:18.628451 UTC,2024-01-29 20:16:13.628451 UTC
8962410,4,9828,2023-11-02 19:03:34.749663 UTC,2023-11-02 19:18:08.749663 UTC
12114897,4,7092,2024-04-20 13:52:18.628451 UTC,2024-04-20 13:52:33.628451 UTC
11364057,4,1956,2024-03-01 13:04:18.628451 UTC,2024-03-01 13:18:13.628451 UTC
11833248,4,3829,2024-04-01 20:13:18.628451 UTC,2024-04-01 20:22:09.628451 UTC
3984883,4,4407,2023-11-20 05:44:30.719616 UTC,2023-11-20 05:45:45.719616 UTC
11791607,4,504,2024-03-30 01:12:18.628451 UTC,2024-03-30 01:19:10.628451 UTC
3949644,4,4635,2023-10-24 09:42:30.719616 UTC,2023-10-24 09:48:19.719616 UTC
13241528,4,6574,2024-07-04 16:28:18.628451 UTC,2024-07-04 16:30:21.628451 UTC
5924372,4,9154,2023-10-05 09:29:46.226714 UTC,2023-10-05 09:43:10.226714 UTC
3951774,4,2113,2023-10-26 01:49:30.719616 UTC,2023-10-26 02:00:40.719616 UTC
11585940,4,10650,2024-03-16 08:26:18.628451 UTC,2024-03-16 08:31:59.628451 UTC
8890100,4,5066,2023-09-08 18:17:34.749663 UTC,2023-09-08 18:25:08.749663 UTC
10470399,4,7565,2024-01-01 23:37:18.628451 UTC,2024-01-01 23:49:39.628451 UTC
12430697,4,6793,2024-05-11 15:05:18.628451 UTC,2024-05-11 15:14:22.628451 UTC
12966236,4,7938,2024-06-16 08:57:18.628451 UTC,2024-06-16 09:07:43.628451 UTC
5920611,4,6547,2023-10-02 11:36:46.226714 UTC,2023-10-02 11:47:49.226714 UTC
12099011,4,4758,2024-04-19 12:29:18.628451 UTC,2024-04-19 12:39:09.628451 UTC
12675119,4,9861,2024-05-27 22:36:18.628451 UTC,2024-05-27 22:39:32.628451 UTC
11109740,4,1835,2024-02-13 14:23:18.628451 UTC,2024-02-13 14:31:00.628451 UTC
12449930,4,9535,2024-05-12 21:43:18.628451 UTC,2024-05-12 21:54:29.628451 UTC
13174493,4,7693,2024-06-30 06:13:18.628451 UTC,2024-06-30 06:24:10.628451 UTC
11472338,4,1328,2024-03-08 18:02:18.628451 UTC,2024-03-08 18:11:55.628451 UTC
1923712,4,5686,2023-10-04 16:23:58.052641 UTC,2023-10-04 16:30:02.052641 UTC
10001074,4,3814,2023-12-01 16:11:18.628451 UTC,2023-12-01 16:12:01.628451 UTC
2889814,4,8093,2023-09-08 14:17:18.81691 UTC,2023-09-08 14:31:27.81691 UTC
11319117,4,3441,2024-02-27 13:27:18.628451 UTC,2024-02-27 13:28:41.628451 UTC
13530280,4,7250,2024-07-23 22:53:18.628451 UTC,2024-07-23 22:55:26.628451 UTC
10784929,4,228,2024-01-22 22:51:18.628451 UTC,2024-01-22 22:51:23.628451 UTC
11000271,4,1604,2024-02-06 07:02:18.628451 UTC,2024-02-06 07:10:05.628451 UTC
10642155,4,352,2024-01-13 10:40:18.628451 UTC,2024-01-13 10:52:52.628451 UTC
12717443,4,1049,2024-05-30 18:46:18.628451 UTC,2024-05-30 18:54:38.628451 UTC
1964763,4,3815,2023-11-04 18:21:58.052641 UTC,2023-11-04 18:30:19.052641 UTC
13386123,4,812,2024-07-14 08:24:18.628451 UTC,2024-07-14 08:31:45.628451 UTC
10620200,4,1409,2024-01-11 23:26:18.628451 UTC,2024-01-11 23:34:59.628451 UTC
12710899,4,3903,2024-05-30 07:54:18.628451 UTC,2024-05-30 08:05:05.628451 UTC
1991910,4,4189,2023-11-25 10:28:58.052641 UTC,2023-11-25 10:33:03.052641 UTC
13499528,4,5566,2024-07-21 21:43:18.628451 UTC,2024-07-21 21:54:33.628451 UTC
5911839,4,4827,2023-09-25 19:55:46.226714 UTC,2023-09-25 19:56:37.226714 UTC
8987866,4,190,2023-11-22 08:42:34.749663 UTC,2023-11-22 08:49:28.749663 UTC
10452271,4,4194,2023-12-31 18:46:18.628451 UTC,2023-12-31 18:58:39.628451 UTC
5927498,4,4740,2023-10-07 17:55:46.226714 UTC,2023-10-07 17:57:46.226714 UTC
11674630,4,2583,2024-03-22 06:03:18.628451 UTC,2024-03-22 06:10:22.628451 UTC
9968096,4,2333,2023-11-07 07:50:18.628451 UTC,2023-11-07 08:02:24.628451 UTC
2933385,4,4949,2023-10-11 21:54:18.81691 UTC,2023-10-11 22:01:34.81691 UTC
2845479,4,2610,2023-08-06 09:10:18.81691 UTC,2023-08-06 09:19:49.81691 UTC
11605488,4,10353,2024-03-17 15:29:18.628451 UTC,2024-03-17 15:43:05.628451 UTC
11198548,4,1094,2024-02-19 12:50:18.628451 UTC,2024-02-19 12:58:06.628451 UTC
1992530,4,5449,2023-11-25 22:31:58.052641 UTC,2023-11-25 22:43:27.052641 UTC
13375426,4,7560,2024-07-13 15:18:18.628451 UTC,2024-07-13 15:26:54.628451 UTC
4987515,4,6465,2023-11-21 23:35:19.789965 UTC,2023-11-21 23:35:47.789965 UTC
10027409,4,4855,2023-12-03 10:10:18.628451 UTC,2023-12-03 10:19:26.628451 UTC
4965995,4,10230,2023-11-05 17:09:19.789965 UTC,2023-11-05 17:18:22.789965 UTC
3901157,4,10591,2023-09-17 16:10:30.719616 UTC,2023-09-17 16:15:56.719616 UTC
12048601,4,8388,2024-04-16 03:34:18.628451 UTC,2024-04-16 03:45:25.628451 UTC
3898154,4,2307,2023-09-15 08:15:30.719616 UTC,2023-09-15 08:26:42.719616 UTC
3854368,4,4400,2023-08-13 03:42:30.719616 UTC,2023-08-13 03:48:27.719616 UTC
6918900,4,5454,2023-10-01 02:23:33.269681 UTC,2023-10-01 02:29:17.269681 UTC
10538858,4,10436,2024-01-06 12:52:18.628451 UTC,2024-01-06 12:54:53.628451 UTC
12474464,4,5069,2024-05-14 13:22:18.628451 UTC,2024-05-14 13:27:18.628451 UTC
2941092,4,5688,2023-10-17 17:50:18.81691 UTC,2023-10-17 17:55:22.81691 UTC
10871630,4,2867,2024-01-28 17:37:18.628451 UTC,2024-01-28 17:47:24.628451 UTC
9828976,4,7357,2023-07-24 06:48:18.628451 UTC,2023-07-24 07:03:05.628451 UTC
12602976,4,2978,2024-05-23 02:08:18.628451 UTC,2024-05-23 02:08:56.628451 UTC
5880891,4,4645,2023-09-02 02:16:46.226714 UTC,2023-09-02 02:19:41.226714 UTC
12720266,4,1075,2024-05-30 23:09:18.628451 UTC,2024-05-30 23:15:52.628451 UTC
13099393,4,2978,2024-06-25 06:02:18.628451 UTC,2024-06-25 06:09:18.628451 UTC
10185368,4,7886,2023-12-14 00:01:18.628451 UTC,2023-12-14 00:13:26.628451 UTC
2907849,4,10309,2023-09-22 09:41:18.81691 UTC,2023-09-22 09:45:09.81691 UTC
10004943,4,6099,2023-12-01 22:18:18.628451 UTC,2023-12-01 22:32:39.628451 UTC
10603576,4,10251,2024-01-10 20:43:18.628451 UTC,2024-01-10 20:53:08.628451 UTC
4910009,4,4036,2023-09-24 12:16:19.789965 UTC,2023-09-24 12:22:59.789965 UTC
10127750,4,1017,2023-12-10 03:10:18.628451 UTC,2023-12-10 03:12:21.628451 UTC
10922446,4,8055,2024-02-01 02:07:18.628451 UTC,2024-02-01 02:10:47.628451 UTC
12667160,4,10666,2024-05-27 09:45:18.628451 UTC,2024-05-27 09:56:39.628451 UTC
10449675,5,8607,2023-12-31 14:42:18.628451 UTC,2023-12-31 14:51:18.628451 UTC
13366729,5,1871,2024-07-13 01:15:18.628451 UTC,2024-07-13 01:19:52.628451 UTC
3911891,5,9063,2023-09-25 20:03:30.719616 UTC,2023-09-25 20:14:26.719616 UTC
11410997,5,3118,2024-03-04 16:03:18.628451 UTC,2024-03-04 16:13:54.628451 UTC
12224267,5,672,2024-04-27 20:04:18.628451 UTC,2024-04-27 20:08:54.628451 UTC
7843909,5,7287,2023-08-05 05:02:10.93634 UTC,2023-08-05 05:06:11.93634 UTC
13284887,5,767,2024-07-07 13:52:18.628451 UTC,2024-07-07 13:59:58.628451 UTC
10202256,5,9130,2023-12-15 03:22:18.628451 UTC,2023-12-15 03:26:49.628451 UTC
12523928,5,6123,2024-05-17 20:19:18.628451 UTC,2024-05-17 20:21:06.628451 UTC
10462876,5,3790,2024-01-01 11:48:18.628451 UTC,2024-01-01 11:49:03.628451 UTC
12495710,5,518,2024-05-15 23:16:18.628451 UTC,2024-05-15 23:23:45.628451 UTC
12256087,5,3483,2024-04-29 23:16:18.628451 UTC,2024-04-29 23:24:40.628451 UTC
10225823,5,1733,2023-12-16 17:09:18.628451 UTC,2023-12-16 17:18:29.628451 UTC
12911927,5,3258,2024-06-12 18:00:18.628451 UTC,2024-06-12 18:07:31.628451 UTC
5996796,5,9158,2023-11-29 05:52:46.226714 UTC,2023-11-29 05:53:31.226714 UTC
922975,5,9965,2023-10-04 02:22:47.952295 UTC,2023-10-04 02:25:26.952295 UTC
11590393,5,8935,2024-03-16 15:34:18.628451 UTC,2024-03-16 15:38:09.628451 UTC
13518315,5,9831,2024-07-23 03:32:18.628451 UTC,2024-07-23 03:43:15.628451 UTC
13033378,5,7109,2024-06-20 20:21:18.628451 UTC,2024-06-20 20:21:22.628451 UTC
11441582,5,1859,2024-03-06 16:45:18.628451 UTC,2024-03-06 16:59:37.628451 UTC
10004414,5,7492,2023-12-01 21:27:18.628451 UTC,2023-12-01 21:38:40.628451 UTC
10725565,5,5584,2024-01-19 00:16:18.628451 UTC,2024-01-19 00:22:49.628451 UTC
13364890,5,8381,2024-07-12 22:14:18.628451 UTC,2024-07-12 22:22:45.628451 UTC
12597547,5,1493,2024-05-22 17:32:18.628451 UTC,2024-05-22 17:47:15.628451 UTC
11619609,5,5485,2024-03-18 14:06:18.628451 UTC,2024-03-18 14:07:19.628451 UTC
1963533,5,810,2023-11-03 19:59:58.052641 UTC,2023-11-03 20:11:00.052641 UTC
13093167,5,8512,2024-06-24 20:20:18.628451 UTC,2024-06-24 20:25:53.628451 UTC
10561600,5,4140,2024-01-08 01:23:18.628451 UTC,2024-01-08 01:28:26.628451 UTC
10704430,5,897,2024-01-17 14:26:18.628451 UTC,2024-01-17 14:36:10.628451 UTC
11504705,5,3200,2024-03-10 22:06:18.628451 UTC,2024-03-10 22:08:16.628451 UTC
4898319,5,1994,2023-09-15 16:22:19.789965 UTC,2023-09-15 16:30:56.789965 UTC
10778345,5,6691,2024-01-22 12:29:18.628451 UTC,2024-01-22 12:35:24.628451 UTC
10926839,5,5073,2024-02-01 09:15:18.628451 UTC,2024-02-01 09:25:56.628451 UTC
11281287,5,7918,2024-02-25 00:32:18.628451 UTC,2024-02-25 00:44:32.628451 UTC
10013271,5,8495,2023-12-02 11:47:18.628451 UTC,2023-12-02 11:49:20.628451 UTC
10002263,5,3281,2023-12-01 18:04:18.628451 UTC,2023-12-01 18:18:34.628451 UTC
11789651,5,5562,2024-03-29 22:05:18.628451 UTC,2024-03-29 22:18:13.628451 UTC
4877015,5,2369,2023-08-30 11:16:19.789965 UTC,2023-08-30 11:17:32.789965 UTC
10769630,5,4822,2024-01-21 22:48:18.628451 UTC,2024-01-21 22:53:11.628451 UTC
10722725,5,8488,2024-01-18 19:49:18.628451 UTC,2024-01-18 19:58:04.628451 UTC
10347948,5,7097,2023-12-24 20:19:18.628451 UTC,2023-12-24 20:33:41.628451 UTC
6855968,5,8566,2023-08-13 18:32:33.269681 UTC,2023-08-13 18:41:21.269681 UTC
10885033,5,7367,2024-01-29 15:01:18.628451 UTC,2024-01-29 15:11:02.628451 UTC
11062222,5,2173,2024-02-10 10:36:18.628451 UTC,2024-02-10 10:36:29.628451 UTC
13484066,5,5975,2024-07-20 20:41:18.628451 UTC,2024-07-20 20:47:07.628451 UTC
6870166,5,5161,2023-08-24 16:37:33.269681 UTC,2023-08-24 16:52:04.269681 UTC
10721773,5,3225,2024-01-18 18:16:18.628451 UTC,2024-01-18 18:29:55.628451 UTC
11220852,5,10430,2024-02-21 00:20:18.628451 UTC,2024-02-21 00:27:30.628451 UTC
8921001,5,3872,2023-10-02 07:26:34.749663 UTC,2023-10-02 07:30:48.749663 UTC
10004077,5,10182,2023-12-01 20:55:18.628451 UTC,2023-12-01 20:57:12.628451 UTC
13503096,5,910,2024-07-22 03:18:18.628451 UTC,2024-07-22 03:21:35.628451 UTC
10890029,5,9130,2024-01-29 23:00:18.628451 UTC,2024-01-29 23:10:22.628451 UTC
12325306,5,7778,2024-05-04 13:58:18.628451 UTC,2024-05-04 14:09:21.628451 UTC
13456236,5,4304,2024-07-19 00:12:18.628451 UTC,2024-07-19 00:16:44.628451 UTC
12261213,5,8414,2024-04-30 07:29:18.628451 UTC,2024-04-30 07:30:42.628451 UTC
11671905,5,8455,2024-03-22 01:46:18.628451 UTC,2024-03-22 01:59:52.628451 UTC
5996617,5,6836,2023-11-29 02:22:46.226714 UTC,2023-11-29 02:32:50.226714 UTC
11193998,5,6305,2024-02-19 05:23:18.628451 UTC,2024-02-19 05:32:11.628451 UTC
7898627,5,241,2023-09-15 16:19:10.93634 UTC,2023-09-15 16:23:20.93634 UTC
10731657,5,1231,2024-01-19 10:02:18.628451 UTC,2024-01-19 10:16:00.628451 UTC
11066606,5,3751,2024-02-10 17:35:18.628451 UTC,2024-02-10 17:43:06.628451 UTC
7868984,5,9591,2023-08-24 03:50:10.93634 UTC,2023-08-24 04:03:37.93634 UTC
10723226,5,4867,2024-01-18 20:38:18.628451 UTC,2024-01-18 20:43:16.628451 UTC
2988799,5,2658,2023-11-23 02:00:18.81691 UTC,2023-11-23 02:05:13.81691 UTC
3832810,5,5192,2023-07-27 21:22:30.719616 UTC,2023-07-27 21:23:31.719616 UTC
5997451,5,7002,2023-11-29 17:42:46.226714 UTC,2023-11-29 17:51:19.226714 UTC
10288172,5,2504,2023-12-20 21:07:18.628451 UTC,2023-12-20 21:12:08.628451 UTC
10242689,5,7554,2023-12-17 20:21:18.628451 UTC,2023-12-17 20:33:00.628451 UTC
13340095,5,4797,2024-07-11 06:36:18.628451 UTC,2024-07-11 06:45:10.628451 UTC
11315659,5,5154,2024-02-27 07:52:18.628451 UTC,2024-02-27 07:55:03.628451 UTC
11609775,5,803,2024-03-17 22:25:18.628451 UTC,2024-03-17 22:32:56.628451 UTC
11945732,5,9177,2024-04-09 08:00:18.628451 UTC,2024-04-09 08:13:29.628451 UTC
8917817,5,3468,2023-09-29 21:29:34.749663 UTC,2023-09-29 21:32:03.749663 UTC
13048139,5,7840,2024-06-21 19:59:18.628451 UTC,2024-06-21 20:02:51.628451 UTC
2841816,5,7996,2023-08-03 15:38:18.81691 UTC,2023-08-03 15:44:34.81691 UTC
5950565,5,9492,2023-10-25 02:36:46.226714 UTC,2023-10-25 02:41:14.226714 UTC
11011207,5,829,2024-02-07 00:30:18.628451 UTC,2024-02-07 00:45:02.628451 UTC
1929205,5,1530,2023-10-08 20:50:58.052641 UTC,2023-10-08 21:00:55.052641 UTC
13375410,5,1311,2024-07-13 15:16:18.628451 UTC,2024-07-13 15:24:04.628451 UTC
10532822,5,5555,2024-01-06 03:13:18.628451 UTC,2024-01-06 03:26:03.628451 UTC
11440048,5,135,2024-03-06 14:18:18.628451 UTC,2024-03-06 14:28:40.628451 UTC
11516509,5,5213,2024-03-11 17:15:18.628451 UTC,2024-03-11 17:24:29.628451 UTC
3888281,5,9400,2023-09-07 23:48:30.719616 UTC,2023-09-08 00:03:08.719616 UTC
12895219,5,7290,2024-06-11 15:01:18.628451 UTC,2024-06-11 15:03:14.628451 UTC
8914462,5,5533,2023-09-27 09:08:34.749663 UTC,2023-09-27 09:20:41.749663 UTC
9871330,5,481,2023-08-25 10:39:18.628451 UTC,2023-08-25 10:47:34.628451 UTC
4856231,5,2052,2023-08-14 13:53:19.789965 UTC,2023-08-14 13:59:48.789965 UTC
840211,5,6292,2023-08-01 22:41:47.952295 UTC,2023-08-01 22:54:27.952295 UTC
11299396,5,6829,2024-02-26 05:43:18.628451 UTC,2024-02-26 05:48:01.628451 UTC
9830507,5,10400,2023-07-25 09:46:18.628451 UTC,2023-07-25 09:58:52.628451 UTC
9997109,5,3835,2023-11-29 10:17:18.628451 UTC,2023-11-29 10:26:17.628451 UTC
8854848,5,4253,2023-08-13 01:50:34.749663 UTC,2023-08-13 02:03:00.749663 UTC
9847999,5,806,2023-08-07 14:03:18.628451 UTC,2023-08-07 14:12:59.628451 UTC
10938813,5,9148,2024-02-02 04:32:18.628451 UTC,2024-02-02 04:47:02.628451 UTC
2932355,5,7990,2023-10-11 04:06:18.81691 UTC,2023-10-11 04:17:20.81691 UTC
10042484,5,8076,2023-12-04 10:44:18.628451 UTC,2023-12-04 10:55:24.628451 UTC
7829125,5,6889,2023-07-25 03:40:10.93634 UTC,2023-07-25 03:53:41.93634 UTC
4928151,5,9538,2023-10-08 03:42:19.789965 UTC,2023-10-08 03:55:12.789965 UTC
13072730,5,8701,2024-06-23 11:44:18.628451 UTC,2024-06-23 11:53:09.628451 UTC
1880910,5,9874,2023-09-02 05:51:58.052641 UTC,2023-09-02 05:59:48.052641 UTC
10606808,5,6034,2024-01-11 01:54:18.628451 UTC,2024-01-11 02:04:15.628451 UTC
13444938,5,2173,2024-07-18 06:06:18.628451 UTC,2024-07-18 06:19:40.628451 UTC
13317187,5,2164,2024-07-09 17:48:18.628451 UTC,2024-07-09 17:56:59.628451 UTC
11133196,5,2915,2024-02-15 04:07:18.628451 UTC,2024-02-15 04:07:25.628451 UTC
10860407,5,3813,2024-01-27 23:44:18.628451 UTC,2024-01-27 23:56:38.628451 UTC
11304782,5,3002,2024-02-26 14:15:18.628451 UTC,2024-02-26 14:25:11.628451 UTC
9836496,5,6585,2023-07-30 01:13:18.628451 UTC,2023-07-30 01:23:23.628451 UTC
11804452,5,1372,2024-03-30 21:54:18.628451 UTC,2024-03-30 21:59:42.628451 UTC
11863910,5,3843,2024-04-03 21:21:18.628451 UTC,2024-04-03 21:33:12.628451 UTC
10752608,5,6708,2024-01-20 19:35:18.628451 UTC,2024-01-20 19:49:57.628451 UTC
3999885,5,3001,2023-12-01 12:26:30.719616 UTC,2023-12-01 12:38:57.719616 UTC
10282397,6,10585,2023-12-20 11:51:18.628451 UTC,2023-12-20 12:04:01.628451 UTC
13443749,6,2904,2024-07-18 04:05:18.628451 UTC,2024-07-18 04:09:38.628451 UTC
1999010,6,985,2023-11-30 20:27:58.052641 UTC,2023-11-30 20:37:49.052641 UTC
8871884,6,998,2023-08-25 22:38:34.749663 UTC,2023-08-25 22:39:30.749663 UTC
10156382,6,3010,2023-12-12 01:51:18.628451 UTC,2023-12-12 02:00:38.628451 UTC
12900306,6,4666,2024-06-11 23:14:18.628451 UTC,2024-06-11 23:14:19.628451 UTC
3905069,6,10220,2023-09-20 15:11:30.719616 UTC,2023-09-20 15:19:00.719616 UTC
9995031,6,3313,2023-11-27 21:21:18.628451 UTC,2023-11-27 21:30:05.628451 UTC
6992644,6,10512,2023-11-25 23:07:33.269681 UTC,2023-11-25 23:19:01.269681 UTC
10775779,6,8299,2024-01-22 08:26:18.628451 UTC,2024-01-22 08:26:56.628451 UTC
11891991,6,7577,2024-04-05 18:31:18.628451 UTC,2024-04-05 18:34:40.628451 UTC
10438212,6,5079,2023-12-30 20:05:18.628451 UTC,2023-12-30 20:07:56.628451 UTC
10374824,6,8549,2023-12-26 15:01:18.628451 UTC,2023-12-26 15:03:24.628451 UTC
12680565,6,1347,2024-05-28 07:23:18.628451 UTC,2024-05-28 07:33:52.628451 UTC
12656119,6,6476,2024-05-26 15:56:18.628451 UTC,2024-05-26 16:09:40.628451 UTC
1953501,6,7446,2023-10-27 06:18:58.052641 UTC,2023-10-27 06:29:15.052641 UTC
12223850,6,7512,2024-04-27 19:25:18.628451 UTC,2024-04-27 19:39:18.628451 UTC
13312102,6,9710,2024-07-09 09:39:18.628451 UTC,2024-07-09 09:47:10.628451 UTC
5975458,6,3043,2023-11-13 01:10:46.226714 UTC,2023-11-13 01:14:51.226714 UTC
11190326,6,1689,2024-02-18 23:34:18.628451 UTC,2024-02-18 23:41:11.628451 UTC
11914549,6,6327,2024-04-07 06:37:18.628451 UTC,2024-04-07 06:41:03.628451 UTC
8905512,6,385,2023-09-20 13:47:34.749663 UTC,2023-09-20 13:56:06.749663 UTC
3998691,6,7466,2023-11-30 14:45:30.719616 UTC,2023-11-30 14:50:40.719616 UTC
10595722,6,9720,2024-01-10 08:11:18.628451 UTC,2024-01-10 08:21:06.628451 UTC
10858522,6,10007,2024-01-27 20:38:18.628451 UTC,2024-01-27 20:40:06.628451 UTC
3974290,6,10178,2023-11-12 03:34:30.719616 UTC,2023-11-12 03:40:08.719616 UTC
12243721,6,4016,2024-04-29 03:15:18.628451 UTC,2024-04-29 03:18:51.628451 UTC
12990018,6,2992,2024-06-17 22:53:18.628451 UTC,2024-06-17 22:55:29.628451 UTC
10395659,6,391,2023-12-28 00:37:18.628451 UTC,2023-12-28 00:45:56.628451 UTC
10221668,6,4459,2023-12-16 10:26:18.628451 UTC,2023-12-16 10:26:20.628451 UTC
10104025,6,9159,2023-12-08 13:08:18.628451 UTC,2023-12-08 13:21:03.628451 UTC
12594059,6,9285,2024-05-22 11:58:18.628451 UTC,2024-05-22 12:02:54.628451 UTC
9998038,6,8966,2023-11-30 03:03:18.628451 UTC,2023-11-30 03:08:11.628451 UTC
12909089,6,7097,2024-06-12 13:22:18.628451 UTC,2024-06-12 13:36:34.628451 UTC
12621520,6,3228,2024-05-24 08:07:18.628451 UTC,2024-05-24 08:08:49.628451 UTC
7906310,6,1204,2023-09-21 12:22:10.93634 UTC,2023-09-21 12:29:51.93634 UTC
13351606,6,10603,2024-07-12 00:48:18.628451 UTC,2024-07-12 00:52:33.628451 UTC
7887229,6,1259,2023-09-07 00:03:10.93634 UTC,2023-09-07 00:13:53.93634 UTC
10345320,6,6496,2023-12-24 16:04:18.628451 UTC,2023-12-24 16:07:44.628451 UTC
1884858,6,8856,2023-09-05 04:22:58.052641 UTC,2023-09-05 04:29:12.052641 UTC
950643,6,8196,2023-10-25 05:37:47.952295 UTC,2023-10-25 05:52:37.952295 UTC
11223250,6,4759,2024-02-21 04:07:18.628451 UTC,2024-02-21 04:17:12.628451 UTC
10461801,6,4444,2024-01-01 10:05:18.628451 UTC,2024-01-01 10:07:58.628451 UTC
13076853,6,6013,2024-06-23 18:27:18.628451 UTC,2024-06-23 18:29:55.628451 UTC
5971541,6,3788,2023-11-10 01:51:46.226714 UTC,2023-11-10 01:56:11.226714 UTC
10082233,6,2155,2023-12-07 02:00:18.628451 UTC,2023-12-07 02:13:16.628451 UTC
1934528,6,6675,2023-10-12 21:39:58.052641 UTC,2023-10-12 21:52:50.052641 UTC
11222692,6,7125,2024-02-21 03:13:18.628451 UTC,2024-02-21 03:21:52.628451 UTC
5890169,6,7055,2023-09-09 04:00:46.226714 UTC,2023-09-09 04:13:48.226714 UTC
12824893,6,1227,2024-06-06 22:10:18.628451 UTC,2024-06-06 22:23:06.628451 UTC
11560347,6,1536,2024-03-14 15:14:18.628451 UTC,2024-03-14 15:18:37.628451 UTC
11060503,6,8451,2024-02-10 07:51:18.628451 UTC,2024-02-10 08:06:13.628451 UTC
6887428,6,3467,2023-09-06 22:00:33.269681 UTC,2023-09-06 22:11:12.269681 UTC
7974563,6,801,2023-11-12 05:45:10.93634 UTC,2023-11-12 05:51:19.93634 UTC
1940174,6,1573,2023-10-17 03:56:58.052641 UTC,2023-10-17 04:07:08.052641 UTC
9829217,6,3341,2023-07-24 11:18:18.628451 UTC,2023-07-24 11:21:06.628451 UTC
10630235,6,2175,2024-01-12 15:21:18.628451 UTC,2024-01-12 15:33:08.628451 UTC
10757241,6,3847,2024-01-21 03:06:18.628451 UTC,2024-01-21 03:07:43.628451 UTC
12722179,6,8165,2024-05-31 02:13:18.628451 UTC,2024-05-31 02:22:21.628451 UTC
11851133,6,4619,2024-04-03 00:58:18.628451 UTC,2024-04-03 01:04:55.628451 UTC
1961608,6,2540,2023-11-02 09:39:58.052641 UTC,2023-11-02 09:45:45.052641 UTC
1918539,6,1989,2023-09-30 17:25:58.052641 UTC,2023-09-30 17:27:19.052641 UTC
11757013,6,4464,2024-03-27 17:42:18.628451 UTC,2024-03-27 17:45:34.628451 UTC
13071533,6,3573,2024-06-23 09:46:18.628451 UTC,2024-06-23 09:54:18.628451 UTC
12408417,6,412,2024-05-10 03:27:18.628451 UTC,2024-05-10 03:35:18.628451 UTC
11717837,6,6054,2024-03-25 03:19:18.628451 UTC,2024-03-25 03:28:53.628451 UTC
12303978,6,7751,2024-05-03 03:55:18.628451 UTC,2024-05-03 04:10:17.628451 UTC
873463,6,9022,2023-08-27 07:40:47.952295 UTC,2023-08-27 07:45:12.952295 UTC
11803547,6,625,2024-03-30 20:25:18.628451 UTC,2024-03-30 20:38:14.628451 UTC
12036987,6,9710,2024-04-15 09:04:18.628451 UTC,2024-04-15 09:07:26.628451 UTC
5933518,6,1342,2023-10-12 06:04:46.226714 UTC,2023-10-12 06:10:00.226714 UTC
10612356,6,8143,2024-01-11 10:52:18.628451 UTC,2024-01-11 11:00:18.628451 UTC
10299081,6,8356,2023-12-21 14:35:18.628451 UTC,2023-12-21 14:37:43.628451 UTC
3828489,6,7284,2023-07-24 14:34:30.719616 UTC,2023-07-24 14:46:52.719616 UTC
10746965,6,26,2024-01-20 10:34:18.628451 UTC,2024-01-20 10:44:53.628451 UTC
12134697,6,341,2024-04-21 21:29:18.628451 UTC,2024-04-21 21:32:53.628451 UTC
4999904,6,2788,2023-12-01 12:15:19.789965 UTC,2023-12-01 12:16:25.789965 UTC
11929243,6,3142,2024-04-08 05:51:18.628451 UTC,2024-04-08 06:00:14.628451 UTC
6838712,6,4183,2023-07-31 16:49:33.269681 UTC,2023-07-31 16:57:49.269681 UTC
6952237,6,8809,2023-10-26 11:55:33.269681 UTC,2023-10-26 11:57:20.269681 UTC
13191024,6,4319,2024-07-01 08:05:18.628451 UTC,2024-07-01 08:16:57.628451 UTC
12715930,6,2971,2024-05-30 16:09:18.628451 UTC,2024-05-30 16:20:53.628451 UTC
12981928,6,4071,2024-06-17 09:57:18.628451 UTC,2024-06-17 10:09:01.628451 UTC
1961476,6,1140,2023-11-02 06:51:58.052641 UTC,2023-11-02 06:58:58.052641 UTC
11138620,6,90,2024-02-15 12:42:18.628451 UTC,2024-02-15 12:48:42.628451 UTC
5953137,6,4079,2023-10-27 01:26:46.226714 UTC,2023-10-27 01:38:26.226714 UTC
12294397,6,8749,2024-05-02 12:37:18.628451 UTC,2024-05-02 12:51:28.628451 UTC
10863193,6,2731,2024-01-28 04:07:18.628451 UTC,2024-01-28 04:15:25.628451 UTC
13195528,6,3088,2024-07-01 15:16:18.628451 UTC,2024-07-01 15:24:00.628451 UTC
10594826,6,10272,2024-01-10 06:41:18.628451 UTC,2024-01-10 06:47:34.628451 UTC
5879962,6,3528,2023-09-01 09:35:46.226714 UTC,2023-09-01 09:50:08.226714 UTC
12570043,6,3153,2024-05-20 21:44:18.628451 UTC,2024-05-20 21:56:24.628451 UTC
11341925,6,2483,2024-02-29 01:53:18.628451 UTC,2024-02-29 01:57:57.628451 UTC
10506410,6,5897,2024-01-04 08:34:18.628451 UTC,2024-01-04 08:41:30.628451 UTC
11077901,6,10332,2024-02-11 11:38:18.628451 UTC,2024-02-11 11:38:39.628451 UTC
10854717,6,5209,2024-01-27 14:36:18.628451 UTC,2024-01-27 14:39:44.628451 UTC
11684235,6,10409,2024-03-22 21:32:18.628451 UTC,2024-03-22 21:38:19.628451 UTC
8928795,6,1613,2023-10-08 03:24:34.749663 UTC,2023-10-08 03:26:31.749663 UTC
13122373,6,8488,2024-06-26 18:46:18.628451 UTC,2024-06-26 18:56:20.628451 UTC
9840104,6,10333,2023-08-01 16:25:18.628451 UTC,2023-08-01 16:35:06.628451 UTC
12785163,6,2708,2024-06-04 07:08:18.628451 UTC,2024-06-04 07:10:14.628451 UTC
12578701,6,4651,2024-05-21 11:31:18.628451 UTC,2024-05-21 11:37:54.628451 UTC
11712495,6,3284,2024-03-24 18:39:18.628451 UTC,2024-03-24 18:39:46.628451 UTC
13286862,6,8311,2024-07-07 17:05:18.628451 UTC,2024-07-07 17:19:20.628451 UTC
5897378,6,8444,2023-09-14 16:42:46.226714 UTC,2023-09-14 16:52:35.226714 UTC
11372960,6,10685,2024-03-02 03:13:18.628451 UTC,2024-03-02 03:17:04.628451 UTC
12309930,6,4472,2024-05-03 13:30:18.628451 UTC,2024-05-03 13:40:17.628451 UTC
13018919,6,3177,2024-06-19 20:58:18.628451 UTC,2024-06-19 21:12:16.628451 UTC
2848061,6,4027,2023-08-08 07:05:18.81691 UTC,2023-08-08 07:06:39.81691 UTC
8965309,6,7776,2023-11-04 23:26:34.749663 UTC,2023-11-04 23:33:26.749663 UTC
12423399,6,7643,2024-05-11 03:27:18.628451 UTC,2024-05-11 03:41:42.628451 UTC
3998293,6,2036,2023-11-30 07:27:30.719616 UTC,2023-11-30 07:31:54.719616 UTC
10122543,6,756,2023-12-09 18:47:18.628451 UTC,2023-12-09 18:47:30.628451 UTC
4955338,6,7289,2023-10-28 13:41:19.789965 UTC,2023-10-28 13:53:20.789965 UTC
12273918,6,10113,2024-05-01 04:02:18.628451 UTC,2024-05-01 04:11:23.628451 UTC
11829911,7,3390,2024-04-01 14:47:18.628451 UTC,2024-04-01 14:51:37.628451 UTC
4833795,7,6547,2023-07-28 09:26:19.789965 UTC,2023-07-28 09:38:25.789965 UTC
4878244,7,7174,2023-08-31 09:40:19.789965 UTC,2023-08-31 09:43:01.789965 UTC
13185334,7,8673,2024-06-30 23:09:18.628451 UTC,2024-06-30 23:20:04.628451 UTC
10782972,7,6311,2024-01-22 19:43:18.628451 UTC,2024-01-22 19:46:58.628451 UTC
10372332,7,2397,2023-12-26 11:05:18.628451 UTC,2023-12-26 11:11:31.628451 UTC
11270779,7,2591,2024-02-24 07:58:18.628451 UTC,2024-02-24 08:02:43.628451 UTC
11297382,7,4051,2024-02-26 02:33:18.628451 UTC,2024-02-26 02:48:04.628451 UTC
12952625,7,9109,2024-06-15 11:03:18.628451 UTC,2024-06-15 11:08:25.628451 UTC
12703765,7,2501,2024-05-29 20:30:18.628451 UTC,2024-05-29 20:32:31.628451 UTC
12911340,7,1521,2024-06-12 17:04:18.628451 UTC,2024-06-12 17:10:05.628451 UTC
7903076,7,9091,2023-09-19 02:23:10.93634 UTC,2023-09-19 02:29:26.93634 UTC
13267418,7,4608,2024-07-06 10:01:18.628451 UTC,2024-07-06 10:11:44.628451 UTC
11168072,7,8468,2024-02-17 11:36:18.628451 UTC,2024-02-17 11:40:18.628451 UTC
12603015,7,49,2024-05-23 02:13:18.628451 UTC,2024-05-23 02:26:57.628451 UTC
6851473,7,1499,2023-08-10 09:30:33.269681 UTC,2023-08-10 09:37:51.269681 UTC
10883531,7,8779,2024-01-29 12:35:18.628451 UTC,2024-01-29 12:40:59.628451 UTC
880473,7,5520,2023-09-01 16:15:47.952295 UTC,2023-09-01 16:24:50.952295 UTC
12837173,7,2005,2024-06-07 17:55:18.628451 UTC,2024-06-07 18:10:06.628451 UTC
11361615,7,4214,2024-03-01 09:20:18.628451 UTC,2024-03-01 09:27:41.628451 UTC
10913717,7,8487,2024-01-31 12:04:18.628451 UTC,2024-01-31 12:06:18.628451 UTC
10607865,7,5103,2024-01-11 03:35:18.628451 UTC,2024-01-11 03:38:20.628451 UTC
4846204,7,1451,2023-08-06 17:43:19.789965 UTC,2023-08-06 17:48:16.789965 UTC
10188126,7,1438,2023-12-14 04:29:18.628451 UTC,2023-12-14 04:43:58.628451 UTC
13298003,7,4187,2024-07-08 11:08:18.628451 UTC,2024-07-08 11:14:20.628451 UTC
13519788,7,9754,2024-07-23 05:52:18.628451 UTC,2024-07-23 05:53:53.628451 UTC
11389351,7,1849,2024-03-03 05:46:18.628451 UTC,2024-03-03 05:52:49.628451 UTC
10863899,7,2461,2024-01-28 05:11:18.628451 UTC,2024-01-28 05:24:36.628451 UTC
10661520,7,10420,2024-01-14 17:53:18.628451 UTC,2024-01-14 18:05:12.628451 UTC
10390493,7,6479,2023-12-27 16:32:18.628451 UTC,2023-12-27 16:39:00.628451 UTC
11912078,7,9836,2024-04-07 02:37:18.628451 UTC,2024-04-07 02:39:21.628451 UTC
4987978,7,6462,2023-11-22 08:09:19.789965 UTC,2023-11-22 08:12:10.789965 UTC
12867969,7,6964,2024-06-09 19:45:18.628451 UTC,2024-06-09 19:50:05.628451 UTC
13286586,7,9855,2024-07-07 16:35:18.628451 UTC,2024-07-07 16:49:39.628451 UTC
12586861,7,6635,2024-05-22 00:35:18.628451 UTC,2024-05-22 00:41:16.628451 UTC
1986401,7,9165,2023-11-21 06:27:58.052641 UTC,2023-11-21 06:35:38.052641 UTC
11241215,7,9366,2024-02-22 08:53:18.628451 UTC,2024-02-22 09:06:33.628451 UTC
7855324,7,8480,2023-08-13 18:18:10.93634 UTC,2023-08-13 18:27:04.93634 UTC
11589920,7,925,2024-03-16 14:49:18.628451 UTC,2024-03-16 14:55:34.628451 UTC
10937835,7,2926,2024-02-02 02:59:18.628451 UTC,2024-02-02 03:06:58.628451 UTC
3918853,7,5615,2023-10-01 02:03:30.719616 UTC,2023-10-01 02:05:57.719616 UTC
12107250,7,4062,2024-04-20 01:44:18.628451 UTC,2024-04-20 01:45:17.628451 UTC
9986060,7,7410,2023-11-21 01:07:18.628451 UTC,2023-11-21 01:11:45.628451 UTC
12536334,7,654,2024-05-18 16:03:18.628451 UTC,2024-05-18 16:07:23.628451 UTC
10036475,7,1043,2023-12-04 00:55:18.628451 UTC,2023-12-04 01:01:27.628451 UTC
10611979,7,8808,2024-01-11 10:17:18.628451 UTC,2024-01-11 10:20:47.628451 UTC
1991191,7,7367,2023-11-24 21:02:58.052641 UTC,2023-11-24 21:13:17.052641 UTC
2950779,7,6456,2023-10-25 04:51:18.81691 UTC,2023-10-25 04:55:05.81691 UTC
11625881,7,8178,2024-03-18 23:59:18.628451 UTC,2024-03-19 00:00:51.628451 UTC
10783073,7,4539,2024-01-22 19:53:18.628451 UTC,2024-01-22 20:01:53.628451 UTC
12281325,7,6692,2024-05-01 15:44:18.628451 UTC,2024-05-01 15:45:22.628451 UTC
10677569,7,611,2024-01-15 19:39:18.628451 UTC,2024-01-15 19:45:22.628451 UTC
6882561,7,7675,2023-09-03 03:29:33.269681 UTC,2023-09-03 03:33:44.269681 UTC
12243505,7,8101,2024-04-29 02:55:18.628451 UTC,2024-04-29 03:03:00.628451 UTC
12582617,7,9390,2024-05-21 17:51:18.628451 UTC,2024-05-21 17:59:08.628451 UTC
13176685,7,3683,2024-06-30 09:38:18.628451 UTC,2024-06-30 09:50:13.628451 UTC
7883331,7,3829,2023-09-04 02:12:10.93634 UTC,2023-09-04 02:17:58.93634 UTC
4901382,7,4133,2023-09-18 01:11:19.789965 UTC,2023-09-18 01:17:33.789965 UTC
13243903,7,10036,2024-07-04 20:15:18.628451 UTC,2024-07-04 20:24:55.628451 UTC
7964511,7,3825,2023-11-04 15:01:10.93634 UTC,2023-11-04 15:13:25.93634 UTC
1962842,7,5194,2023-11-03 07:21:58.052641 UTC,2023-11-03 07:32:48.052641 UTC
7844286,7,7881,2023-08-05 11:58:10.93634 UTC,2023-08-05 12:01:19.93634 UTC
10194283,7,9883,2023-12-14 14:21:18.628451 UTC,2023-12-14 14:25:10.628451 UTC
5982381,7,5246,2023-11-18 07:53:46.226714 UTC,2023-11-18 08:01:20.226714 UTC
7867213,7,1633,2023-08-22 19:10:10.93634 UTC,2023-08-22 19:20:55.93634 UTC
11439324,7,4772,2024-03-06 13:07:18.628451 UTC,2024-03-06 13:16:58.628451 UTC
6957413,7,2561,2023-10-30 10:31:33.269681 UTC,2023-10-30 10:45:42.269681 UTC
8858738,7,2088,2023-08-16 02:37:34.749663 UTC,2023-08-16 02:39:19.749663 UTC
10825861,7,8402,2024-01-25 16:17:18.628451 UTC,2024-01-25 16:21:57.628451 UTC
10397051,7,7003,2023-12-28 02:51:18.628451 UTC,2023-12-28 03:01:06.628451 UTC
11548266,7,4296,2024-03-13 19:51:18.628451 UTC,2024-03-13 20:02:13.628451 UTC
11491149,7,6204,2024-03-10 00:18:18.628451 UTC,2024-03-10 00:33:17.628451 UTC
10887601,7,4832,2024-01-29 19:13:18.628451 UTC,2024-01-29 19:27:30.628451 UTC
10714461,7,10257,2024-01-18 06:46:18.628451 UTC,2024-01-18 06:49:58.628451 UTC
912515,7,8537,2023-09-26 02:40:47.952295 UTC,2023-09-26 02:43:36.952295 UTC
11357482,7,5824,2024-03-01 02:38:18.628451 UTC,2024-03-01 02:42:11.628451 UTC
12578465,7,8920,2024-05-21 11:10:18.628451 UTC,2024-05-21 11:23:53.628451 UTC
11743875,7,4792,2024-03-26 21:00:18.628451 UTC,2024-03-26 21:01:26.628451 UTC
12152698,7,3331,2024-04-23 02:14:18.628451 UTC,2024-04-23 02:14:54.628451 UTC
12894630,7,5424,2024-06-11 14:05:18.628451 UTC,2024-06-11 14:15:35.628451 UTC
12982243,7,8526,2024-06-17 10:25:18.628451 UTC,2024-06-17 10:36:22.628451 UTC
13078130,7,947,2024-06-23 20:29:18.628451 UTC,2024-06-23 20:30:16.628451 UTC
12698694,7,7976,2024-05-29 12:31:18.628451 UTC,2024-05-29 12:34:30.628451 UTC
4993280,7,6289,2023-11-26 11:04:19.789965 UTC,2023-11-26 11:13:20.789965 UTC
5970194,7,9458,2023-11-09 01:58:46.226714 UTC,2023-11-09 02:13:18.226714 UTC
12990661,7,5986,2024-06-17 23:53:18.628451 UTC,2024-06-17 23:55:31.628451 UTC
10898858,7,43,2024-01-30 12:50:18.628451 UTC,2024-01-30 12:51:29.628451 UTC
13220488,7,3463,2024-07-03 07:29:18.628451 UTC,2024-07-03 07:34:23.628451 UTC
6844951,7,6505,2023-08-05 10:37:33.269681 UTC,2023-08-05 10:45:40.269681 UTC
12351118,7,3053,2024-05-06 07:26:18.628451 UTC,2024-05-06 07:35:53.628451 UTC
10807111,7,8013,2024-01-24 10:21:18.628451 UTC,2024-01-24 10:31:10.628451 UTC
10222560,7,3422,2023-12-16 11:51:18.628451 UTC,2023-12-16 12:03:58.628451 UTC
11757260,7,5269,2024-03-27 18:06:18.628451 UTC,2024-03-27 18:13:26.628451 UTC
10280390,7,5834,2023-12-20 08:30:18.628451 UTC,2023-12-20 08:39:23.628451 UTC
6975816,7,10662,2023-11-13 07:44:33.269681 UTC,2023-11-13 07:46:26.269681 UTC
8995644,7,1654,2023-11-28 07:18:34.749663 UTC,2023-11-28 07:27:22.749663 UTC
12187261,7,6607,2024-04-25 09:03:18.628451 UTC,2024-04-25 09:11:43.628451 UTC
10471735,7,4079,2024-01-02 01:41:18.628451 UTC,2024-01-02 01:48:30.628451 UTC
10090200,7,5322,2023-12-07 14:43:18.628451 UTC,2023-12-07 14:54:20.628451 UTC
12777274,7,6364,2024-06-03 18:28:18.628451 UTC,2024-06-03 18:28:35.628451 UTC
1870696,7,4731,2023-08-25 12:35:58.052641 UTC,2023-08-25 12:42:21.052641 UTC
12107041,7,5666,2024-04-20 01:26:18.628451 UTC,2024-04-20 01:31:54.628451 UTC
10659702,7,9980,2024-01-14 15:02:18.628451 UTC,2024-01-14 15:13:42.628451 UTC
12165654,7,905,2024-04-23 22:33:18.628451 UTC,2024-04-23 22:42:44.628451 UTC
12483391,7,10523,2024-05-15 03:31:18.628451 UTC,2024-05-15 03:42:21.628451 UTC
12237857,7,6890,2024-04-28 17:55:18.628451 UTC,2024-04-28 18:06:19.628451 UTC
959242,7,10248,2023-10-31 18:21:47.952295 UTC,2023-10-31 18:35:54.952295 UTC
12640863,8,6369,2024-05-25 15:18:18.628451 UTC,2024-05-25 15:29:13.628451 UTC
12925608,8,4606,2024-06-13 15:38:18.628451 UTC,2024-06-13 15:49:52.628451 UTC
10918397,8,9547,2024-01-31 19:35:18.628451 UTC,2024-01-31 19:44:40.628451 UTC
6907669,8,2953,2023-09-22 10:34:33.269681 UTC,2023-09-22 10:43:45.269681 UTC
8904420,8,8397,2023-09-19 18:37:34.749663 UTC,2023-09-19 18:50:20.749663 UTC
12518477,8,248,2024-05-17 11:39:18.628451 UTC,2024-05-17 11:41:45.628451 UTC
8874988,8,2836,2023-08-28 07:55:34.749663 UTC,2023-08-28 07:58:56.749663 UTC
9841532,8,5807,2023-08-02 16:51:18.628451 UTC,2023-08-02 16:52:21.628451 UTC
2935354,8,4592,2023-10-13 09:13:18.81691 UTC,2023-10-13 09:25:38.81691 UTC
12416361,8,7223,2024-05-10 16:08:18.628451 UTC,2024-05-10 16:11:29.628451 UTC
10499375,8,1469,2024-01-03 21:23:18.628451 UTC,2024-01-03 21:25:30.628451 UTC
11372663,8,870,2024-03-02 02:45:18.628451 UTC,2024-03-02 02:58:41.628451 UTC
10138261,8,3280,2023-12-10 20:07:18.628451 UTC,2023-12-10 20:18:42.628451 UTC
11254603,8,6855,2024-02-23 06:19:18.628451 UTC,2024-02-23 06:20:27.628451 UTC
11918971,8,4366,2024-04-07 13:38:18.628451 UTC,2024-04-07 13:45:25.628451 UTC
12985513,8,8908,2024-06-17 15:44:18.628451 UTC,2024-06-17 15:58:12.628451 UTC
6893331,8,4059,2023-09-11 10:54:33.269681 UTC,2023-09-11 10:57:25.269681 UTC
1842425,8,7919,2023-08-03 20:14:58.052641 UTC,2023-08-03 20:18:10.052641 UTC
12909507,8,5786,2024-06-12 14:05:18.628451 UTC,2024-06-12 14:08:16.628451 UTC
3975640,8,2350,2023-11-13 04:06:30.719616 UTC,2023-11-13 04:08:15.719616 UTC
10842758,8,7268,2024-01-26 19:06:18.628451 UTC,2024-01-26 19:08:21.628451 UTC
11765444,8,9246,2024-03-28 07:13:18.628451 UTC,2024-03-28 07:14:15.628451 UTC
11489502,8,5799,2024-03-09 21:44:18.628451 UTC,2024-03-09 21:57:45.628451 UTC
10395981,8,10555,2023-12-28 01:10:18.628451 UTC,2023-12-28 01:15:22.628451 UTC
13447383,8,5922,2024-07-18 09:57:18.628451 UTC,2024-07-18 09:59:38.628451 UTC
12545967,8,5604,2024-05-19 07:34:18.628451 UTC,2024-05-19 07:46:36.628451 UTC
11763391,8,5720,2024-03-28 03:55:18.628451 UTC,2024-03-28 04:08:33.628451 UTC
1950577,8,4890,2023-10-25 00:28:58.052641 UTC,2023-10-25 00:36:06.052641 UTC
12311033,8,4234,2024-05-03 15:11:18.628451 UTC,2024-05-03 15:25:34.628451 UTC
13301717,8,7159,2024-07-08 16:55:18.628451 UTC,2024-07-08 17:05:09.628451 UTC
12867518,8,384,2024-06-09 19:00:18.628451 UTC,2024-06-09 19:13:11.628451 UTC
13389037,8,5447,2024-07-14 13:00:18.628451 UTC,2024-07-14 13:14:06.628451 UTC
10004130,8,3537,2023-12-01 21:00:18.628451 UTC,2023-12-01 21:10:18.628451 UTC
10417696,8,5325,2023-12-29 11:42:18.628451 UTC,2023-12-29 11:43:26.628451 UTC
13508945,8,6221,2024-07-22 12:43:18.628451 UTC,2024-07-22 12:57:26.628451 UTC
11443121,8,2490,2024-03-06 19:16:18.628451 UTC,2024-03-06 19:18:33.628451 UTC
12502667,8,5753,2024-05-16 10:19:18.628451 UTC,2024-05-16 10:19:35.628451 UTC
13062499,8,10339,2024-06-22 19:07:18.628451 UTC,2024-06-22 19:13:17.628451 UTC
13164088,8,10338,2024-06-29 13:41:18.628451 UTC,2024-06-29 13:45:24.628451 UTC
10000695,8,3587,2023-12-01 15:37:18.628451 UTC,2023-12-01 15:42:46.628451 UTC
13443107,8,8112,2024-07-18 03:00:18.628451 UTC,2024-07-18 03:10:43.628451 UTC
6865971,8,5527,2023-08-21 13:00:33.269681 UTC,2023-08-21 13:04:11.269681 UTC
3946310,8,7033,2023-10-21 22:19:30.719616 UTC,2023-10-21 22:31:19.719616 UTC
984265,8,9092,2023-11-19 15:41:47.952295 UTC,2023-11-19 15:56:33.952295 UTC
12925089,8,646,2024-06-13 14:48:18.628451 UTC,2024-06-13 14:53:41.628451 UTC
11744583,8,10368,2024-03-26 22:08:18.628451 UTC,2024-03-26 22:19:18.628451 UTC
11708628,8,6878,2024-03-24 12:25:18.628451 UTC,2024-03-24 12:25:36.628451 UTC
12714469,8,674,2024-05-30 13:44:18.628451 UTC,2024-05-30 13:45:53.628451 UTC
11713579,8,5476,2024-03-24 20:24:18.628451 UTC,2024-03-24 20:35:23.628451 UTC
12116804,8,10700,2024-04-20 16:56:18.628451 UTC,2024-04-20 17:05:54.628451 UTC
13475444,8,6291,2024-07-20 06:55:18.628451 UTC,2024-07-20 07:03:13.628451 UTC
12531623,8,10232,2024-05-18 08:32:18.628451 UTC,2024-05-18 08:46:08.628451 UTC
994197,8,6914,2023-11-27 02:40:47.952295 UTC,2023-11-27 02:54:46.952295 UTC
12160595,8,10264,2024-04-23 14:35:18.628451 UTC,2024-04-23 14:38:06.628451 UTC
9930280,8,6981,2023-10-09 12:33:18.628451 UTC,2023-10-09 12:38:19.628451 UTC
10312063,8,4457,2023-12-22 10:54:18.628451 UTC,2023-12-22 11:01:57.628451 UTC
12365449,8,4751,2024-05-07 06:17:18.628451 UTC,2024-05-07 06:23:39.628451 UTC
11943360,8,10651,2024-04-09 04:08:18.628451 UTC,2024-04-09 04:12:26.628451 UTC
11108259,8,8941,2024-02-13 12:02:18.628451 UTC,2024-02-13 12:12:05.628451 UTC
1985754,8,4119,2023-11-20 18:23:58.052641 UTC,2023-11-20 18:32:04.052641 UTC
12348806,8,5203,2024-05-06 03:48:18.628451 UTC,2024-05-06 03:50:45.628451 UTC
13487169,8,3051,2024-07-21 01:52:18.628451 UTC,2024-07-21 01:58:23.628451 UTC
2969694,8,566,2023-11-08 14:32:18.81691 UTC,2023-11-08 14:37:06.81691 UTC
10005035,8,3774,2023-12-01 22:26:18.628451 UTC,2023-12-01 22:37:32.628451 UTC
7829828,8,5274,2023-07-25 16:02:10.93634 UTC,2023-07-25 16:06:50.93634 UTC
11941929,8,6751,2024-04-09 01:47:18.628451 UTC,2024-04-09 02:00:44.628451 UTC
13106201,8,7854,2024-06-25 16:48:18.628451 UTC,2024-06-25 16:51:14.628451 UTC
12490991,8,804,2024-05-15 15:49:18.628451 UTC,2024-05-15 15:54:18.628451 UTC
8971185,8,7909,2023-11-09 13:04:34.749663 UTC,2023-11-09 13:15:36.749663 UTC
13052806,8,2854,2024-06-22 03:39:18.628451 UTC,2024-06-22 03:50:10.628451 UTC
12457528,8,2231,2024-05-13 09:55:18.628451 UTC,2024-05-13 09:55:21.628451 UTC
8844784,8,7692,2023-08-05 10:43:34.749663 UTC,2023-08-05 10:48:51.749663 UTC
10518990,8,5878,2024-01-05 04:51:18.628451 UTC,2024-01-05 05:04:35.628451 UTC
12635172,8,5747,2024-05-25 06:02:18.628451 UTC,2024-05-25 06:08:26.628451 UTC
13316577,8,9229,2024-07-09 16:48:18.628451 UTC,2024-07-09 16:57:16.628451 UTC
10267200,8,10492,2023-12-19 11:11:18.628451 UTC,2023-12-19 11:16:41.628451 UTC
11573000,8,3883,2024-03-15 11:27:18.628451 UTC,2024-03-15 11:39:11.628451 UTC
12455250,8,7272,2024-05-13 06:17:18.628451 UTC,2024-05-13 06:31:31.628451 UTC
13453813,8,964,2024-07-18 20:24:18.628451 UTC,2024-07-18 20:36:50.628451 UTC
8964537,8,10420,2023-11-04 09:12:34.749663 UTC,2023-11-04 09:22:36.749663 UTC
13465964,8,8860,2024-07-19 15:49:18.628451 UTC,2024-07-19 16:01:44.628451 UTC
12276361,8,4954,2024-05-01 07:53:18.628451 UTC,2024-05-01 08:04:14.628451 UTC
8852058,8,6525,2023-08-10 21:04:34.749663 UTC,2023-08-10 21:07:58.749663 UTC
10123115,8,7688,2023-12-09 19:41:18.628451 UTC,2023-12-09 19:45:56.628451 UTC
13175617,8,3073,2024-06-30 07:59:18.628451 UTC,2024-06-30 08:08:10.628451 UTC
13132930,9,3030,2024-06-27 11:51:18.628451 UTC,2024-06-27 12:03:03.628451 UTC
12597967,9,4107,2024-05-22 18:12:18.628451 UTC,2024-05-22 18:25:36.628451 UTC
10680264,9,131,2024-01-16 00:08:18.628451 UTC,2024-01-16 00:20:25.628451 UTC
10284144,9,7728,2023-12-20 14:41:18.628451 UTC,2023-12-20 14:45:45.628451 UTC
13061376,9,8869,2024-06-22 17:19:18.628451 UTC,2024-06-22 17:28:43.628451 UTC
4846787,9,9025,2023-08-07 05:09:19.789965 UTC,2023-08-07 05:10:05.789965 UTC
2839314,9,3332,2023-08-01 17:36:18.81691 UTC,2023-08-01 17:40:39.81691 UTC
1944554,9,5204,2023-10-20 10:26:58.052641 UTC,2023-10-20 10:28:57.052641 UTC
9877231,9,8681,2023-08-29 23:25:18.628451 UTC,2023-08-29 23:34:32.628451 UTC
11100778,9,5158,2024-02-13 00:08:18.628451 UTC,2024-02-13 00:15:20.628451 UTC
12572941,9,5314,2024-05-21 02:27:18.628451 UTC,2024-05-21 02:32:36.628451 UTC
10344838,9,4047,2023-12-24 15:20:18.628451 UTC,2023-12-24 15:24:55.628451 UTC
2922053,9,338,2023-10-03 10:06:18.81691 UTC,2023-10-03 10:16:34.81691 UTC
11167765,9,1192,2024-02-17 11:08:18.628451 UTC,2024-02-17 11:12:15.628451 UTC
11133315,9,5623,2024-02-15 04:18:18.628451 UTC,2024-02-15 04:25:44.628451 UTC
11141608,9,5053,2024-02-15 17:18:18.628451 UTC,2024-02-15 17:30:23.628451 UTC
8898272,9,6107,2023-09-15 01:20:34.749663 UTC,2023-09-15 01:35:24.749663 UTC
8993990,9,5225,2023-11-27 00:26:34.749663 UTC,2023-11-27 00:30:51.749663 UTC
8849810,9,3879,2023-08-09 04:53:34.749663 UTC,2023-08-09 05:01:38.749663 UTC
13270846,9,4994,2024-07-06 15:28:18.628451 UTC,2024-07-06 15:32:33.628451 UTC
12075320,9,4102,2024-04-17 22:16:18.628451 UTC,2024-04-17 22:31:12.628451 UTC
12734960,9,8190,2024-05-31 22:41:18.628451 UTC,2024-05-31 22:47:33.628451 UTC
10673402,9,1575,2024-01-15 12:59:18.628451 UTC,2024-01-15 13:03:56.628451 UTC
12226411,9,10014,2024-04-27 23:32:18.628451 UTC,2024-04-27 23:40:13.628451 UTC
11556669,9,8671,2024-03-14 09:23:18.628451 UTC,2024-03-14 09:25:49.628451 UTC
10198272,9,10615,2023-12-14 20:55:18.628451 UTC,2023-12-14 21:05:04.628451 UTC
2996444,9,10486,2023-11-28 21:18:18.81691 UTC,2023-11-28 21:20:20.81691 UTC
10899733,9,3524,2024-01-30 14:12:18.628451 UTC,2024-01-30 14:22:47.628451 UTC
11687716,9,4412,2024-03-23 03:12:18.628451 UTC,2024-03-23 03:25:03.628451 UTC
12704831,9,3788,2024-05-29 22:13:18.628451 UTC,2024-05-29 22:14:44.628451 UTC
12434560,9,9009,2024-05-11 21:14:18.628451 UTC,2024-05-11 21:22:27.628451 UTC
12573841,9,3669,2024-05-21 03:51:18.628451 UTC,2024-05-21 04:05:19.628451 UTC
4993216,9,9016,2023-11-26 09:58:19.789965 UTC,2023-11-26 09:58:36.789965 UTC
12260765,9,1063,2024-04-30 06:46:18.628451 UTC,2024-04-30 07:01:07.628451 UTC
12278668,9,1611,2024-05-01 11:30:18.628451 UTC,2024-05-01 11:38:16.628451 UTC
10676781,9,1076,2024-01-15 18:23:18.628451 UTC,2024-01-15 18:32:36.628451 UTC
12805837,9,5945,2024-06-05 15:57:18.628451 UTC,2024-06-05 16:07:24.628451 UTC
10090718,9,1598,2023-12-07 15:32:18.628451 UTC,2023-12-07 15:42:44.628451 UTC
13253621,9,5017,2024-07-05 11:49:18.628451 UTC,2024-07-05 11:55:58.628451 UTC
5869149,9,7589,2023-08-24 06:05:46.226714 UTC,2023-08-24 06:18:48.226714 UTC
11300768,9,400,2024-02-26 07:55:18.628451 UTC,2024-02-26 08:04:24.628451 UTC
10421309,9,8849,2023-12-29 17:29:18.628451 UTC,2023-12-29 17:33:26.628451 UTC
12867367,9,9739,2024-06-09 18:44:18.628451 UTC,2024-06-09 18:55:33.628451 UTC
875311,9,5902,2023-08-28 17:10:47.952295 UTC,2023-08-28 17:10:49.952295 UTC
11810946,9,280,2024-03-31 08:20:18.628451 UTC,2024-03-31 08:23:45.628451 UTC
12210480,9,5666,2024-04-26 22:01:18.628451 UTC,2024-04-26 22:15:58.628451 UTC
10445529,9,2634,2023-12-31 07:57:18.628451 UTC,2023-12-31 07:57:21.628451 UTC
12143935,9,1376,2024-04-22 12:14:18.628451 UTC,2024-04-22 12:23:29.628451 UTC
10698343,9,1842,2024-01-17 04:50:18.628451 UTC,2024-01-17 04:53:57.628451 UTC
11592100,9,3962,2024-03-16 18:19:18.628451 UTC,2024-03-16 18:23:49.628451 UTC
12727570,9,8881,2024-05-31 11:01:18.628451 UTC,2024-05-31 11:07:51.628451 UTC
11791129,9,4709,2024-03-30 00:23:18.628451 UTC,2024-03-30 00:31:03.628451 UTC
1916342,9,5895,2023-09-29 00:10:58.052641 UTC,2023-09-29 00:21:17.052641 UTC
10944118,9,2939,2024-02-02 13:03:18.628451 UTC,2024-02-02 13:15:04.628451 UTC
12411221,9,8247,2024-05-10 07:55:18.628451 UTC,2024-05-10 08:01:34.628451 UTC
12332896,9,5834,2024-05-05 02:11:18.628451 UTC,2024-05-05 02:21:29.628451 UTC
12170231,9,3395,2024-04-24 05:48:18.628451 UTC,2024-04-24 05:54:41.628451 UTC
1946035,9,2359,2023-10-21 13:42:58.052641 UTC,2023-10-21 13:43:46.052641 UTC
10844313,9,3191,2024-01-26 21:37:18.628451 UTC,2024-01-26 21:46:36.628451 UTC
12172840,9,4096,2024-04-24 09:53:18.628451 UTC,2024-04-24 10:01:41.628451 UTC
13020204,9,1945,2024-06-19 23:03:18.628451 UTC,2024-06-19 23:12:35.628451 UTC
6944446,9,470,2023-10-20 14:24:33.269681 UTC,2023-10-20 14:24:43.269681 UTC
7856295,9,656,2023-08-14 11:45:10.93634 UTC,2023-08-14 11:52:37.93634 UTC
12483809,9,9068,2024-05-15 04:13:18.628451 UTC,2024-05-15 04:18:00.628451 UTC
12284773,9,7070,2024-05-01 21:11:18.628451 UTC,2024-05-01 21:22:49.628451 UTC
7968415,9,6114,2023-11-07 15:26:10.93634 UTC,2023-11-07 15:30:34.93634 UTC
3953293,9,5921,2023-10-27 04:57:30.719616 UTC,2023-10-27 05:05:14.719616 UTC
11478126,9,10544,2024-03-09 03:26:18.628451 UTC,2024-03-09 03:38:22.628451 UTC
5829371,9,6241,2023-07-24 22:16:46.226714 UTC,2023-07-24 22:19:06.226714 UTC
10201039,9,10340,2023-12-15 01:22:18.628451 UTC,2023-12-15 01:32:42.628451 UTC
2857975,9,715,2023-08-15 15:05:18.81691 UTC,2023-08-15 15:15:42.81691 UTC
10101483,9,6037,2023-12-08 09:01:18.628451 UTC,2023-12-08 09:05:23.628451 UTC
10713727,9,1174,2024-01-18 05:33:18.628451 UTC,2024-01-18 05:43:55.628451 UTC
11384469,9,8832,2024-03-02 21:46:18.628451 UTC,2024-03-02 21:48:04.628451 UTC
953260,9,21,2023-10-27 05:44:47.952295 UTC,2023-10-27 05:52:59.952295 UTC
11625945,9,10567,2024-03-19 00:04:18.628451 UTC,2024-03-19 00:11:12.628451 UTC
12174912,9,3588,2024-04-24 13:07:18.628451 UTC,2024-04-24 13:16:15.628451 UTC
2912528,9,7602,2023-09-26 00:45:18.81691 UTC,2023-09-26 00:52:42.81691 UTC
5917636,9,727,2023-09-30 06:28:46.226714 UTC,2023-09-30 06:35:15.226714 UTC
11870137,9,8018,2024-04-04 07:13:18.628451 UTC,2024-04-04 07:25:45.628451 UTC
10049173,9,7481,2023-12-04 21:27:18.628451 UTC,2023-12-04 21:39:41.628451 UTC
11315875,9,3449,2024-02-27 08:13:18.628451 UTC,2024-02-27 08:18:01.628451 UTC
7956660,9,2247,2023-10-29 13:33:10.93634 UTC,2023-10-29 13:39:22.93634 UTC
10856676,9,9768,2024-01-27 17:43:18.628451 UTC,2024-01-27 17:47:16.628451 UTC
12233334,9,1002,2024-04-28 10:40:18.628451 UTC,2024-04-28 10:47:57.628451 UTC
12136406,9,857,2024-04-22 00:14:18.628451 UTC,2024-04-22 00:22:31.628451 UTC
11232648,9,9439,2024-02-21 19:15:18.628451 UTC,2024-02-21 19:20:38.628451 UTC
10252815,9,8888,2023-12-18 12:23:18.628451 UTC,2023-12-18 12:33:35.628451 UTC
3858050,9,9772,2023-08-15 23:50:30.719616 UTC,2023-08-15 23:53:29.719616 UTC
834817,9,7924,2023-07-28 21:45:47.952295 UTC,2023-07-28 21:55:53.952295 UTC
13087293,9,10560,2024-06-24 11:02:18.628451 UTC,2024-06-24 11:15:28.628451 UTC
10957316,9,5651,2024-02-03 10:04:18.628451 UTC,2024-02-03 10:07:24.628451 UTC
11239194,9,10255,2024-02-22 05:38:18.628451 UTC,2024-02-22 05:52:51.628451 UTC
10000133,9,6303,2023-12-01 14:46:18.628451 UTC,2023-12-01 14:58:12.628451 UTC
12771734,9,10468,2024-06-03 09:42:18.628451 UTC,2024-06-03 09:50:13.628451 UTC
1909210,9,7438,2023-09-23 13:30:58.052641 UTC,2023-09-23 13:41:58.052641 UTC
3877874,9,2229,2023-08-31 00:27:30.719616 UTC,2023-08-31 00:27:33.719616 UTC
11922420,9,9530,2024-04-07 19:07:18.628451 UTC,2024-04-07 19:21:01.628451 UTC
10075737,9,4117,2023-12-06 15:43:18.628451 UTC,2023-12-06 15:52:56.628451 UTC
11583925,9,8497,2024-03-16 05:06:18.628451 UTC,2024-03-16 05:20:17.628451 UTC
10889581,9,3821,2024-01-29 22:15:18.628451 UTC,2024-01-29 22:25:48.628451 UTC
10260226,10,10000,2023-12-19 00:11:18.628451 UTC,2023-12-19 00:17:02.628451 UTC
2970077,10,9600,2023-11-08 20:39:18.81691 UTC,2023-11-08 20:51:00.81691 UTC
2880057,10,10488,2023-09-01 07:35:18.81691 UTC,2023-09-01 07:39:11.81691 UTC
2916595,10,1755,2023-09-29 06:09:18.81691 UTC,2023-09-29 06:15:37.81691 UTC
10401473,10,7701,2023-12-28 10:06:18.628451 UTC,2023-12-28 10:09:24.628451 UTC
12719230,10,5006,2024-05-30 21:30:18.628451 UTC,2024-05-30 21:36:14.628451 UTC
13484226,10,4413,2024-07-20 20:57:18.628451 UTC,2024-07-20 21:06:08.628451 UTC
13428640,10,7639,2024-07-17 04:01:18.628451 UTC,2024-07-17 04:05:44.628451 UTC
12984143,10,9368,2024-06-17 13:31:18.628451 UTC,2024-06-17 13:38:14.628451 UTC
1977802,10,3756,2023-11-14 17:54:58.052641 UTC,2023-11-14 18:09:53.052641 UTC
12987020,10,2809,2024-06-17 18:09:18.628451 UTC,2024-06-17 18:12:37.628451 UTC
10138796,10,5459,2023-12-10 21:01:18.628451 UTC,2023-12-10 21:09:48.628451 UTC
11520290,10,7938,2024-03-11 23:04:18.628451 UTC,2024-03-11 23:11:27.628451 UTC
10524136,10,5978,2024-01-05 13:14:18.628451 UTC,2024-01-05 13:27:08.628451 UTC
13381734,10,8934,2024-07-14 01:26:18.628451 UTC,2024-07-14 01:37:06.628451 UTC
11014915,10,5407,2024-02-07 06:31:18.628451 UTC,2024-02-07 06:45:58.628451 UTC
1969819,10,5631,2023-11-08 15:05:58.052641 UTC,2023-11-08 15:13:14.052641 UTC
10947515,10,9106,2024-02-02 18:26:18.628451 UTC,2024-02-02 18:28:46.628451 UTC
6910689,10,168,2023-09-24 18:13:33.269681 UTC,2023-09-24 18:26:55.269681 UTC
10942344,10,1544,2024-02-02 10:15:18.628451 UTC,2024-02-02 10:20:34.628451 UTC
1870879,10,670,2023-08-25 16:03:58.052641 UTC,2023-08-25 16:04:03.052641 UTC
10204928,10,4464,2023-12-15 07:38:18.628451 UTC,2023-12-15 07:41:54.628451 UTC
13453508,10,3937,2024-07-18 19:54:18.628451 UTC,2024-07-18 20:01:04.628451 UTC
12647403,10,10269,2024-05-26 01:54:18.628451 UTC,2024-05-26 01:55:02.628451 UTC
2985811,10,3575,2023-11-20 18:38:18.81691 UTC,2023-11-20 18:38:52.81691 UTC
11428286,10,483,2024-03-05 19:37:18.628451 UTC,2024-03-05 19:44:46.628451 UTC
13504405,10,2463,2024-07-22 05:28:18.628451 UTC,2024-07-22 05:38:09.628451 UTC
4945807,10,5474,2023-10-21 07:56:19.789965 UTC,2023-10-21 08:01:35.789965 UTC
11894180,10,806,2024-04-05 22:02:18.628451 UTC,2024-04-05 22:06:02.628451 UTC
7916648,10,3764,2023-09-29 07:41:10.93634 UTC,2023-09-29 07:51:44.93634 UTC
10343937,10,2971,2023-12-24 13:55:18.628451 UTC,2023-12-24 14:09:57.628451 UTC
10404074,10,676,2023-12-28 14:09:18.628451 UTC,2023-12-28 14:13:07.628451 UTC
12249815,10,6011,2024-04-29 13:07:18.628451 UTC,2024-04-29 13:14:34.628451 UTC
12830641,10,9806,2024-06-07 07:17:18.628451 UTC,2024-06-07 07:27:35.628451 UTC
12894376,10,5647,2024-06-11 13:39:18.628451 UTC,2024-06-11 13:41:56.628451 UTC
11256979,10,2165,2024-02-23 10:09:18.628451 UTC,2024-02-23 10:16:01.628451 UTC
2909857,10,3126,2023-09-23 22:15:18.81691 UTC,2023-09-23 22:24:19.81691 UTC
13514267,10,4950,2024-07-22 21:11:18.628451 UTC,2024-07-22 21:23:18.628451 UTC
5980268,10,6663,2023-11-16 17:20:46.226714 UTC,2023-11-16 17:21:37.226714 UTC
12488521,10,2699,2024-05-15 11:46:18.628451 UTC,2024-05-15 11:54:46.628451 UTC
10023673,10,10332,2023-12-03 04:15:18.628451 UTC,2023-12-03 04:28:10.628451 UTC
4913995,10,1269,2023-09-27 11:45:19.789965 UTC,2023-09-27 11:48:24.789965 UTC
10499672,10,9724,2024-01-03 21:51:18.628451 UTC,2024-01-03 21:56:05.628451 UTC
6837785,10,1837,2023-07-30 23:40:33.269681 UTC,2023-07-30 23:40:41.269681 UTC
13115565,10,1321,2024-06-26 07:56:18.628451 UTC,2024-06-26 08:09:17.628451 UTC
12680764,10,8989,2024-05-28 07:43:18.628451 UTC,2024-05-28 07:46:25.628451 UTC
10946240,10,10297,2024-02-02 16:25:18.628451 UTC,2024-02-02 16:34:43.628451 UTC
12359909,10,9942,2024-05-06 21:31:18.628451 UTC,2024-05-06 21:35:41.628451 UTC
13329478,10,609,2024-07-10 13:36:18.628451 UTC,2024-07-10 13:41:27.628451 UTC
5986705,10,8601,2023-11-21 13:39:46.226714 UTC,2023-11-21 13:42:18.226714 UTC
1905928,10,514,2023-09-21 02:49:58.052641 UTC,2023-09-21 03:04:45.052641 UTC
11947402,10,8010,2024-04-09 10:36:18.628451 UTC,2024-04-09 10:50:41.628451 UTC
2881461,10,6148,2023-09-02 08:14:18.81691 UTC,2023-09-02 08:20:59.81691 UTC
8924870,10,4261,2023-10-05 05:17:34.749663 UTC,2023-10-05 05:30:26.749663 UTC
9900572,10,3680,2023-09-16 22:13:18.628451 UTC,2023-09-16 22:23:32.628451 UTC
13034570,10,7189,2024-06-20 22:14:18.628451 UTC,2024-06-20 22:24:38.628451 UTC
7953056,10,7124,2023-10-26 20:51:10.93634 UTC,2023-10-26 20:56:09.93634 UTC
10959781,10,10637,2024-02-03 14:03:18.628451 UTC,2024-02-03 14:07:52.628451 UTC
5901316,10,8074,2023-09-17 18:29:46.226714 UTC,2023-09-17 18:37:40.226714 UTC
4900902,10,4410,2023-09-17 16:26:19.789965 UTC,2023-09-17 16:27:58.789965 UTC
9965717,10,4498,2023-11-05 12:04:18.628451 UTC,2023-11-05 12:11:54.628451 UTC
11714141,10,4009,2024-03-24 21:21:18.628451 UTC,2024-03-24 21:30:56.628451 UTC
11819302,10,8814,2024-03-31 21:50:18.628451 UTC,2024-03-31 22:03:09.628451 UTC
1980118,10,3873,2023-11-16 12:09:58.052641 UTC,2023-11-16 12:11:50.052641 UTC
10430449,10,10701,2023-12-30 07:47:18.628451 UTC,2023-12-30 07:53:22.628451 UTC
11552525,10,7530,2024-03-14 02:47:18.628451 UTC,2024-03-14 02:56:24.628451 UTC
10759519,10,6930,2024-01-21 06:45:18.628451 UTC,2024-01-21 06:49:16.628451 UTC
12791628,10,2157,2024-06-04 17:27:18.628451 UTC,2024-06-04 17:41:27.628451 UTC
13125773,10,10325,2024-06-27 00:18:18.628451 UTC,2024-06-27 00:19:11.628451 UTC
9988853,10,6885,2023-11-23 04:21:18.628451 UTC,2023-11-23 04:26:55.628451 UTC
11284766,10,6731,2024-02-25 06:09:18.628451 UTC,2024-02-25 06:19:50.628451 UTC
10283978,10,7277,2023-12-20 14:22:18.628451 UTC,2023-12-20 14:28:36.628451 UTC
910788,10,108,2023-09-24 18:42:47.952295 UTC,2023-09-24 18:49:14.952295 UTC
941340,10,1462,2023-10-18 02:12:47.952295 UTC,2023-10-18 02:27:43.952295 UTC
12981547,10,10397,2024-06-17 09:23:18.628451 UTC,2024-06-17 09:36:47.628451 UTC
11801335,10,9635,2024-03-30 16:47:18.628451 UTC,2024-03-30 16:50:07.628451 UTC
10405020,10,9287,2023-12-28 15:41:18.628451 UTC,2023-12-28 15:50:39.628451 UTC
13020006,10,4823,2024-06-19 22:44:18.628451 UTC,2024-06-19 22:54:01.628451 UTC
10639189,10,4292,2024-01-13 05:49:18.628451 UTC,2024-01-13 05:53:51.628451 UTC
10762597,10,8536,2024-01-21 11:44:18.628451 UTC,2024-01-21 11:48:07.628451 UTC
13048162,10,9760,2024-06-21 20:02:18.628451 UTC,2024-06-21 20:03:57.628451 UTC
1856876,10,7538,2023-08-14 22:58:58.052641 UTC,2023-08-14 23:10:05.052641 UTC
10289942,10,5782,2023-12-20 23:55:18.628451 UTC,2023-12-21 00:07:19.628451 UTC
9931891,10,2951,2023-10-10 18:15:18.628451 UTC,2023-10-10 18:29:38.628451 UTC
4982157,10,1368,2023-11-17 23:45:19.789965 UTC,2023-11-17 23:55:52.789965 UTC
10123593,10,8294,2023-12-09 20:29:18.628451 UTC,2023-12-09 20:43:20.628451 UTC
3960036,10,9058,2023-11-01 05:42:30.719616 UTC,2023-11-01 05:54:31.719616 UTC
5896293,10,9507,2023-09-13 20:11:46.226714 UTC,2023-09-13 20:14:45.226714 UTC
10000941,10,9041,2023-12-01 15:58:18.628451 UTC,2023-12-01 16:00:05.628451 UTC
10484310,10,1234,2024-01-02 21:40:18.628451 UTC,2024-01-02 21:40:26.628451 UTC
10001163,10,6716,2023-12-01 16:18:18.628451 UTC,2023-12-01 16:32:19.628451 UTC
6895034,10,8813,2023-09-12 17:32:33.269681 UTC,2023-09-12 17:33:04.269681 UTC
10236831,10,9853,2023-12-17 10:59:18.628451 UTC,2023-12-17 11:10:38.628451 UTC
12977920,10,10215,2024-06-17 03:34:18.628451 UTC,2024-06-17 03:46:57.628451 UTC
10118703,10,8099,2023-12-09 12:40:18.628451 UTC,2023-12-09 12:51:37.628451 UTC
13196424,10,1407,2024-07-01 16:49:18.628451 UTC,2024-07-01 16:56:01.628451 UTC
5880792,10,8504,2023-09-02 00:31:46.226714 UTC,2023-09-02 00:38:54.226714 UTC
12858332,10,4676,2024-06-09 03:56:18.628451 UTC,2024-06-09 03:58:08.628451 UTC
11253680,10,6186,2024-02-23 04:54:18.628451 UTC,2024-02-23 05:06:07.628451 UTC
13036819,10,8804,2024-06-21 01:43:18.628451 UTC,2024-06-21 01:44:51.628451 UTC
1929805,10,5035,2023-10-09 06:59:58.052641 UTC,2023-10-09 07:09:03.052641 UTC
8925963,10,3686,2023-10-06 00:57:34.749663 UTC,2023-10-06 00:59:32.749663 UTC
12308887,10,5221,2024-05-03 11:49:18.628451 UTC,2024-05-03 12:01:05.628451 UTC
9883617,10,2132,2023-09-03 20:45:18.628451 UTC,2023-09-03 20:55:46.628451 UTC
10437200,10,7569,2023-12-30 18:31:18.628451 UTC,2023-12-30 18:37:22.628451 UTC
7955391,10,9756,2023-10-28 14:51:10.93634 UTC,2023-10-28 15:03:31.93634 UTC
2861475,10,7449,2023-08-18 07:11:18.81691 UTC,2023-08-18 07:12:16.81691 UTC
2963584,10,2462,2023-11-03 21:58:18.81691 UTC,2023-11-03 22:10:37.81691 UTC
12634657,10,5093,2024-05-25 05:13:18.628451 UTC,2024-05-25 05:13:23.628451 UTC
13392124,10,9492,2024-07-14 18:03:18.628451 UTC,2024-07-14 18:03:38.628451 UTC
8915914,11,8219,2023-09-28 11:39:34.749663 UTC,2023-09-28 11:46:47.749663 UTC
12220252,11,9458,2024-04-27 13:47:18.628451 UTC,2024-04-27 13:51:21.628451 UTC
10007006,11,536,2023-12-02 01:36:18.628451 UTC,2023-12-02 01:44:12.628451 UTC
7920489,11,7889,2023-10-02 07:34:10.93634 UTC,2023-10-02 07:40:28.93634 UTC
12141883,11,3763,2024-04-22 09:00:18.628451 UTC,2024-04-22 09:01:23.628451 UTC
10963554,11,5075,2024-02-03 20:02:18.628451 UTC,2024-02-03 20:13:30.628451 UTC
10787223,11,3344,2024-01-23 02:30:18.628451 UTC,2024-01-23 02:44:38.628451 UTC
11539658,11,2921,2024-03-13 06:09:18.628451 UTC,2024-03-13 06:13:19.628451 UTC
3881243,11,481,2023-09-02 12:29:30.719616 UTC,2023-09-02 12:35:16.719616 UTC
10805695,11,5830,2024-01-24 07:58:18.628451 UTC,2024-01-24 08:10:10.628451 UTC
10877514,11,186,2024-01-29 03:01:18.628451 UTC,2024-01-29 03:01:24.628451 UTC
11280131,11,3980,2024-02-24 22:39:18.628451 UTC,2024-02-24 22:44:40.628451 UTC
10574068,11,9710,2024-01-08 21:18:18.628451 UTC,2024-01-08 21:29:48.628451 UTC
13335554,11,6707,2024-07-10 23:16:18.628451 UTC,2024-07-10 23:26:29.628451 UTC
12105823,11,1794,2024-04-19 23:28:18.628451 UTC,2024-04-19 23:41:26.628451 UTC
13334430,11,8337,2024-07-10 21:26:18.628451 UTC,2024-07-10 21:38:28.628451 UTC
11814105,11,5431,2024-03-31 13:25:18.628451 UTC,2024-03-31 13:33:27.628451 UTC
12629730,11,8047,2024-05-24 21:04:18.628451 UTC,2024-05-24 21:06:21.628451 UTC
4866900,11,5254,2023-08-22 16:05:19.789965 UTC,2023-08-22 16:10:32.789965 UTC
11027260,11,6622,2024-02-08 02:16:18.628451 UTC,2024-02-08 02:29:32.628451 UTC
11258568,11,7025,2024-02-23 12:43:18.628451 UTC,2024-02-23 12:44:47.628451 UTC
11403490,11,2308,2024-03-04 04:11:18.628451 UTC,2024-03-04 04:20:02.628451 UTC
12838439,11,3688,2024-06-07 19:54:18.628451 UTC,2024-06-07 20:05:21.628451 UTC
10069581,11,2780,2023-12-06 05:54:18.628451 UTC,2023-12-06 06:09:17.628451 UTC
11307704,11,8331,2024-02-26 18:59:18.628451 UTC,2024-02-26 19:07:08.628451 UTC
4966853,11,8032,2023-11-06 08:29:19.789965 UTC,2023-11-06 08:41:59.789965 UTC
10035090,11,9794,2023-12-03 22:38:18.628451 UTC,2023-12-03 22:41:37.628451 UTC
12465432,11,746,2024-05-13 22:36:18.628451 UTC,2024-05-13 22:38:45.628451 UTC
11681034,11,4784,2024-03-22 16:26:18.628451 UTC,2024-03-22 16:38:57.628451 UTC
11122002,11,3275,2024-02-14 10:01:18.628451 UTC,2024-02-14 10:10:18.628451 UTC
11184880,11,2880,2024-02-18 14:45:18.628451 UTC,2024-02-18 14:57:51.628451 UTC
12176879,11,9475,2024-04-24 16:24:18.628451 UTC,2024-04-24 16:35:14.628451 UTC
12048664,11,7740,2024-04-16 03:42:18.628451 UTC,2024-04-16 03:47:48.628451 UTC
4903228,11,7118,2023-09-19 10:47:19.789965 UTC,2023-09-19 10:47:48.789965 UTC
10929526,11,4665,2024-02-01 13:37:18.628451 UTC,2024-02-01 13:39:25.628451 UTC
884179,11,6,2023-09-04 13:23:47.952295 UTC,2023-09-04 13:36:39.952295 UTC
4951695,11,4793,2023-10-25 19:09:19.789965 UTC,2023-10-25 19:16:32.789965 UTC
10706607,11,6829,2024-01-17 17:59:18.628451 UTC,2024-01-17 18:01:06.628451 UTC
11814570,11,5879,2024-03-31 14:11:18.628451 UTC,2024-03-31 14:11:48.628451 UTC
2830025,11,3581,2023-07-25 18:03:18.81691 UTC,2023-07-25 18:04:16.81691 UTC
10072259,11,424,2023-12-06 10:11:18.628451 UTC,2023-12-06 10:15:29.628451 UTC
12703022,11,3510,2024-05-29 19:22:18.628451 UTC,2024-05-29 19:25:44.628451 UTC
12182137,11,9953,2024-04-25 00:36:18.628451 UTC,2024-04-25 00:43:04.628451 UTC
984426,11,793,2023-11-19 18:24:47.952295 UTC,2023-11-19 18:37:12.952295 UTC
13432675,11,2490,2024-07-17 10:22:18.628451 UTC,2024-07-17 10:22:25.628451 UTC
2851318,11,826,2023-08-10 17:29:18.81691 UTC,2023-08-10 17:40:27.81691 UTC
10554817,11,3153,2024-01-07 14:30:18.628451 UTC,2024-01-07 14:42:55.628451 UTC
13451908,11,5760,2024-07-18 17:17:18.628451 UTC,2024-07-18 17:22:26.628451 UTC
2837856,11,3911,2023-07-31 14:46:18.81691 UTC,2023-07-31 15:01:10.81691 UTC
11440288,11,5674,2024-03-06 14:43:18.628451 UTC,2024-03-06 14:53:52.628451 UTC
11142998,11,5097,2024-02-15 19:32:18.628451 UTC,2024-02-15 19:45:16.628451 UTC
13295565,11,826,2024-07-08 07:19:18.628451 UTC,2024-07-08 07:27:24.628451 UTC
12492120,11,10104,2024-05-15 17:31:18.628451 UTC,2024-05-15 17:35:52.628451 UTC
12027465,11,5944,2024-04-14 17:56:18.628451 UTC,2024-04-14 17:56:24.628451 UTC
12585915,11,3635,2024-05-21 23:00:18.628451 UTC,2024-05-21 23:02:11.628451 UTC
12692620,11,1480,2024-05-29 02:43:18.628451 UTC,2024-05-29 02:51:54.628451 UTC
847972,11,5097,2023-08-07 20:06:47.952295 UTC,2023-08-07 20:07:08.952295 UTC
10127177,11,625,2023-12-10 02:16:18.628451 UTC,2023-12-10 02:20:17.628451 UTC
12364856,11,8630,2024-05-07 05:21:18.628451 UTC,2024-05-07 05:35:49.628451 UTC
11111403,11,5081,2024-02-13 17:08:18.628451 UTC,2024-02-13 17:14:57.628451 UTC
854566,11,4603,2023-08-12 21:40:47.952295 UTC,2023-08-12 21:53:25.952295 UTC
10571264,11,1778,2024-01-08 16:44:18.628451 UTC,2024-01-08 16:56:53.628451 UTC
12878518,11,10582,2024-06-10 12:44:18.628451 UTC,2024-06-10 12:57:35.628451 UTC
11060595,11,847,2024-02-10 08:00:18.628451 UTC,2024-02-10 08:07:03.628451 UTC
5915453,11,472,2023-09-28 15:50:46.226714 UTC,2023-09-28 15:56:11.226714 UTC
2831475,11,8192,2023-07-26 20:23:18.81691 UTC,2023-07-26 20:25:48.81691 UTC
10437472,11,7213,2023-12-30 18:53:18.628451 UTC,2023-12-30 19:04:57.628451 UTC
11096684,11,5019,2024-02-12 17:42:18.628451 UTC,2024-02-12 17:46:41.628451 UTC
12362851,11,4975,2024-05-07 02:07:18.628451 UTC,2024-05-07 02:17:39.628451 UTC
13457004,11,4532,2024-07-19 01:30:18.628451 UTC,2024-07-19 01:40:26.628451 UTC
13353936,11,443,2024-07-12 04:33:18.628451 UTC,2024-07-12 04:41:49.628451 UTC
1971958,11,5543,2023-11-10 06:19:58.052641 UTC,2023-11-10 06:23:45.052641 UTC
10670515,11,130,2024-01-15 08:22:18.628451 UTC,2024-01-15 08:23:04.628451 UTC
2896869,11,10076,2023-09-13 23:09:18.81691 UTC,2023-09-13 23:19:08.81691 UTC
10081969,11,2744,2023-12-07 01:33:18.628451 UTC,2023-12-07 01:45:52.628451 UTC
10632437,11,619,2024-01-12 18:56:18.628451 UTC,2024-01-12 19:06:28.628451 UTC
4889542,11,10623,2023-09-08 22:43:19.789965 UTC,2023-09-08 22:56:39.789965 UTC
13146813,11,218,2024-06-28 10:17:18.628451 UTC,2024-06-28 10:31:06.628451 UTC
8926921,11,976,2023-10-06 17:50:34.749663 UTC,2023-10-06 17:51:57.749663 UTC
3872298,11,7354,2023-08-26 19:19:30.719616 UTC,2023-08-26 19:20:06.719616 UTC
1855876,11,2026,2023-08-14 05:16:58.052641 UTC,2023-08-14 05:19:42.052641 UTC
12876260,11,6709,2024-06-10 09:04:18.628451 UTC,2024-06-10 09:18:46.628451 UTC
6846440,11,7641,2023-08-06 13:32:33.269681 UTC,2023-08-06 13:46:39.269681 UTC
12867816,11,8711,2024-06-09 19:29:18.628451 UTC,2024-06-09 19:32:32.628451 UTC
3836789,11,6063,2023-07-30 20:37:30.719616 UTC,2023-07-30 20:39:27.719616 UTC
6950630,11,4672,2023-10-25 07:41:33.269681 UTC,2023-10-25 07:49:01.269681 UTC
13364110,11,9298,2024-07-12 20:55:18.628451 UTC,2024-07-12 21:04:08.628451 UTC
3844382,11,2437,2023-08-05 13:16:30.719616 UTC,2023-08-05 13:22:53.719616 UTC
12300677,11,7791,2024-05-02 22:42:18.628451 UTC,2024-05-02 22:48:12.628451 UTC
9994588,11,2723,2023-11-27 13:19:18.628451 UTC,2023-11-27 13:32:02.628451 UTC
13049326,11,9226,2024-06-21 21:55:18.628451 UTC,2024-06-21 22:08:50.628451 UTC
10371606,11,4535,2023-12-26 09:59:18.628451 UTC,2023-12-26 10:14:03.628451 UTC
3845246,11,2922,2023-08-06 04:10:30.719616 UTC,2023-08-06 04:19:09.719616 UTC
11979604,11,7796,2024-04-11 13:45:18.628451 UTC,2024-04-11 13:50:36.628451 UTC
13152691,11,8512,2024-06-28 19:38:18.628451 UTC,2024-06-28 19:47:54.628451 UTC
2853606,11,1203,2023-08-12 09:11:18.81691 UTC,2023-08-12 09:12:23.81691 UTC
11372200,11,9834,2024-03-02 01:59:18.628451 UTC,2024-03-02 02:05:08.628451 UTC
11899922,11,8871,2024-04-06 07:11:18.628451 UTC,2024-04-06 07:18:05.628451 UTC
10494097,11,8222,2024-01-03 13:11:18.628451 UTC,2024-01-03 13:15:53.628451 UTC
12386203,11,7186,2024-05-08 15:25:18.628451 UTC,2024-05-08 15:36:37.628451 UTC
12636620,11,5845,2024-05-25 08:21:18.628451 UTC,2024-05-25 08:24:00.628451 UTC
11507137,11,6213,2024-03-11 02:03:18.628451 UTC,2024-03-11 02:03:19.628451 UTC
11648297,11,10459,2024-03-20 12:02:18.628451 UTC,2024-03-20 12:08:48.628451 UTC
13475443,11,4659,2024-07-20 06:55:18.628451 UTC,2024-07-20 07:09:59.628451 UTC
4900417,11,1273,2023-09-17 08:05:19.789965 UTC,2023-09-17 08:12:01.789965 UTC
12602664,11,3253,2024-05-23 01:36:18.628451 UTC,2024-05-23 01:37:44.628451 UTC
10946644,12,3992,2024-02-02 17:04:18.628451 UTC,2024-02-02 17:11:47.628451 UTC
11061654,12,3958,2024-02-10 09:39:18.628451 UTC,2024-02-10 09:52:25.628451 UTC
11721129,12,10514,2024-03-25 08:36:18.628451 UTC,2024-03-25 08:45:34.628451 UTC
11749470,12,5800,2024-03-27 05:54:18.628451 UTC,2024-03-27 06:04:13.628451 UTC
10470677,12,6185,2024-01-02 00:03:18.628451 UTC,2024-01-02 00:03:43.628451 UTC
13289987,12,7116,2024-07-07 22:08:18.628451 UTC,2024-07-07 22:20:49.628451 UTC
10815145,12,8456,2024-01-24 23:06:18.628451 UTC,2024-01-24 23:10:31.628451 UTC
1873849,12,9283,2023-08-27 22:09:58.052641 UTC,2023-08-27 22:23:48.052641 UTC
13178485,12,3388,2024-06-30 12:28:18.628451 UTC,2024-06-30 12:33:42.628451 UTC
13064264,12,4796,2024-06-22 21:58:18.628451 UTC,2024-06-22 22:01:22.628451 UTC
8976315,12,1311,2023-11-13 12:09:34.749663 UTC,2023-11-13 12:18:14.749663 UTC
12083491,12,7696,2024-04-18 11:37:18.628451 UTC,2024-04-18 11:44:58.628451 UTC
3967337,12,616,2023-11-06 20:38:30.719616 UTC,2023-11-06 20:40:19.719616 UTC
1927959,12,8412,2023-10-07 21:52:58.052641 UTC,2023-10-07 21:53:01.052641 UTC
8859748,12,7047,2023-08-16 21:18:34.749663 UTC,2023-08-16 21:31:33.749663 UTC
13268823,12,9120,2024-07-06 12:14:18.628451 UTC,2024-07-06 12:18:52.628451 UTC
10745797,12,6216,2024-01-20 08:43:18.628451 UTC,2024-01-20 08:48:48.628451 UTC
4847880,12,6636,2023-08-08 02:29:19.789965 UTC,2023-08-08 02:31:58.789965 UTC
10810482,12,9651,2024-01-24 15:45:18.628451 UTC,2024-01-24 15:59:55.628451 UTC
4879919,12,1556,2023-09-01 15:52:19.789965 UTC,2023-09-01 16:03:59.789965 UTC
10062134,12,155,2023-12-05 18:04:18.628451 UTC,2023-12-05 18:14:07.628451 UTC
12458122,12,1851,2024-05-13 10:52:18.628451 UTC,2024-05-13 10:55:47.628451 UTC
13016567,12,10481,2024-06-19 17:17:18.628451 UTC,2024-06-19 17:24:51.628451 UTC
12165647,12,4511,2024-04-23 22:32:18.628451 UTC,2024-04-23 22:46:03.628451 UTC
12929105,12,9052,2024-06-13 21:26:18.628451 UTC,2024-06-13 21:29:37.628451 UTC
10684170,12,2923,2024-01-16 06:16:18.628451 UTC,2024-01-16 06:28:05.628451 UTC
12237945,12,803,2024-04-28 18:03:18.628451 UTC,2024-04-28 18:03:39.628451 UTC
10876772,12,6621,2024-01-29 01:48:18.628451 UTC,2024-01-29 01:59:12.628451 UTC
11013397,12,1057,2024-02-07 04:07:18.628451 UTC,2024-02-07 04:12:19.628451 UTC
4900608,12,2529,2023-09-17 11:47:19.789965 UTC,2023-09-17 12:01:43.789965 UTC
11941014,12,6061,2024-04-09 00:21:18.628451 UTC,2024-04-09 00:33:28.628451 UTC
10954087,12,2729,2024-02-03 04:43:18.628451 UTC,2024-02-03 04:57:50.628451 UTC
12586864,12,6156,2024-05-22 00:36:18.628451 UTC,2024-05-22 00:44:19.628451 UTC
12964852,12,2856,2024-06-16 06:46:18.628451 UTC,2024-06-16 06:50:42.628451 UTC
12434177,12,1565,2024-05-11 20:38:18.628451 UTC,2024-05-11 20:52:00.628451 UTC
6978222,12,6252,2023-11-15 02:05:33.269681 UTC,2023-11-15 02:06:09.269681 UTC
11268418,12,8088,2024-02-24 04:18:18.628451 UTC,2024-02-24 04:18:28.628451 UTC
12250483,12,974,2024-04-29 14:14:18.628451 UTC,2024-04-29 14:26:40.628451 UTC
852329,12,9892,2023-08-11 05:08:47.952295 UTC,2023-08-11 05:19:44.952295 UTC
13525148,12,5074,2024-07-23 14:32:18.628451 UTC,2024-07-23 14:38:07.628451 UTC
13428823,12,1665,2024-07-17 04:18:18.628451 UTC,2024-07-17 04:30:31.628451 UTC
10716319,12,5806,2024-01-18 09:43:18.628451 UTC,2024-01-18 09:47:02.628451 UTC
12011549,12,8877,2024-04-13 16:33:18.628451 UTC,2024-04-13 16:35:26.628451 UTC
12334326,12,6278,2024-05-05 04:25:18.628451 UTC,2024-05-05 04:34:40.628451 UTC
10565814,12,5355,2024-01-08 08:09:18.628451 UTC,2024-01-08 08:11:15.628451 UTC
11320935,12,4821,2024-02-27 16:22:18.628451 UTC,2024-02-27 16:28:59.628451 UTC
11147949,12,9034,2024-02-16 03:15:18.628451 UTC,2024-02-16 03:23:23.628451 UTC
10344350,12,10567,2023-12-24 14:34:18.628451 UTC,2023-12-24 14:39:24.628451 UTC
12890785,12,621,2024-06-11 07:55:18.628451 UTC,2024-06-11 07:58:16.628451 UTC
10863233,12,3535,2024-01-28 04:11:18.628451 UTC,2024-01-28 04:19:01.628451 UTC
10454778,12,2807,2023-12-31 22:42:18.628451 UTC,2023-12-31 22:43:40.628451 UTC
13322265,12,974,2024-07-10 02:06:18.628451 UTC,2024-07-10 02:17:09.628451 UTC
12695916,12,1014,2024-05-29 07:58:18.628451 UTC,2024-05-29 08:11:24.628451 UTC
11877490,12,8261,2024-04-04 18:58:18.628451 UTC,2024-04-04 19:10:47.628451 UTC
10059153,12,9268,2023-12-05 13:29:18.628451 UTC,2023-12-05 13:39:26.628451 UTC
13014909,12,8767,2024-06-19 14:34:18.628451 UTC,2024-06-19 14:44:42.628451 UTC
861393,12,7428,2023-08-18 03:51:47.952295 UTC,2023-08-18 04:01:31.952295 UTC
10503603,12,1025,2024-01-04 04:09:18.628451 UTC,2024-01-04 04:10:09.628451 UTC
13460355,12,7982,2024-07-19 06:53:18.628451 UTC,2024-07-19 06:58:09.628451 UTC
12163421,12,3268,2024-04-23 19:04:18.628451 UTC,2024-04-23 19:13:15.628451 UTC
12812956,12,8528,2024-06-06 03:11:18.628451 UTC,2024-06-06 03:12:27.628451 UTC
11904353,12,10659,2024-04-06 14:18:18.628451 UTC,2024-04-06 14:20:47.628451 UTC
11313756,12,595,2024-02-27 04:47:18.628451 UTC,2024-02-27 04:48:15.628451 UTC
4849235,12,7752,2023-08-09 02:47:19.789965 UTC,2023-08-09 02:47:26.789965 UTC
11597002,12,411,2024-03-17 02:11:18.628451 UTC,2024-03-17 02:24:56.628451 UTC
12073217,12,6728,2024-04-17 18:58:18.628451 UTC,2024-04-17 18:59:58.628451 UTC
11513129,12,9129,2024-03-11 11:51:18.628451 UTC,2024-03-11 11:57:28.628451 UTC
10991152,12,7245,2024-02-05 16:23:18.628451 UTC,2024-02-05 16:30:56.628451 UTC
12187700,12,4147,2024-04-25 09:48:18.628451 UTC,2024-04-25 09:50:40.628451 UTC
1841116,12,2137,2023-08-02 20:01:58.052641 UTC,2023-08-02 20:16:14.052641 UTC
968280,12,3687,2023-11-07 12:19:47.952295 UTC,2023-11-07 12:27:10.952295 UTC
10434084,12,9583,2023-12-30 13:35:18.628451 UTC,2023-12-30 13:41:27.628451 UTC
11274612,12,8239,2024-02-24 13:57:18.628451 UTC,2024-02-24 13:59:58.628451 UTC
12206510,12,9604,2024-04-26 15:50:18.628451 UTC,2024-04-26 16:01:04.628451 UTC
859046,12,10088,2023-08-16 08:00:47.952295 UTC,2023-08-16 08:11:28.952295 UTC
7931775,12,8090,2023-10-10 18:20:10.93634 UTC,2023-10-10 18:25:46.93634 UTC
834534,12,7898,2023-07-28 16:34:47.952295 UTC,2023-07-28 16:41:40.952295 UTC
2932293,12,2099,2023-10-11 02:55:18.81691 UTC,2023-10-11 03:05:15.81691 UTC
10110619,12,9054,2023-12-08 23:37:18.628451 UTC,2023-12-08 23:42:25.628451 UTC
7919727,12,4152,2023-10-01 17:17:10.93634 UTC,2023-10-01 17:31:26.93634 UTC
12215642,12,10167,2024-04-27 06:25:18.628451 UTC,2024-04-27 06:38:25.628451 UTC
11839850,12,9613,2024-04-02 06:42:18.628451 UTC,2024-04-02 06:45:20.628451 UTC
12005838,12,5271,2024-04-13 07:31:18.628451 UTC,2024-04-13 07:36:55.628451 UTC
8845664,12,6098,2023-08-06 01:42:34.749663 UTC,2023-08-06 01:46:04.749663 UTC
4929288,12,9952,2023-10-09 00:37:19.789965 UTC,2023-10-09 00:50:04.789965 UTC
10448266,12,9858,2023-12-31 12:34:18.628451 UTC,2023-12-31 12:35:33.628451 UTC
5977149,12,8374,2023-11-14 07:58:46.226714 UTC,2023-11-14 08:10:02.226714 UTC
981554,12,282,2023-11-17 12:19:47.952295 UTC,2023-11-17 12:26:32.952295 UTC
12417979,12,9408,2024-05-10 18:48:18.628451 UTC,2024-05-10 18:52:13.628451 UTC
12312801,12,8785,2024-05-03 18:03:18.628451 UTC,2024-05-03 18:12:24.628451 UTC
11910706,12,5936,2024-04-07 00:27:18.628451 UTC,2024-04-07 00:37:30.628451 UTC
9950365,12,10210,2023-10-24 19:51:18.628451 UTC,2023-10-24 20:02:00.628451 UTC
10196736,12,9899,2023-12-14 18:24:18.628451 UTC,2023-12-14 18:26:39.628451 UTC
5951654,12,6366,2023-10-25 22:15:46.226714 UTC,2023-10-25 22:19:40.226714 UTC
12133793,12,5191,2024-04-21 20:08:18.628451 UTC,2024-04-21 20:15:15.628451 UTC
10048312,12,3426,2023-12-04 20:03:18.628451 UTC,2023-12-04 20:17:32.628451 UTC
11573983,13,6191,2024-03-15 12:59:18.628451 UTC,2024-03-15 13:03:51.628451 UTC
13414132,13,1496,2024-07-16 05:04:18.628451 UTC,2024-07-16 05:16:08.628451 UTC
12071117,13,5702,2024-04-17 15:32:18.628451 UTC,2024-04-17 15:35:47.628451 UTC
3846795,13,3044,2023-08-07 08:55:30.719616 UTC,2023-08-07 09:08:17.719616 UTC
10603689,13,1297,2024-01-10 20:56:18.628451 UTC,2024-01-10 20:56:23.628451 UTC
12142557,13,2259,2024-04-22 10:06:18.628451 UTC,2024-04-22 10:14:09.628451 UTC
3891056,13,8730,2023-09-10 02:41:30.719616 UTC,2023-09-10 02:43:15.719616 UTC
12319527,13,3700,2024-05-04 04:49:18.628451 UTC,2024-05-04 04:51:08.628451 UTC
10270912,13,9113,2023-12-19 17:19:18.628451 UTC,2023-12-19 17:22:49.628451 UTC
5956837,13,9307,2023-10-29 20:11:46.226714 UTC,2023-10-29 20:12:16.226714 UTC
11100288,13,797,2024-02-12 23:22:18.628451 UTC,2024-02-12 23:35:43.628451 UTC
12181547,13,6372,2024-04-24 23:39:18.628451 UTC,2024-04-24 23:54:08.628451 UTC
12745804,13,10266,2024-06-01 15:55:18.628451 UTC,2024-06-01 16:09:58.628451 UTC
10029793,13,3653,2023-12-03 14:05:18.628451 UTC,2023-12-03 14:07:29.628451 UTC
13144233,13,8228,2024-06-28 06:00:18.628451 UTC,2024-06-28 06:10:51.628451 UTC
11638709,13,8434,2024-03-19 20:36:18.628451 UTC,2024-03-19 20:39:04.628451 UTC
10887618,13,6757,2024-01-29 19:14:18.628451 UTC,2024-01-29 19:21:33.628451 UTC
9835793,13,4125,2023-07-29 12:34:18.628451 UTC,2023-07-29 12:46:42.628451 UTC
9828723,13,4928,2023-07-24 02:17:18.628451 UTC,2023-07-24 02:32:13.628451 UTC
12230252,13,8524,2024-04-28 05:44:18.628451 UTC,2024-04-28 05:50:17.628451 UTC
11676336,13,324,2024-03-22 08:44:18.628451 UTC,2024-03-22 08:53:17.628451 UTC
7866514,13,1715,2023-08-22 06:40:10.93634 UTC,2023-08-22 06:45:40.93634 UTC
3848464,13,9282,2023-08-08 15:42:30.719616 UTC,2023-08-08 15:45:43.719616 UTC
10323165,13,7079,2023-12-23 04:43:18.628451 UTC,2023-12-23 04:44:20.628451 UTC
11047836,13,8207,2024-02-09 11:23:18.628451 UTC,2024-02-09 11:28:26.628451 UTC
10528250,13,1787,2024-01-05 19:59:18.628451 UTC,2024-01-05 20:14:17.628451 UTC
12231820,13,973,2024-04-28 08:17:18.628451 UTC,2024-04-28 08:19:42.628451 UTC
914920,13,6841,2023-09-27 22:32:47.952295 UTC,2023-09-27 22:37:09.952295 UTC
4951992,13,4751,2023-10-26 00:52:19.789965 UTC,2023-10-26 01:00:01.789965 UTC
3893053,13,5245,2023-09-11 13:20:30.719616 UTC,2023-09-11 13:32:20.719616 UTC
7993312,13,8088,2023-11-26 13:21:10.93634 UTC,2023-11-26 13:35:57.93634 UTC
10996479,13,4878,2024-02-06 00:56:18.628451 UTC,2024-02-06 01:04:05.628451 UTC
13265197,13,8316,2024-07-06 06:29:18.628451 UTC,2024-07-06 06:34:59.628451 UTC
12432723,13,7118,2024-05-11 18:16:18.628451 UTC,2024-05-11 18:22:35.628451 UTC
12587561,13,4777,2024-05-22 01:41:18.628451 UTC,2024-05-22 01:52:10.628451 UTC
12451155,13,6165,2024-05-12 23:45:18.628451 UTC,2024-05-12 23:57:50.628451 UTC
9950508,13,1266,2023-10-24 22:23:18.628451 UTC,2023-10-24 22:35:55.628451 UTC
3888163,13,155,2023-09-07 21:50:30.719616 UTC,2023-09-07 21:52:50.719616 UTC
11709169,13,6603,2024-03-24 13:17:18.628451 UTC,2024-03-24 13:20:37.628451 UTC
868862,13,3380,2023-08-23 20:47:47.952295 UTC,2023-08-23 20:49:16.952295 UTC
11077434,13,4291,2024-02-11 10:54:18.628451 UTC,2024-02-11 11:03:27.628451 UTC
10468200,13,512,2024-01-01 20:08:18.628451 UTC,2024-01-01 20:17:01.628451 UTC
12103481,13,9504,2024-04-19 19:49:18.628451 UTC,2024-04-19 19:51:26.628451 UTC
13219712,13,3776,2024-07-03 06:16:18.628451 UTC,2024-07-03 06:16:47.628451 UTC
10236076,13,1644,2023-12-17 09:43:18.628451 UTC,2023-12-17 09:45:04.628451 UTC
8976506,13,4093,2023-11-13 15:33:34.749663 UTC,2023-11-13 15:40:17.749663 UTC
11393863,13,9374,2024-03-03 12:37:18.628451 UTC,2024-03-03 12:48:04.628451 UTC
10417758,13,6012,2023-12-29 11:48:18.628451 UTC,2023-12-29 11:51:01.628451 UTC
10310729,13,6270,2023-12-22 08:46:18.628451 UTC,2023-12-22 08:53:17.628451 UTC
11224464,13,523,2024-02-21 06:06:18.628451 UTC,2024-02-21 06:08:59.628451 UTC
13340647,13,6727,2024-07-11 07:26:18.628451 UTC,2024-07-11 07:33:25.628451 UTC
13509103,13,10016,2024-07-22 13:00:18.628451 UTC,2024-07-22 13:03:38.628451 UTC
10657552,13,2900,2024-01-14 11:39:18.628451 UTC,2024-01-14 11:41:55.628451 UTC
11645756,13,5144,2024-03-20 08:06:18.628451 UTC,2024-03-20 08:20:44.628451 UTC
12163452,13,4861,2024-04-23 19:08:18.628451 UTC,2024-04-23 19:10:54.628451 UTC
10939040,13,6823,2024-02-02 04:58:18.628451 UTC,2024-02-02 05:00:26.628451 UTC
13331101,13,9949,2024-07-10 16:06:18.628451 UTC,2024-07-10 16:19:23.628451 UTC
9985379,13,8168,2023-11-20 12:11:18.628451 UTC,2023-11-20 12:20:09.628451 UTC
10845978,13,7651,2024-01-27 00:19:18.628451 UTC,2024-01-27 00:33:22.628451 UTC
11442053,13,5949,2024-03-06 17:32:18.628451 UTC,2024-03-06 17:40:48.628451 UTC
10045573,13,3082,2023-12-04 15:41:18.628451 UTC,2023-12-04 15:42:25.628451 UTC
12230119,13,1212,2024-04-28 05:30:18.628451 UTC,2024-04-28 05:39:44.628451 UTC
11126062,13,1785,2024-02-14 16:26:18.628451 UTC,2024-02-14 16:30:26.628451 UTC
6869444,13,854,2023-08-24 03:31:33.269681 UTC,2023-08-24 03:40:12.269681 UTC
1995621,13,2616,2023-11-28 06:18:58.052641 UTC,2023-11-28 06:27:18.052641 UTC
11366613,13,3422,2024-03-01 17:06:18.628451 UTC,2024-03-01 17:11:06.628451 UTC
11674549,13,6489,2024-03-22 05:56:18.628451 UTC,2024-03-22 05:57:00.628451 UTC
9831000,13,4615,2023-07-25 18:57:18.628451 UTC,2023-07-25 19:11:38.628451 UTC
12056025,13,10600,2024-04-16 15:25:18.628451 UTC,2024-04-16 15:32:09.628451 UTC
12353684,13,414,2024-05-06 11:41:18.628451 UTC,2024-05-06 11:50:00.628451 UTC
12777237,13,1145,2024-06-03 18:25:18.628451 UTC,2024-06-03 18:27:49.628451 UTC
5831852,13,3787,2023-07-26 19:44:46.226714 UTC,2023-07-26 19:47:02.226714 UTC
11372466,13,693,2024-03-02 02:27:18.628451 UTC,2024-03-02 02:38:52.628451 UTC
12488800,13,8935,2024-05-15 12:14:18.628451 UTC,2024-05-15 12:21:56.628451 UTC
10883890,13,3588,2024-01-29 13:10:18.628451 UTC,2024-01-29 13:13:28.628451 UTC
11677671,13,1776,2024-03-22 10:55:18.628451 UTC,2024-03-22 11:05:25.628451 UTC
11362571,13,9114,2024-03-01 10:46:18.628451 UTC,2024-03-01 10:51:42.628451 UTC
11187126,13,7725,2024-02-18 18:25:18.628451 UTC,2024-02-18 18:33:45.628451 UTC
13085772,13,1784,2024-06-24 08:42:18.628451 UTC,2024-06-24 08:47:58.628451 UTC
12885695,13,1750,2024-06-10 23:48:18.628451 UTC,2024-06-10 23:57:27.628451 UTC
11991105,13,8686,2024-04-12 08:19:18.628451 UTC,2024-04-12 08:28:59.628451 UTC
11428190,13,9078,2024-03-05 19:27:18.628451 UTC,2024-03-05 19:41:23.628451 UTC
3955434,13,2504,2023-10-28 18:39:30.719616 UTC,2023-10-28 18:45:22.719616 UTC
12254559,13,9076,2024-04-29 20:48:18.628451 UTC,2024-04-29 20:49:16.628451 UTC
1905292,13,8148,2023-09-20 16:01:58.052641 UTC,2023-09-20 16:06:59.052641 UTC
10896257,13,1193,2024-01-30 08:44:18.628451 UTC,2024-01-30 08:51:25.628451 UTC
12060546,13,5125,2024-04-16 22:29:18.628451 UTC,2024-04-16 22:40:49.628451 UTC
10705437,13,5794,2024-01-17 16:02:18.628451 UTC,2024-01-17 16:14:45.628451 UTC
11594364,13,7461,2024-03-16 21:58:18.628451 UTC,2024-03-16 22:08:44.628451 UTC
13461625,13,10348,2024-07-19 08:53:18.628451 UTC,2024-07-19 09:07:19.628451 UTC
11871893,14,545,2024-04-04 09:58:18.628451 UTC,2024-04-04 10:03:44.628451 UTC
10249056,14,5629,2023-12-18 06:22:18.628451 UTC,2023-12-18 06:22:25.628451 UTC
12538873,14,4763,2024-05-18 20:07:18.628451 UTC,2024-05-18 20:13:57.628451 UTC
10321052,14,9158,2023-12-23 01:21:18.628451 UTC,2023-12-23 01:34:45.628451 UTC
13422645,14,10182,2024-07-16 18:22:18.628451 UTC,2024-07-16 18:34:32.628451 UTC
11016210,14,2915,2024-02-07 08:30:18.628451 UTC,2024-02-07 08:34:59.628451 UTC
13367975,14,3479,2024-07-13 03:12:18.628451 UTC,2024-07-13 03:16:08.628451 UTC
10540813,14,5551,2024-01-06 16:06:18.628451 UTC,2024-01-06 16:07:18.628451 UTC
10715645,14,9975,2024-01-18 08:42:18.628451 UTC,2024-01-18 08:54:49.628451 UTC
11437547,14,2444,2024-03-06 10:16:18.628451 UTC,2024-03-06 10:18:19.628451 UTC
12025013,14,1554,2024-04-14 14:00:18.628451 UTC,2024-04-14 14:12:11.628451 UTC
10040004,14,9084,2023-12-04 06:40:18.628451 UTC,2023-12-04 06:41:09.628451 UTC
10848061,14,10172,2024-01-27 03:39:18.628451 UTC,2024-01-27 03:40:15.628451 UTC
12508789,14,494,2024-05-16 20:02:18.628451 UTC,2024-05-16 20:07:50.628451 UTC
11189177,14,8768,2024-02-18 21:41:18.628451 UTC,2024-02-18 21:52:30.628451 UTC
12047064,14,4657,2024-04-16 01:03:18.628451 UTC,2024-04-16 01:10:54.628451 UTC
11753285,14,2101,2024-03-27 11:53:18.628451 UTC,2024-03-27 11:54:07.628451 UTC
10184368,14,4940,2023-12-13 22:26:18.628451 UTC,2023-12-13 22:34:08.628451 UTC
10847196,14,1643,2024-01-27 02:17:18.628451 UTC,2024-01-27 02:29:46.628451 UTC
13117743,14,7988,2024-06-26 11:22:18.628451 UTC,2024-06-26 11:35:27.628451 UTC
10781118,14,3339,2024-01-22 16:45:18.628451 UTC,2024-01-22 16:49:14.628451 UTC
11095594,14,3880,2024-02-12 15:59:18.628451 UTC,2024-02-12 16:14:08.628451 UTC
12620363,14,4240,2024-05-24 06:11:18.628451 UTC,2024-05-24 06:19:17.628451 UTC
12173789,14,5911,2024-04-24 11:21:18.628451 UTC,2024-04-24 11:29:40.628451 UTC
13162280,14,4635,2024-06-29 10:46:18.628451 UTC,2024-06-29 10:50:05.628451 UTC
11083900,14,8512,2024-02-11 21:17:18.628451 UTC,2024-02-11 21:18:26.628451 UTC
5936286,14,1712,2023-10-14 07:57:46.226714 UTC,2023-10-14 08:04:44.226714 UTC
10789248,14,949,2024-01-23 05:42:18.628451 UTC,2024-01-23 05:53:40.628451 UTC
10393289,14,4483,2023-12-27 20:52:18.628451 UTC,2023-12-27 20:56:09.628451 UTC
13061138,14,7826,2024-06-22 16:54:18.628451 UTC,2024-06-22 17:05:52.628451 UTC
5979532,14,4041,2023-11-16 04:23:46.226714 UTC,2023-11-16 04:33:12.226714 UTC
13154330,14,2208,2024-06-28 22:09:18.628451 UTC,2024-06-28 22:19:45.628451 UTC
12376655,14,6254,2024-05-08 00:12:18.628451 UTC,2024-05-08 00:20:30.628451 UTC
3863382,14,4032,2023-08-20 00:49:30.719616 UTC,2023-08-20 01:02:26.719616 UTC
1979796,14,1266,2023-11-16 06:32:58.052641 UTC,2023-11-16 06:33:13.052641 UTC
12648072,14,1976,2024-05-26 02:52:18.628451 UTC,2024-05-26 02:55:28.628451 UTC
11384680,14,1494,2024-03-02 22:07:18.628451 UTC,2024-03-02 22:18:12.628451 UTC
12138487,14,5157,2024-04-22 03:36:18.628451 UTC,2024-04-22 03:50:58.628451 UTC
11978349,14,10696,2024-04-11 11:40:18.628451 UTC,2024-04-11 11:50:15.628451 UTC
13173616,14,8410,2024-06-30 04:49:18.628451 UTC,2024-06-30 04:50:32.628451 UTC
12704417,14,5332,2024-05-29 21:32:18.628451 UTC,2024-05-29 21:42:42.628451 UTC
13256966,14,7845,2024-07-05 17:20:18.628451 UTC,2024-07-05 17:28:24.628451 UTC
11942965,14,7541,2024-04-09 03:28:18.628451 UTC,2024-04-09 03:35:17.628451 UTC
4961467,14,460,2023-11-02 04:46:19.789965 UTC,2023-11-02 04:46:48.789965 UTC
3901317,14,4159,2023-09-17 19:00:30.719616 UTC,2023-09-17 19:14:25.719616 UTC
11051198,14,3200,2024-02-09 16:42:18.628451 UTC,2024-02-09 16:45:39.628451 UTC
12174306,14,2924,2024-04-24 12:11:18.628451 UTC,2024-04-24 12:15:01.628451 UTC
3868078,14,2667,2023-08-23 14:45:30.719616 UTC,2023-08-23 14:47:36.719616 UTC
2844781,14,2972,2023-08-05 21:06:18.81691 UTC,2023-08-05 21:11:41.81691 UTC
10650026,14,5224,2024-01-13 23:09:18.628451 UTC,2024-01-13 23:11:46.628451 UTC
12995705,14,4266,2024-06-18 07:50:18.628451 UTC,2024-06-18 07:54:07.628451 UTC
12551853,14,4927,2024-05-19 17:05:18.628451 UTC,2024-05-19 17:12:01.628451 UTC
5836064,14,4513,2023-07-30 01:06:46.226714 UTC,2023-07-30 01:11:42.226714 UTC
13242316,14,10261,2024-07-04 17:45:18.628451 UTC,2024-07-04 17:46:36.628451 UTC
11853574,14,2451,2024-04-03 04:52:18.628451 UTC,2024-04-03 04:59:44.628451 UTC
2897488,14,9263,2023-09-14 11:31:18.81691 UTC,2023-09-14 11:46:00.81691 UTC
3956773,14,1788,2023-10-29 18:39:30.719616 UTC,2023-10-29 18:50:53.719616 UTC
7926539,14,4196,2023-10-06 19:19:10.93634 UTC,2023-10-06 19:28:59.93634 UTC
10958045,14,2569,2024-02-03 11:15:18.628451 UTC,2024-02-03 11:17:29.628451 UTC
12059419,14,5091,2024-04-16 20:41:18.628451 UTC,2024-04-16 20:50:54.628451 UTC
12713246,14,450,2024-05-30 11:46:18.628451 UTC,2024-05-30 11:48:26.628451 UTC
11754766,14,4476,2024-03-27 14:11:18.628451 UTC,2024-03-27 14:17:11.628451 UTC
6839841,14,4116,2023-08-01 12:40:33.269681 UTC,2023-08-01 12:49:27.269681 UTC
12319300,14,9071,2024-05-04 04:28:18.628451 UTC,2024-05-04 04:41:31.628451 UTC
10048990,14,7348,2023-12-04 21:07:18.628451 UTC,2023-12-04 21:17:02.628451 UTC
10296776,14,5376,2023-12-21 10:53:18.628451 UTC,2023-12-21 11:07:22.628451 UTC
11405858,14,7151,2024-03-04 07:54:18.628451 UTC,2024-03-04 07:59:33.628451 UTC
5980760,14,6434,2023-11-17 02:38:46.226714 UTC,2023-11-17 02:50:19.226714 UTC
10061392,14,8353,2023-12-05 16:54:18.628451 UTC,2023-12-05 16:58:07.628451 UTC
11194654,14,4947,2024-02-19 06:28:18.628451 UTC,2024-02-19 06:33:11.628451 UTC
12909396,14,598,2024-06-12 13:53:18.628451 UTC,2024-06-12 14:03:44.628451 UTC
11261688,14,5374,2024-02-23 17:30:18.628451 UTC,2024-02-23 17:40:50.628451 UTC
10343429,14,2431,2023-12-24 13:08:18.628451 UTC,2023-12-24 13:15:50.628451 UTC
12204215,14,4852,2024-04-26 12:12:18.628451 UTC,2024-04-26 12:16:21.628451 UTC
12015915,14,2527,2024-04-13 23:26:18.628451 UTC,2024-04-13 23:35:02.628451 UTC
10466697,14,5445,2024-01-01 17:43:18.628451 UTC,2024-01-01 17:52:00.628451 UTC
11582522,14,5041,2024-03-16 02:50:18.628451 UTC,2024-03-16 03:04:00.628451 UTC
10725760,14,4394,2024-01-19 00:35:18.628451 UTC,2024-01-19 00:44:00.628451 UTC
12780150,14,8020,2024-06-03 22:59:18.628451 UTC,2024-06-03 23:12:50.628451 UTC
12843474,14,7144,2024-06-08 04:04:18.628451 UTC,2024-06-08 04:11:12.628451 UTC
11422604,14,10098,2024-03-05 10:30:18.628451 UTC,2024-03-05 10:34:45.628451 UTC
10303300,14,621,2023-12-21 21:12:18.628451 UTC,2023-12-21 21:26:12.628451 UTC
13460467,14,7803,2024-07-19 07:02:18.628451 UTC,2024-07-19 07:13:48.628451 UTC
4895588,14,5583,2023-09-13 13:40:19.789965 UTC,2023-09-13 13:43:48.789965 UTC
13304259,14,1826,2024-07-08 21:03:18.628451 UTC,2024-07-08 21:11:03.628451 UTC
7919542,14,440,2023-10-01 13:53:10.93634 UTC,2023-10-01 13:55:35.93634 UTC
3918123,14,3475,2023-09-30 13:02:30.719616 UTC,2023-09-30 13:12:17.719616 UTC
968957,14,5869,2023-11-08 00:25:47.952295 UTC,2023-11-08 00:36:10.952295 UTC
12524491,14,5216,2024-05-17 21:10:18.628451 UTC,2024-05-17 21:16:15.628451 UTC
12663145,14,7409,2024-05-27 03:10:18.628451 UTC,2024-05-27 03:14:06.628451 UTC
13134809,14,3188,2024-06-27 14:53:18.628451 UTC,2024-06-27 15:01:03.628451 UTC
2844332,14,4098,2023-08-05 12:50:18.81691 UTC,2023-08-05 12:53:48.81691 UTC
5973980,14,3385,2023-11-11 22:13:46.226714 UTC,2023-11-11 22:21:26.226714 UTC
5939730,14,3093,2023-10-16 21:03:46.226714 UTC,2023-10-16 21:07:20.226714 UTC
6928695,14,5486,2023-10-08 13:57:33.269681 UTC,2023-10-08 14:05:25.269681 UTC
11387015,14,1687,2024-03-03 01:59:18.628451 UTC,2024-03-03 02:07:36.628451 UTC
10570434,14,484,2024-01-08 15:20:18.628451 UTC,2024-01-08 15:21:11.628451 UTC
10656492,15,1966,2024-01-14 09:53:18.628451 UTC,2024-01-14 10:05:45.628451 UTC
4942646,15,3728,2023-10-18 23:57:19.789965 UTC,2023-10-19 00:06:43.789965 UTC
911589,15,8737,2023-09-25 08:35:47.952295 UTC,2023-09-25 08:42:06.952295 UTC
984575,15,1076,2023-11-19 20:42:47.952295 UTC,2023-11-19 20:49:08.952295 UTC
10674864,15,1026,2024-01-15 15:20:18.628451 UTC,2024-01-15 15:31:48.628451 UTC
10249231,15,6529,2023-12-18 06:40:18.628451 UTC,2023-12-18 06:50:16.628451 UTC
12325125,15,10598,2024-05-04 13:43:18.628451 UTC,2024-05-04 13:50:47.628451 UTC
11338339,15,8444,2024-02-28 20:13:18.628451 UTC,2024-02-28 20:16:53.628451 UTC
10149896,15,9539,2023-12-11 15:12:18.628451 UTC,2023-12-11 15:15:37.628451 UTC
10258698,15,252,2023-12-18 21:45:18.628451 UTC,2023-12-18 21:45:57.628451 UTC
10294779,15,158,2023-12-21 07:43:18.628451 UTC,2023-12-21 07:53:52.628451 UTC
11234528,15,6200,2024-02-21 22:13:18.628451 UTC,2024-02-21 22:26:11.628451 UTC
11724855,15,8996,2024-03-25 14:40:18.628451 UTC,2024-03-25 14:48:14.628451 UTC
12964431,15,2303,2024-06-16 06:07:18.628451 UTC,2024-06-16 06:14:12.628451 UTC
11248974,15,6424,2024-02-22 21:22:18.628451 UTC,2024-02-22 21:27:36.628451 UTC
5931677,15,2353,2023-10-10 20:44:46.226714 UTC,2023-10-10 20:48:23.226714 UTC
10458017,15,5678,2024-01-01 03:54:18.628451 UTC,2024-01-01 04:06:17.628451 UTC
12722787,15,8217,2024-05-31 03:14:18.628451 UTC,2024-05-31 03:24:43.628451 UTC
11170411,15,2833,2024-02-17 15:24:18.628451 UTC,2024-02-17 15:37:16.628451 UTC
9881789,15,938,2023-09-02 11:26:18.628451 UTC,2023-09-02 11:39:20.628451 UTC
7916530,15,1163,2023-09-29 05:16:10.93634 UTC,2023-09-29 05:19:17.93634 UTC
10103024,15,3723,2023-12-08 11:33:18.628451 UTC,2023-12-08 11:41:03.628451 UTC
11609025,15,42,2024-03-17 21:12:18.628451 UTC,2024-03-17 21:18:40.628451 UTC
11179593,15,5561,2024-02-18 06:05:18.628451 UTC,2024-02-18 06:13:04.628451 UTC
13119605,15,5014,2024-06-26 14:21:18.628451 UTC,2024-06-26 14:28:06.628451 UTC
13497245,15,5525,2024-07-21 18:05:18.628451 UTC,2024-07-21 18:11:55.628451 UTC
9948074,15,8947,2023-10-23 02:20:18.628451 UTC,2023-10-23 02:31:36.628451 UTC
5979466,15,2898,2023-11-16 03:02:46.226714 UTC,2023-11-16 03:12:58.226714 UTC
12310809,15,7738,2024-05-03 14:49:18.628451 UTC,2024-05-03 14:58:36.628451 UTC
10725306,15,3683,2024-01-18 23:50:18.628451 UTC,2024-01-18 23:59:37.628451 UTC
12583164,15,8335,2024-05-21 18:44:18.628451 UTC,2024-05-21 18:59:07.628451 UTC
6884275,15,7086,2023-09-04 12:00:33.269681 UTC,2023-09-04 12:07:38.269681 UTC
10600557,15,1727,2024-01-10 15:55:18.628451 UTC,2024-01-10 16:06:00.628451 UTC
7911729,15,3049,2023-09-25 14:45:10.93634 UTC,2023-09-25 15:00:08.93634 UTC
13334653,15,373,2024-07-10 21:48:18.628451 UTC,2024-07-10 22:01:29.628451 UTC
12350933,15,1790,2024-05-06 07:07:18.628451 UTC,2024-05-06 07:18:02.628451 UTC
12975170,15,5212,2024-06-16 23:04:18.628451 UTC,2024-06-16 23:14:08.628451 UTC
10110027,15,8000,2023-12-08 22:40:18.628451 UTC,2023-12-08 22:43:15.628451 UTC
10210659,15,7665,2023-12-15 16:53:18.628451 UTC,2023-12-15 16:54:23.628451 UTC
12387645,15,2330,2024-05-08 17:47:18.628451 UTC,2024-05-08 17:49:27.628451 UTC
10466427,15,2747,2024-01-01 17:19:18.628451 UTC,2024-01-01 17:27:36.628451 UTC
10615694,15,4809,2024-01-11 16:09:18.628451 UTC,2024-01-11 16:10:47.628451 UTC
13403172,15,2933,2024-07-15 11:38:18.628451 UTC,2024-07-15 11:49:50.628451 UTC
10904601,15,3386,2024-01-30 21:44:18.628451 UTC,2024-01-30 21:50:50.628451 UTC
10591246,15,1162,2024-01-10 00:56:18.628451 UTC,2024-01-10 00:56:23.628451 UTC
10687762,15,3464,2024-01-16 12:03:18.628451 UTC,2024-01-16 12:09:38.628451 UTC
10295292,15,4510,2023-12-21 08:32:18.628451 UTC,2023-12-21 08:35:23.628451 UTC
10447438,15,8057,2023-12-31 11:10:18.628451 UTC,2023-12-31 11:24:18.628451 UTC
6961503,15,6255,2023-11-02 13:30:33.269681 UTC,2023-11-02 13:43:20.269681 UTC
11713287,15,3893,2024-03-24 19:55:18.628451 UTC,2024-03-24 19:57:25.628451 UTC
11190630,15,6880,2024-02-19 00:02:18.628451 UTC,2024-02-19 00:16:29.628451 UTC
10640021,15,8212,2024-01-13 07:11:18.628451 UTC,2024-01-13 07:19:32.628451 UTC
861538,15,9446,2023-08-18 06:28:47.952295 UTC,2023-08-18 06:30:07.952295 UTC
10358167,15,8162,2023-12-25 12:44:18.628451 UTC,2023-12-25 12:58:33.628451 UTC
10515724,15,10091,2024-01-04 23:39:18.628451 UTC,2024-01-04 23:52:00.628451 UTC
9999205,15,6170,2023-11-30 23:59:18.628451 UTC,2023-12-01 00:07:52.628451 UTC
13487899,15,434,2024-07-21 03:00:18.628451 UTC,2024-07-21 03:12:22.628451 UTC
10738759,15,749,2024-01-19 21:32:18.628451 UTC,2024-01-19 21:34:16.628451 UTC
11841650,15,2787,2024-04-02 09:37:18.628451 UTC,2024-04-02 09:46:30.628451 UTC
8962220,15,10063,2023-11-02 15:53:34.749663 UTC,2023-11-02 16:04:43.749663 UTC
10048641,15,2674,2023-12-04 20:35:18.628451 UTC,2023-12-04 20:49:33.628451 UTC
13397017,15,1652,2024-07-15 01:58:18.628451 UTC,2024-07-15 02:11:45.628451 UTC
11112416,15,2507,2024-02-13 18:46:18.628451 UTC,2024-02-13 18:50:23.628451 UTC
5833172,15,2966,2023-07-27 20:32:46.226714 UTC,2023-07-27 20:42:42.226714 UTC
11590320,15,9833,2024-03-16 15:25:18.628451 UTC,2024-03-16 15:37:53.628451 UTC
12598829,15,6334,2024-05-22 19:37:18.628451 UTC,2024-05-22 19:51:06.628451 UTC
841750,15,8096,2023-08-03 03:03:47.952295 UTC,2023-08-03 03:16:21.952295 UTC
12170262,15,9444,2024-04-24 05:50:18.628451 UTC,2024-04-24 06:00:57.628451 UTC
11598389,15,5248,2024-03-17 04:19:18.628451 UTC,2024-03-17 04:30:07.628451 UTC
10961632,15,5440,2024-02-03 16:56:18.628451 UTC,2024-02-03 17:06:39.628451 UTC
12962740,15,2547,2024-06-16 03:21:18.628451 UTC,2024-06-16 03:33:34.628451 UTC
1995830,15,2779,2023-11-28 10:00:58.052641 UTC,2023-11-28 10:09:07.052641 UTC
10246265,15,1568,2023-12-18 01:57:18.628451 UTC,2023-12-18 02:01:07.628451 UTC
12120073,15,4971,2024-04-20 22:04:18.628451 UTC,2024-04-20 22:18:58.628451 UTC
10453765,15,6386,2023-12-31 21:06:18.628451 UTC,2023-12-31 21:14:18.628451 UTC
13079127,15,3063,2024-06-23 22:05:18.628451 UTC,2024-06-23 22:17:11.628451 UTC
10452609,15,8483,2023-12-31 19:18:18.628451 UTC,2023-12-31 19:32:53.628451 UTC
11264461,15,6949,2024-02-23 21:55:18.628451 UTC,2024-02-23 22:05:58.628451 UTC
12109004,15,4860,2024-04-20 04:32:18.628451 UTC,2024-04-20 04:47:07.628451 UTC
10233077,15,271,2023-12-17 04:49:18.628451 UTC,2023-12-17 04:57:52.628451 UTC
4942687,15,2731,2023-10-19 00:37:19.789965 UTC,2023-10-19 00:50:02.789965 UTC
10941589,15,3530,2024-02-02 09:06:18.628451 UTC,2024-02-02 09:16:38.628451 UTC
9949270,15,4342,2023-10-24 00:19:18.628451 UTC,2023-10-24 00:30:21.628451 UTC
2913971,15,3818,2023-09-27 05:04:18.81691 UTC,2023-09-27 05:06:49.81691 UTC
10323516,15,611,2023-12-23 05:17:18.628451 UTC,2023-12-23 05:24:33.628451 UTC
5850132,15,5662,2023-08-09 21:33:46.226714 UTC,2023-08-09 21:35:15.226714 UTC
10832508,15,1444,2024-01-26 02:53:18.628451 UTC,2024-01-26 02:53:22.628451 UTC
13005301,15,2162,2024-06-18 23:06:18.628451 UTC,2024-06-18 23:20:57.628451 UTC
11087554,15,2079,2024-02-12 03:21:18.628451 UTC,2024-02-12 03:36:03.628451 UTC
11259052,15,2903,2024-02-23 13:28:18.628451 UTC,2024-02-23 13:40:24.628451 UTC
13208491,15,10526,2024-07-02 12:08:18.628451 UTC,2024-07-02 12:15:31.628451 UTC
4849873,15,3938,2023-08-09 15:01:19.789965 UTC,2023-08-09 15:14:01.789965 UTC
2839313,15,7696,2023-08-01 17:34:18.81691 UTC,2023-08-01 17:37:07.81691 UTC
12586851,15,3497,2024-05-22 00:35:18.628451 UTC,2024-05-22 00:38:38.628451 UTC
908461,15,3823,2023-09-22 23:50:47.952295 UTC,2023-09-22 23:55:52.952295 UTC
11929667,15,8817,2024-04-08 06:30:18.628451 UTC,2024-04-08 06:30:55.628451 UTC
933271,15,8342,2023-10-11 22:40:47.952295 UTC,2023-10-11 22:55:09.952295 UTC
13040819,15,9775,2024-06-21 08:07:18.628451 UTC,2024-06-21 08:21:06.628451 UTC
6931564,15,9612,2023-10-10 18:11:33.269681 UTC,2023-10-10 18:12:21.269681 UTC
13383143,15,7920,2024-07-14 03:40:18.628451 UTC,2024-07-14 03:44:58.628451 UTC
5940579,15,8306,2023-10-17 13:27:46.226714 UTC,2023-10-17 13:37:06.226714 UTC
12396962,15,6553,2024-05-09 08:44:18.628451 UTC,2024-05-09 08:51:49.628451 UTC
10195872,15,3390,2023-12-14 17:02:18.628451 UTC,2023-12-14 17:17:13.628451 UTC
10048347,15,9827,2023-12-04 20:07:18.628451 UTC,2023-12-04 20:11:57.628451 UTC
6916064,15,6409,2023-09-28 22:04:33.269681 UTC,2023-09-28 22:14:15.269681 UTC
11670489,15,7009,2024-03-21 23:27:18.628451 UTC,2024-03-21 23:37:07.628451 UTC
10125279,15,6536,2023-12-09 23:13:18.628451 UTC,2023-12-09 23:27:49.628451 UTC
10524710,15,2955,2024-01-05 14:11:18.628451 UTC,2024-01-05 14:14:17.628451 UTC
894656,15,187,2023-09-12 12:40:47.952295 UTC,2023-09-12 12:49:02.952295 UTC
4835758,15,7789,2023-07-29 19:56:19.789965 UTC,2023-07-29 20:00:52.789965 UTC
11146935,15,4111,2024-02-16 01:42:18.628451 UTC,2024-02-16 01:51:57.628451 UTC
12988563,15,8832,2024-06-17 20:38:18.628451 UTC,2024-06-17 20:46:25.628451 UTC
10629624,15,7984,2024-01-12 14:26:18.628451 UTC,2024-01-12 14:33:48.628451 UTC
7861329,15,10,2023-08-18 07:55:10.93634 UTC,2023-08-18 08:02:48.93634 UTC
11095947,15,451,2024-02-12 16:32:18.628451 UTC,2024-02-12 16:39:30.628451 UTC
10346439,15,923,2023-12-24 17:51:18.628451 UTC,2023-12-24 17:56:49.628451 UTC
13301568,15,9904,2024-07-08 16:42:18.628451 UTC,2024-07-08 16:49:34.628451 UTC
12925184,15,6274,2024-06-13 14:58:18.628451 UTC,2024-06-13 15:05:51.628451 UTC
10717734,15,1972,2024-01-18 11:57:18.628451 UTC,2024-01-18 12:10:33.628451 UTC
12283088,15,4656,2024-05-01 18:31:18.628451 UTC,2024-05-01 18:34:39.628451 UTC
10027585,16,1803,2023-12-03 10:27:18.628451 UTC,2023-12-03 10:32:24.628451 UTC
11442734,16,5836,2024-03-06 18:40:18.628451 UTC,2024-03-06 18:40:22.628451 UTC
11064094,16,5108,2024-02-10 13:36:18.628451 UTC,2024-02-10 13:37:48.628451 UTC
13021776,16,7733,2024-06-20 01:32:18.628451 UTC,2024-06-20 01:35:00.628451 UTC
10680428,16,2570,2024-01-16 00:23:18.628451 UTC,2024-01-16 00:37:55.628451 UTC
13422522,16,2331,2024-07-16 18:09:18.628451 UTC,2024-07-16 18:18:47.628451 UTC
10949653,16,1921,2024-02-02 21:47:18.628451 UTC,2024-02-02 21:53:26.628451 UTC
7991551,16,8261,2023-11-25 05:17:10.93634 UTC,2023-11-25 05:21:34.93634 UTC
13485735,16,6504,2024-07-20 23:23:18.628451 UTC,2024-07-20 23:33:22.628451 UTC
10720005,16,2331,2024-01-18 15:32:18.628451 UTC,2024-01-18 15:36:58.628451 UTC
5885709,16,680,2023-09-05 19:41:46.226714 UTC,2023-09-05 19:48:52.226714 UTC
7866188,16,989,2023-08-22 01:06:10.93634 UTC,2023-08-22 01:10:28.93634 UTC
898832,16,5225,2023-09-15 15:20:47.952295 UTC,2023-09-15 15:29:49.952295 UTC
10552882,16,863,2024-01-07 11:25:18.628451 UTC,2024-01-07 11:36:49.628451 UTC
3855429,16,6812,2023-08-13 23:27:30.719616 UTC,2023-08-13 23:42:11.719616 UTC
12320220,16,1919,2024-05-04 06:00:18.628451 UTC,2024-05-04 06:11:44.628451 UTC
9891159,16,1869,2023-09-09 15:23:18.628451 UTC,2023-09-09 15:34:55.628451 UTC
10582364,16,6025,2024-01-09 10:35:18.628451 UTC,2024-01-09 10:45:47.628451 UTC
11380172,16,789,2024-03-02 14:48:18.628451 UTC,2024-03-02 14:50:33.628451 UTC
12962797,16,4988,2024-06-16 03:27:18.628451 UTC,2024-06-16 03:37:48.628451 UTC
12550972,16,5457,2024-05-19 15:39:18.628451 UTC,2024-05-19 15:40:02.628451 UTC
4972833,16,2574,2023-11-10 21:35:19.789965 UTC,2023-11-10 21:45:51.789965 UTC
12407772,16,7533,2024-05-10 02:28:18.628451 UTC,2024-05-10 02:35:59.628451 UTC
11186772,16,9632,2024-02-18 17:49:18.628451 UTC,2024-02-18 18:03:02.628451 UTC
11437550,16,5578,2024-03-06 10:16:18.628451 UTC,2024-03-06 10:29:08.628451 UTC
13314731,16,6383,2024-07-09 13:46:18.628451 UTC,2024-07-09 13:54:25.628451 UTC
12353553,16,2221,2024-05-06 11:29:18.628451 UTC,2024-05-06 11:34:47.628451 UTC
10481453,16,6291,2024-01-02 17:02:18.628451 UTC,2024-01-02 17:06:09.628451 UTC
1858528,16,9381,2023-08-16 05:02:58.052641 UTC,2023-08-16 05:10:27.052641 UTC
11505640,16,6725,2024-03-10 23:33:18.628451 UTC,2024-03-10 23:40:37.628451 UTC
13016076,16,10565,2024-06-19 16:29:18.628451 UTC,2024-06-19 16:40:18.628451 UTC
12380469,16,1628,2024-05-08 06:16:18.628451 UTC,2024-05-08 06:19:32.628451 UTC
9887712,16,8988,2023-09-06 22:30:18.628451 UTC,2023-09-06 22:40:09.628451 UTC
5904808,16,3824,2023-09-20 10:26:46.226714 UTC,2023-09-20 10:31:07.226714 UTC
4976579,16,10581,2023-11-13 17:35:19.789965 UTC,2023-11-13 17:42:25.789965 UTC
4997102,16,2591,2023-11-29 09:09:19.789965 UTC,2023-11-29 09:12:17.789965 UTC
13365851,16,8209,2024-07-12 23:50:18.628451 UTC,2024-07-12 23:55:50.628451 UTC
10933812,16,8293,2024-02-01 20:28:18.628451 UTC,2024-02-01 20:42:31.628451 UTC
11706624,16,2473,2024-03-24 09:04:18.628451 UTC,2024-03-24 09:05:55.628451 UTC
12108766,16,5988,2024-04-20 04:10:18.628451 UTC,2024-04-20 04:18:23.628451 UTC
10055399,16,5365,2023-12-05 07:27:18.628451 UTC,2023-12-05 07:29:29.628451 UTC
9889992,16,1909,2023-09-08 18:04:18.628451 UTC,2023-09-08 18:06:03.628451 UTC
12477335,16,9313,2024-05-14 17:59:18.628451 UTC,2024-05-14 17:59:52.628451 UTC
12867163,16,8886,2024-06-09 18:24:18.628451 UTC,2024-06-09 18:38:00.628451 UTC
11602038,16,8887,2024-03-17 10:07:18.628451 UTC,2024-03-17 10:15:28.628451 UTC
3866178,16,4541,2023-08-22 03:52:30.719616 UTC,2023-08-22 03:59:19.719616 UTC
3893243,16,2777,2023-09-11 16:25:30.719616 UTC,2023-09-11 16:32:39.719616 UTC
2843716,16,9236,2023-08-05 01:45:18.81691 UTC,2023-08-05 01:46:28.81691 UTC
2992604,16,3422,2023-11-25 22:57:18.81691 UTC,2023-11-25 23:07:38.81691 UTC
13137135,16,10105,2024-06-27 18:42:18.628451 UTC,2024-06-27 18:56:59.628451 UTC
10546743,16,4474,2024-01-07 01:37:18.628451 UTC,2024-01-07 01:46:19.628451 UTC
13374521,16,2000,2024-07-13 13:53:18.628451 UTC,2024-07-13 14:01:52.628451 UTC
8931067,16,1977,2023-10-09 21:13:34.749663 UTC,2023-10-09 21:22:47.749663 UTC
987095,16,850,2023-11-21 18:56:47.952295 UTC,2023-11-21 19:08:41.952295 UTC
12961891,16,3997,2024-06-16 02:05:18.628451 UTC,2024-06-16 02:15:06.628451 UTC
8865881,16,10130,2023-08-21 10:02:34.749663 UTC,2023-08-21 10:07:48.749663 UTC
893093,16,1399,2023-09-11 08:37:47.952295 UTC,2023-09-11 08:39:59.952295 UTC
8895547,16,9750,2023-09-12 23:16:34.749663 UTC,2023-09-12 23:16:46.749663 UTC
10751302,16,2902,2024-01-20 17:29:18.628451 UTC,2024-01-20 17:35:26.628451 UTC
5831665,16,1827,2023-07-26 16:29:46.226714 UTC,2023-07-26 16:32:21.226714 UTC
11773179,16,8142,2024-03-28 19:35:18.628451 UTC,2024-03-28 19:37:59.628451 UTC
13416551,16,2270,2024-07-16 08:50:18.628451 UTC,2024-07-16 08:50:43.628451 UTC
9998785,16,4540,2023-11-30 16:17:18.628451 UTC,2023-11-30 16:27:25.628451 UTC
11648791,16,8104,2024-03-20 12:49:18.628451 UTC,2024-03-20 12:57:47.628451 UTC
11907976,16,8572,2024-04-06 20:05:18.628451 UTC,2024-04-06 20:16:53.628451 UTC
12872185,16,907,2024-06-10 02:31:18.628451 UTC,2024-06-10 02:32:33.628451 UTC
11559384,16,1602,2024-03-14 13:42:18.628451 UTC,2024-03-14 13:51:25.628451 UTC
7886965,16,1095,2023-09-06 19:19:10.93634 UTC,2023-09-06 19:20:06.93634 UTC
4884521,16,9581,2023-09-05 03:24:19.789965 UTC,2023-09-05 03:28:51.789965 UTC
12241242,16,6391,2024-04-28 23:14:18.628451 UTC,2024-04-28 23:26:14.628451 UTC
5930986,16,1624,2023-10-10 08:30:46.226714 UTC,2023-10-10 08:34:27.226714 UTC
11866363,16,8586,2024-04-04 01:13:18.628451 UTC,2024-04-04 01:20:25.628451 UTC
11197378,16,7104,2024-02-19 10:53:18.628451 UTC,2024-02-19 10:55:04.628451 UTC
12741259,16,9082,2024-06-01 08:46:18.628451 UTC,2024-06-01 08:51:21.628451 UTC
10642512,16,132,2024-01-13 11:14:18.628451 UTC,2024-01-13 11:19:07.628451 UTC
11403909,16,7146,2024-03-04 04:49:18.628451 UTC,2024-03-04 04:53:40.628451 UTC
1971482,16,10001,2023-11-09 20:57:58.052641 UTC,2023-11-09 21:12:23.052641 UTC
9974119,16,722,2023-11-11 22:29:18.628451 UTC,2023-11-11 22:35:40.628451 UTC
11922877,16,9169,2024-04-07 19:50:18.628451 UTC,2024-04-07 20:02:58.628451 UTC
10266139,16,6428,2023-12-19 09:35:18.628451 UTC,2023-12-19 09:37:02.628451 UTC
10745774,16,4722,2024-01-20 08:40:18.628451 UTC,2024-01-20 08:46:14.628451 UTC
11784598,16,7422,2024-03-29 13:55:18.628451 UTC,2024-03-29 14:09:56.628451 UTC
11758258,16,8666,2024-03-27 19:43:18.628451 UTC,2024-03-27 19:48:09.628451 UTC
1864925,16,9970,2023-08-21 02:34:58.052641 UTC,2023-08-21 02:40:04.052641 UTC
2927727,16,8133,2023-10-07 14:29:18.81691 UTC,2023-10-07 14:43:29.81691 UTC
11416074,16,4872,2024-03-05 00:06:18.628451 UTC,2024-03-05 00:18:34.628451 UTC
8894887,16,2205,2023-09-12 10:43:34.749663 UTC,2023-09-12 10:44:07.749663 UTC
12943889,16,943,2024-06-14 20:59:18.628451 UTC,2024-06-14 21:13:42.628451 UTC
11698302,16,5854,2024-03-23 19:54:18.628451 UTC,2024-03-23 20:05:44.628451 UTC
10509337,16,10367,2024-01-04 13:19:18.628451 UTC,2024-01-04 13:25:58.628451 UTC
11852943,16,6622,2024-04-03 03:51:18.628451 UTC,2024-04-03 04:05:45.628451 UTC
7972106,16,7279,2023-11-10 10:10:10.93634 UTC,2023-11-10 10:17:35.93634 UTC
13507774,16,4154,2024-07-22 10:46:18.628451 UTC,2024-07-22 10:59:12.628451 UTC
10079167,16,5414,2023-12-06 21:12:18.628451 UTC,2023-12-06 21:16:29.628451 UTC
2834054,16,1443,2023-07-28 17:30:18.81691 UTC,2023-07-28 17:30:50.81691 UTC
12620856,16,3949,2024-05-24 07:02:18.628451 UTC,2024-05-24 07:06:05.628451 UTC
9927791,16,7327,2023-10-07 14:23:18.628451 UTC,2023-10-07 14:37:26.628451 UTC
11552502,16,2599,2024-03-14 02:44:18.628451 UTC,2024-03-14 02:47:29.628451 UTC
13318858,16,3130,2024-07-09 20:28:18.628451 UTC,2024-07-09 20:39:32.628451 UTC
10444116,16,1795,2023-12-31 05:42:18.628451 UTC,2023-12-31 05:44:26.628451 UTC
6978911,16,10462,2023-11-15 13:59:33.269681 UTC,2023-11-15 14:06:10.269681 UTC
10393255,16,3933,2023-12-27 20:49:18.628451 UTC,2023-12-27 20:54:48.628451 UTC
11684998,16,2827,2024-03-22 22:48:18.628451 UTC,2024-03-22 22:58:19.628451 UTC
12100552,16,2377,2024-04-19 15:05:18.628451 UTC,2024-04-19 15:16:08.628451 UTC
12758121,16,7333,2024-06-02 11:40:18.628451 UTC,2024-06-02 11:51:20.628451 UTC
12699590,16,7851,2024-05-29 13:56:18.628451 UTC,2024-05-29 13:59:23.628451 UTC
12207256,16,3606,2024-04-26 17:01:18.628451 UTC,2024-04-26 17:15:40.628451 UTC
7869705,16,3060,2023-08-24 17:33:10.93634 UTC,2023-08-24 17:33:49.93634 UTC
10445816,16,6092,2023-12-31 08:23:18.628451 UTC,2023-12-31 08:25:23.628451 UTC
11871304,17,7157,2024-04-04 09:02:18.628451 UTC,2024-04-04 09:16:20.628451 UTC
1844425,17,1892,2023-08-05 09:18:58.052641 UTC,2023-08-05 09:19:58.052641 UTC
11666791,17,492,2024-03-21 17:39:18.628451 UTC,2024-03-21 17:45:51.628451 UTC
12374037,17,6624,2024-05-07 19:57:18.628451 UTC,2024-05-07 19:57:29.628451 UTC
10908024,17,5275,2024-01-31 03:11:18.628451 UTC,2024-01-31 03:16:34.628451 UTC
11008675,17,1784,2024-02-06 20:28:18.628451 UTC,2024-02-06 20:42:47.628451 UTC
10702018,17,6878,2024-01-17 10:38:18.628451 UTC,2024-01-17 10:42:12.628451 UTC
11622754,17,6582,2024-03-18 19:05:18.628451 UTC,2024-03-18 19:10:22.628451 UTC
10759415,17,10025,2024-01-21 06:34:18.628451 UTC,2024-01-21 06:36:32.628451 UTC
12679157,17,9754,2024-05-28 05:14:18.628451 UTC,2024-05-28 05:15:15.628451 UTC
10684105,17,7405,2024-01-16 06:11:18.628451 UTC,2024-01-16 06:14:58.628451 UTC
12762010,17,2608,2024-06-02 17:53:18.628451 UTC,2024-06-02 17:54:34.628451 UTC
7850394,17,10201,2023-08-10 01:27:10.93634 UTC,2023-08-10 01:33:10.93634 UTC
10526284,17,5092,2024-01-05 16:42:18.628451 UTC,2024-01-05 16:45:04.628451 UTC
7855740,17,9092,2023-08-14 01:51:10.93634 UTC,2023-08-14 01:59:17.93634 UTC
12376537,17,8312,2024-05-08 00:01:18.628451 UTC,2024-05-08 00:11:34.628451 UTC
10070701,17,10157,2023-12-06 07:41:18.628451 UTC,2023-12-06 07:49:18.628451 UTC
6875649,17,6263,2023-08-28 20:58:33.269681 UTC,2023-08-28 21:08:20.269681 UTC
13006658,17,2990,2024-06-19 01:19:18.628451 UTC,2024-06-19 01:20:36.628451 UTC
10496386,17,2235,2024-01-03 16:42:18.628451 UTC,2024-01-03 16:56:07.628451 UTC
10505038,17,3536,2024-01-04 06:25:18.628451 UTC,2024-01-04 06:27:25.628451 UTC
10778913,17,2063,2024-01-22 13:19:18.628451 UTC,2024-01-22 13:25:27.628451 UTC
12923187,17,9499,2024-06-13 11:50:18.628451 UTC,2024-06-13 11:54:08.628451 UTC
12316868,17,2118,2024-05-04 00:35:18.628451 UTC,2024-05-04 00:42:35.628451 UTC
12868954,17,10084,2024-06-09 21:20:18.628451 UTC,2024-06-09 21:27:37.628451 UTC
5923773,17,2310,2023-10-04 22:08:46.226714 UTC,2023-10-04 22:09:58.226714 UTC
13423673,17,6920,2024-07-16 20:05:18.628451 UTC,2024-07-16 20:16:21.628451 UTC
10054125,17,4918,2023-12-05 05:21:18.628451 UTC,2023-12-05 05:27:21.628451 UTC
2999580,17,8059,2023-12-01 06:16:18.81691 UTC,2023-12-01 06:28:18.81691 UTC
943046,17,10207,2023-10-19 08:31:47.952295 UTC,2023-10-19 08:35:24.952295 UTC
12206544,17,5665,2024-04-26 15:53:18.628451 UTC,2024-04-26 15:59:51.628451 UTC
13293507,17,4077,2024-07-08 03:51:18.628451 UTC,2024-07-08 04:00:02.628451 UTC
12694616,17,10334,2024-05-29 05:51:18.628451 UTC,2024-05-29 05:55:41.628451 UTC
5839966,17,3820,2023-08-02 01:17:46.226714 UTC,2023-08-02 01:23:51.226714 UTC
11849687,17,9142,2024-04-02 22:38:18.628451 UTC,2024-04-02 22:41:32.628451 UTC
5975321,17,6466,2023-11-12 22:45:46.226714 UTC,2023-11-12 22:58:24.226714 UTC
11809206,17,9766,2024-03-31 05:28:18.628451 UTC,2024-03-31 05:31:54.628451 UTC
5854008,17,1572,2023-08-12 18:52:46.226714 UTC,2023-08-12 19:02:09.226714 UTC
10683376,17,637,2024-01-16 05:00:18.628451 UTC,2024-01-16 05:13:45.628451 UTC
12258907,17,9728,2024-04-30 03:54:18.628451 UTC,2024-04-30 04:08:34.628451 UTC
11030313,17,6998,2024-02-08 07:09:18.628451 UTC,2024-02-08 07:10:10.628451 UTC
11389041,17,4407,2024-03-03 05:14:18.628451 UTC,2024-03-03 05:17:36.628451 UTC
11945404,17,5043,2024-04-09 07:30:18.628451 UTC,2024-04-09 07:35:12.628451 UTC
11511078,17,3813,2024-03-11 08:32:18.628451 UTC,2024-03-11 08:35:48.628451 UTC
12190872,17,2817,2024-04-25 14:59:18.628451 UTC,2024-04-25 15:09:52.628451 UTC
10752749,17,4803,2024-01-20 19:49:18.628451 UTC,2024-01-20 19:53:13.628451 UTC
10313685,17,5907,2023-12-22 13:33:18.628451 UTC,2023-12-22 13:46:30.628451 UTC
10684069,17,4949,2024-01-16 06:08:18.628451 UTC,2024-01-16 06:11:58.628451 UTC
12468182,17,7534,2024-05-14 03:17:18.628451 UTC,2024-05-14 03:31:54.628451 UTC
977645,17,5064,2023-11-14 13:59:47.952295 UTC,2023-11-14 14:08:37.952295 UTC
3996822,17,4367,2023-11-29 04:31:30.719616 UTC,2023-11-29 04:45:05.719616 UTC
6883767,17,566,2023-09-04 02:27:33.269681 UTC,2023-09-04 02:41:56.269681 UTC
13422376,17,8463,2024-07-16 17:54:18.628451 UTC,2024-07-16 17:59:22.628451 UTC
12478964,17,2034,2024-05-14 20:33:18.628451 UTC,2024-05-14 20:40:04.628451 UTC
10556879,17,10306,2024-01-07 17:49:18.628451 UTC,2024-01-07 17:51:33.628451 UTC
10056989,17,6777,2023-12-05 10:06:18.628451 UTC,2023-12-05 10:14:57.628451 UTC
858263,17,4792,2023-08-15 17:30:47.952295 UTC,2023-08-15 17:35:35.952295 UTC
12955192,17,9089,2024-06-15 15:14:18.628451 UTC,2024-06-15 15:19:45.628451 UTC
11791394,17,4454,2024-03-30 00:50:18.628451 UTC,2024-03-30 01:03:05.628451 UTC
13227872,17,7164,2024-07-03 19:05:18.628451 UTC,2024-07-03 19:19:48.628451 UTC
3831585,17,2334,2023-07-26 22:49:30.719616 UTC,2023-07-26 22:57:43.719616 UTC
3978242,17,414,2023-11-15 04:19:30.719616 UTC,2023-11-15 04:26:49.719616 UTC
12564921,17,4772,2024-05-20 13:41:18.628451 UTC,2024-05-20 13:42:59.628451 UTC
11797048,17,5846,2024-03-30 09:54:18.628451 UTC,2024-03-30 10:02:02.628451 UTC
10062338,17,488,2023-12-05 18:24:18.628451 UTC,2023-12-05 18:33:50.628451 UTC
12166388,17,2626,2024-04-23 23:43:18.628451 UTC,2024-04-23 23:57:27.628451 UTC
11104848,17,7774,2024-02-13 06:32:18.628451 UTC,2024-02-13 06:45:29.628451 UTC
11511360,17,6982,2024-03-11 09:02:18.628451 UTC,2024-03-11 09:11:41.628451 UTC
13461797,17,4117,2024-07-19 09:12:18.628451 UTC,2024-07-19 09:25:13.628451 UTC
853782,17,7854,2023-08-12 08:29:47.952295 UTC,2023-08-12 08:37:17.952295 UTC
10132566,17,6846,2023-12-10 10:54:18.628451 UTC,2023-12-10 11:02:02.628451 UTC
11425698,17,862,2024-03-05 15:34:18.628451 UTC,2024-03-05 15:37:07.628451 UTC
12329725,17,5346,2024-05-04 21:08:18.628451 UTC,2024-05-04 21:20:00.628451 UTC
11304825,17,6533,2024-02-26 14:20:18.628451 UTC,2024-02-26 14:35:13.628451 UTC
12918201,17,4607,2024-06-13 03:50:18.628451 UTC,2024-06-13 03:50:56.628451 UTC
5850324,17,213,2023-08-10 01:13:46.226714 UTC,2023-08-10 01:20:36.226714 UTC
12958395,17,1925,2024-06-15 20:21:18.628451 UTC,2024-06-15 20:23:10.628451 UTC
13218157,17,5470,2024-07-03 03:43:18.628451 UTC,2024-07-03 03:50:37.628451 UTC
10850392,17,377,2024-01-27 07:28:18.628451 UTC,2024-01-27 07:37:52.628451 UTC
5872228,17,10003,2023-08-26 13:22:46.226714 UTC,2023-08-26 13:31:13.226714 UTC
10278759,17,8979,2023-12-20 05:52:18.628451 UTC,2023-12-20 05:54:00.628451 UTC
12981167,17,673,2024-06-17 08:45:18.628451 UTC,2024-06-17 08:47:49.628451 UTC
10626607,17,7507,2024-01-12 09:22:18.628451 UTC,2024-01-12 09:26:25.628451 UTC
11352283,17,9541,2024-02-29 18:20:18.628451 UTC,2024-02-29 18:34:57.628451 UTC
10404178,17,10549,2023-12-28 14:19:18.628451 UTC,2023-12-28 14:26:15.628451 UTC
11227139,17,7204,2024-02-21 10:32:18.628451 UTC,2024-02-21 10:36:37.628451 UTC
10856107,17,6046,2024-01-27 16:51:18.628451 UTC,2024-01-27 16:56:15.628451 UTC
12738441,17,9017,2024-06-01 04:16:18.628451 UTC,2024-06-01 04:28:23.628451 UTC
1925524,17,2663,2023-10-06 01:44:58.052641 UTC,2023-10-06 01:57:55.052641 UTC
3986348,17,7082,2023-11-21 07:40:30.719616 UTC,2023-11-21 07:46:00.719616 UTC
1839873,17,978,2023-08-01 21:12:58.052641 UTC,2023-08-01 21:21:28.052641 UTC
4915087,17,2673,2023-09-28 07:28:19.789965 UTC,2023-09-28 07:34:00.789965 UTC
10502203,17,3396,2024-01-04 01:55:18.628451 UTC,2024-01-04 02:09:42.628451 UTC
2979403,17,2937,2023-11-15 20:33:18.81691 UTC,2023-11-15 20:40:40.81691 UTC
2855098,17,3889,2023-08-13 10:53:18.81691 UTC,2023-08-13 10:55:25.81691 UTC
7932224,17,9080,2023-10-11 02:16:10.93634 UTC,2023-10-11 02:23:11.93634 UTC
10406089,17,179,2023-12-28 17:22:18.628451 UTC,2023-12-28 17:30:50.628451 UTC
13166959,17,9725,2024-06-29 18:17:18.628451 UTC,2024-06-29 18:18:27.628451 UTC
13022265,17,8415,2024-06-20 02:18:18.628451 UTC,2024-06-20 02:22:35.628451 UTC
6844544,17,701,2023-08-05 03:21:33.269681 UTC,2023-08-05 03:23:03.269681 UTC
10194935,17,8339,2023-12-14 15:27:18.628451 UTC,2023-12-14 15:29:13.628451 UTC
6958679,17,5975,2023-10-31 09:40:33.269681 UTC,2023-10-31 09:43:46.269681 UTC
10634186,17,6799,2024-01-12 21:45:18.628451 UTC,2024-01-12 21:48:10.628451 UTC
11308424,17,2781,2024-02-26 20:08:18.628451 UTC,2024-02-26 20:14:32.628451 UTC
11667311,17,3426,2024-03-21 18:26:18.628451 UTC,2024-03-21 18:37:42.628451 UTC
11913101,17,8157,2024-04-07 04:16:18.628451 UTC,2024-04-07 04:22:28.628451 UTC
10402996,17,4682,2023-12-28 12:30:18.628451 UTC,2023-12-28 12:35:23.628451 UTC
11964599,17,6390,2024-04-10 13:56:18.628451 UTC,2024-04-10 14:06:32.628451 UTC
10141670,18,4927,2023-12-11 01:39:18.628451 UTC,2023-12-11 01:42:26.628451 UTC
12629659,18,2982,2024-05-24 20:57:18.628451 UTC,2024-05-24 21:01:52.628451 UTC
4968814,18,6637,2023-11-07 19:48:19.789965 UTC,2023-11-07 20:03:06.789965 UTC
10953284,18,1704,2024-02-03 03:30:18.628451 UTC,2024-02-03 03:38:03.628451 UTC
13220978,18,1088,2024-07-03 08:14:18.628451 UTC,2024-07-03 08:18:48.628451 UTC
10057323,18,10627,2023-12-05 10:36:18.628451 UTC,2023-12-05 10:40:02.628451 UTC
13265213,18,7101,2024-07-06 06:32:18.628451 UTC,2024-07-06 06:41:16.628451 UTC
9917952,18,4390,2023-09-30 05:11:18.628451 UTC,2023-09-30 05:15:34.628451 UTC
12029320,18,6782,2024-04-14 20:52:18.628451 UTC,2024-04-14 20:55:26.628451 UTC
13491340,18,3112,2024-07-21 08:36:18.628451 UTC,2024-07-21 08:40:43.628451 UTC
12231354,18,1178,2024-04-28 07:32:18.628451 UTC,2024-04-28 07:44:42.628451 UTC
10983911,18,3301,2024-02-05 04:41:18.628451 UTC,2024-02-05 04:46:32.628451 UTC
9909909,18,7362,2023-09-24 01:10:18.628451 UTC,2023-09-24 01:12:16.628451 UTC
9868343,18,5169,2023-08-23 02:32:18.628451 UTC,2023-08-23 02:42:47.628451 UTC
8989764,18,4787,2023-11-23 18:46:34.749663 UTC,2023-11-23 18:47:48.749663 UTC
6887955,18,1852,2023-09-07 07:39:33.269681 UTC,2023-09-07 07:54:26.269681 UTC
11561335,18,3873,2024-03-14 16:49:18.628451 UTC,2024-03-14 16:49:46.628451 UTC
13201750,18,2519,2024-07-02 01:22:18.628451 UTC,2024-07-02 01:24:32.628451 UTC
10821569,18,5588,2024-01-25 09:25:18.628451 UTC,2024-01-25 09:29:16.628451 UTC
11416475,18,9940,2024-03-05 00:42:18.628451 UTC,2024-03-05 00:45:56.628451 UTC
3949705,18,2656,2023-10-24 10:57:30.719616 UTC,2023-10-24 11:03:52.719616 UTC
11678913,18,6784,2024-03-22 12:56:18.628451 UTC,2024-03-22 13:10:43.628451 UTC
11575650,18,8554,2024-03-15 15:44:18.628451 UTC,2024-03-15 15:51:08.628451 UTC
11852980,18,754,2024-04-03 03:56:18.628451 UTC,2024-04-03 04:02:45.628451 UTC
3843605,18,8836,2023-08-04 22:39:30.719616 UTC,2023-08-04 22:42:22.719616 UTC
12064217,18,9726,2024-04-17 04:17:18.628451 UTC,2024-04-17 04:20:53.628451 UTC
13349786,18,1989,2024-07-11 21:58:18.628451 UTC,2024-07-11 22:01:43.628451 UTC
12255418,18,6576,2024-04-29 22:09:18.628451 UTC,2024-04-29 22:10:54.628451 UTC
6859766,18,7469,2023-08-16 17:32:33.269681 UTC,2023-08-16 17:36:38.269681 UTC
12157137,18,10598,2024-04-23 09:13:18.628451 UTC,2024-04-23 09:18:55.628451 UTC
13002766,18,10675,2024-06-18 19:03:18.628451 UTC,2024-06-18 19:11:08.628451 UTC
12252716,18,5373,2024-04-29 17:49:18.628451 UTC,2024-04-29 17:56:36.628451 UTC
7854516,18,5779,2023-08-13 03:11:10.93634 UTC,2023-08-13 03:15:56.93634 UTC
12561113,18,2317,2024-05-20 07:40:18.628451 UTC,2024-05-20 07:51:31.628451 UTC
12794915,18,2289,2024-06-04 22:42:18.628451 UTC,2024-06-04 22:51:08.628451 UTC
10558541,18,6840,2024-01-07 20:29:18.628451 UTC,2024-01-07 20:34:47.628451 UTC
12006882,18,2367,2024-04-13 09:13:18.628451 UTC,2024-04-13 09:20:27.628451 UTC
11146051,18,495,2024-02-16 00:16:18.628451 UTC,2024-02-16 00:30:51.628451 UTC
5895488,18,1190,2023-09-13 06:08:46.226714 UTC,2023-09-13 06:11:42.226714 UTC
10041310,18,8327,2023-12-04 08:53:18.628451 UTC,2023-12-04 08:55:50.628451 UTC
11448343,18,4904,2024-03-07 03:31:18.628451 UTC,2024-03-07 03:39:24.628451 UTC
12864362,18,9249,2024-06-09 13:59:18.628451 UTC,2024-06-09 14:02:47.628451 UTC
10623784,18,4128,2024-01-12 05:02:18.628451 UTC,2024-01-12 05:14:58.628451 UTC
10890481,18,4603,2024-01-29 23:43:18.628451 UTC,2024-01-29 23:44:59.628451 UTC
11891368,18,7337,2024-04-05 17:32:18.628451 UTC,2024-04-05 17:45:26.628451 UTC
10341457,18,5095,2023-12-24 09:55:18.628451 UTC,2023-12-24 10:08:43.628451 UTC
12621470,18,5020,2024-05-24 08:04:18.628451 UTC,2024-05-24 08:04:45.628451 UTC
977175,18,5823,2023-11-14 04:56:47.952295 UTC,2023-11-14 05:05:28.952295 UTC
11373713,18,760,2024-03-02 04:28:18.628451 UTC,2024-03-02 04:33:07.628451 UTC
10327060,18,6837,2023-12-23 10:51:18.628451 UTC,2023-12-23 10:51:21.628451 UTC
11062044,18,4371,2024-02-10 10:17:18.628451 UTC,2024-02-10 10:25:15.628451 UTC
12326931,18,2674,2024-05-04 16:40:18.628451 UTC,2024-05-04 16:51:01.628451 UTC
2892111,18,5495,2023-09-10 08:23:18.81691 UTC,2023-09-10 08:27:54.81691 UTC
12567671,18,6689,2024-05-20 18:02:18.628451 UTC,2024-05-20 18:11:07.628451 UTC
993633,18,493,2023-11-26 16:48:47.952295 UTC,2023-11-26 16:59:40.952295 UTC
11371393,18,7136,2024-03-02 00:45:18.628451 UTC,2024-03-02 00:57:07.628451 UTC
12011575,18,1674,2024-04-13 16:34:18.628451 UTC,2024-04-13 16:35:07.628451 UTC
5968406,18,3024,2023-11-07 17:14:46.226714 UTC,2023-11-07 17:20:15.226714 UTC
8958751,18,329,2023-10-31 01:43:34.749663 UTC,2023-10-31 01:58:18.749663 UTC
1945263,18,3102,2023-10-20 23:00:58.052641 UTC,2023-10-20 23:12:55.052641 UTC
5940035,18,1476,2023-10-17 03:02:46.226714 UTC,2023-10-17 03:11:21.226714 UTC
11712919,18,5432,2024-03-24 19:21:18.628451 UTC,2024-03-24 19:29:19.628451 UTC
1908976,18,5575,2023-09-23 09:38:58.052641 UTC,2023-09-23 09:43:39.052641 UTC
7857265,18,6241,2023-08-15 06:00:10.93634 UTC,2023-08-15 06:12:49.93634 UTC
10641595,18,5789,2024-01-13 09:42:18.628451 UTC,2024-01-13 09:53:36.628451 UTC
13446194,18,5751,2024-07-18 08:02:18.628451 UTC,2024-07-18 08:03:50.628451 UTC
4989130,18,8064,2023-11-23 05:43:19.789965 UTC,2023-11-23 05:57:30.789965 UTC
11227277,18,6442,2024-02-21 10:44:18.628451 UTC,2024-02-21 10:48:29.628451 UTC
7893934,18,198,2023-09-12 02:07:10.93634 UTC,2023-09-12 02:20:01.93634 UTC
12741011,18,5850,2024-06-01 08:22:18.628451 UTC,2024-06-01 08:31:38.628451 UTC
10334214,18,2077,2023-12-23 22:20:18.628451 UTC,2023-12-23 22:26:50.628451 UTC
12145755,18,10610,2024-04-22 15:08:18.628451 UTC,2024-04-22 15:17:25.628451 UTC
10350357,18,5624,2023-12-25 00:19:18.628451 UTC,2023-12-25 00:34:14.628451 UTC
11448471,18,9455,2024-03-07 03:44:18.628451 UTC,2024-03-07 03:49:11.628451 UTC
12334500,18,1137,2024-05-05 04:42:18.628451 UTC,2024-05-05 04:50:42.628451 UTC
3984295,18,2666,2023-11-19 19:02:30.719616 UTC,2023-11-19 19:13:10.719616 UTC
11420404,18,3390,2024-03-05 06:57:18.628451 UTC,2024-03-05 07:10:33.628451 UTC
6960540,18,5551,2023-11-01 19:20:33.269681 UTC,2023-11-01 19:23:01.269681 UTC
13095083,18,4306,2024-06-24 23:19:18.628451 UTC,2024-06-24 23:32:55.628451 UTC
13507767,18,1830,2024-07-22 10:46:18.628451 UTC,2024-07-22 10:53:49.628451 UTC
12449246,18,8612,2024-05-12 20:32:18.628451 UTC,2024-05-12 20:38:39.628451 UTC
13340048,18,3735,2024-07-11 06:32:18.628451 UTC,2024-07-11 06:34:46.628451 UTC
9919887,18,5750,2023-10-01 15:13:18.628451 UTC,2023-10-01 15:28:03.628451 UTC
10914419,18,6352,2024-01-31 13:14:18.628451 UTC,2024-01-31 13:26:41.628451 UTC
12702170,18,8661,2024-05-29 18:00:18.628451 UTC,2024-05-29 18:07:11.628451 UTC
9996786,18,8670,2023-11-29 04:35:18.628451 UTC,2023-11-29 04:46:19.628451 UTC
8976250,18,4715,2023-11-13 10:59:34.749663 UTC,2023-11-13 10:59:48.749663 UTC
13317062,19,6405,2024-07-09 17:35:18.628451 UTC,2024-07-09 17:36:20.628451 UTC
13059155,19,6348,2024-06-22 13:52:18.628451 UTC,2024-06-22 14:00:39.628451 UTC
5993939,19,9531,2023-11-27 02:28:46.226714 UTC,2023-11-27 02:32:54.226714 UTC
11635023,19,2717,2024-03-19 14:51:18.628451 UTC,2024-03-19 14:51:42.628451 UTC
7954379,19,5390,2023-10-27 20:40:10.93634 UTC,2023-10-27 20:51:22.93634 UTC
10671540,19,10345,2024-01-15 09:56:18.628451 UTC,2024-01-15 10:03:50.628451 UTC
2976679,19,2313,2023-11-13 20:41:18.81691 UTC,2023-11-13 20:55:21.81691 UTC
12092648,19,10212,2024-04-19 02:19:18.628451 UTC,2024-04-19 02:20:44.628451 UTC
10019318,19,1671,2023-12-02 21:26:18.628451 UTC,2023-12-02 21:33:03.628451 UTC
11387352,19,4378,2024-03-03 02:30:18.628451 UTC,2024-03-03 02:39:23.628451 UTC
12928068,19,6414,2024-06-13 19:44:18.628451 UTC,2024-06-13 19:57:59.628451 UTC
12732596,19,3196,2024-05-31 19:01:18.628451 UTC,2024-05-31 19:11:49.628451 UTC
1858072,19,176,2023-08-15 20:35:58.052641 UTC,2023-08-15 20:50:47.052641 UTC
11705291,19,4888,2024-03-24 06:57:18.628451 UTC,2024-03-24 07:04:39.628451 UTC
2978447,19,3884,2023-11-15 03:44:18.81691 UTC,2023-11-15 03:56:47.81691 UTC
9905609,19,2499,2023-09-20 19:04:18.628451 UTC,2023-09-20 19:06:08.628451 UTC
11901918,19,9754,2024-04-06 10:25:18.628451 UTC,2024-04-06 10:35:59.628451 UTC
13016063,19,1835,2024-06-19 16:28:18.628451 UTC,2024-06-19 16:36:34.628451 UTC
12716515,19,2558,2024-05-30 17:09:18.628451 UTC,2024-05-30 17:12:36.628451 UTC
12611798,19,1909,2024-05-23 16:31:18.628451 UTC,2024-05-23 16:37:58.628451 UTC
8945201,19,9720,2023-10-20 17:51:34.749663 UTC,2023-10-20 18:02:44.749663 UTC
8843813,19,8594,2023-08-04 17:35:34.749663 UTC,2023-08-04 17:40:03.749663 UTC
7857996,19,7991,2023-08-15 18:24:10.93634 UTC,2023-08-15 18:33:57.93634 UTC
4870179,19,3346,2023-08-25 05:07:19.789965 UTC,2023-08-25 05:07:28.789965 UTC
3942099,19,510,2023-10-18 19:02:30.719616 UTC,2023-10-18 19:16:00.719616 UTC
13082651,19,2921,2024-06-24 03:44:18.628451 UTC,2024-06-24 03:45:29.628451 UTC
859614,19,5697,2023-08-16 18:00:47.952295 UTC,2023-08-16 18:06:51.952295 UTC
12293047,19,1042,2024-05-02 10:26:18.628451 UTC,2024-05-02 10:33:08.628451 UTC
4849458,19,9789,2023-08-09 06:47:19.789965 UTC,2023-08-09 06:54:06.789965 UTC
1996442,19,8656,2023-11-28 21:21:58.052641 UTC,2023-11-28 21:31:20.052641 UTC
6916175,19,815,2023-09-29 00:18:33.269681 UTC,2023-09-29 00:27:33.269681 UTC
10163514,19,5787,2023-12-12 13:21:18.628451 UTC,2023-12-12 13:25:50.628451 UTC
915946,19,2184,2023-09-28 17:40:47.952295 UTC,2023-09-28 17:49:21.952295 UTC
12865534,19,3924,2024-06-09 15:53:18.628451 UTC,2024-06-09 16:05:14.628451 UTC
8848782,19,1123,2023-08-08 09:47:34.749663 UTC,2023-08-08 09:50:59.749663 UTC
1967983,19,10478,2023-11-07 04:19:58.052641 UTC,2023-11-07 04:26:29.052641 UTC
13309201,19,5463,2024-07-09 04:54:18.628451 UTC,2024-07-09 04:57:51.628451 UTC
10149619,19,9480,2023-12-11 14:43:18.628451 UTC,2023-12-11 14:56:13.628451 UTC
5948018,19,10135,2023-10-23 04:20:46.226714 UTC,2023-10-23 04:33:58.226714 UTC
13400023,19,3080,2024-07-15 06:44:18.628451 UTC,2024-07-15 06:54:06.628451 UTC
10680615,19,3921,2024-01-16 00:40:18.628451 UTC,2024-01-16 00:45:17.628451 UTC
12724669,19,5719,2024-05-31 06:15:18.628451 UTC,2024-05-31 06:16:26.628451 UTC
8832290,19,5324,2023-07-27 01:22:34.749663 UTC,2023-07-27 01:36:19.749663 UTC
11117632,19,10297,2024-02-14 02:58:18.628451 UTC,2024-02-14 03:13:02.628451 UTC
12918676,19,304,2024-06-13 04:31:18.628451 UTC,2024-06-13 04:38:21.628451 UTC
13094965,19,4309,2024-06-24 23:08:18.628451 UTC,2024-06-24 23:13:09.628451 UTC
11578439,19,1576,2024-03-15 20:15:18.628451 UTC,2024-03-15 20:18:16.628451 UTC
11307083,19,7322,2024-02-26 17:58:18.628451 UTC,2024-02-26 18:09:06.628451 UTC
12435440,19,6600,2024-05-11 22:38:18.628451 UTC,2024-05-11 22:47:00.628451 UTC
12134115,19,6998,2024-04-21 20:37:18.628451 UTC,2024-04-21 20:50:08.628451 UTC
11436128,19,7418,2024-03-06 08:00:18.628451 UTC,2024-03-06 08:00:36.628451 UTC
10536152,19,9066,2024-01-06 08:33:18.628451 UTC,2024-01-06 08:45:22.628451 UTC
11680328,19,308,2024-03-22 15:15:18.628451 UTC,2024-03-22 15:19:47.628451 UTC
3861417,19,8524,2023-08-18 13:19:30.719616 UTC,2023-08-18 13:19:39.719616 UTC
13465276,19,9693,2024-07-19 14:42:18.628451 UTC,2024-07-19 14:44:35.628451 UTC
10360912,19,10478,2023-12-25 17:04:18.628451 UTC,2023-12-25 17:18:10.628451 UTC
11228975,19,816,2024-02-21 13:26:18.628451 UTC,2024-02-21 13:39:42.628451 UTC
5901923,19,5674,2023-09-18 06:07:46.226714 UTC,2023-09-18 06:17:46.226714 UTC
10533288,19,497,2024-01-06 03:59:18.628451 UTC,2024-01-06 04:00:34.628451 UTC
10679444,19,4365,2024-01-15 22:43:18.628451 UTC,2024-01-15 22:50:15.628451 UTC
10757526,19,8654,2024-01-21 03:34:18.628451 UTC,2024-01-21 03:39:06.628451 UTC
13524315,19,10369,2024-07-23 13:11:18.628451 UTC,2024-07-23 13:12:41.628451 UTC
3829057,19,1269,2023-07-25 00:14:30.719616 UTC,2023-07-25 00:17:46.719616 UTC
11485671,19,9543,2024-03-09 15:36:18.628451 UTC,2024-03-09 15:49:14.628451 UTC
8946958,19,2098,2023-10-22 01:41:34.749663 UTC,2023-10-22 01:49:17.749663 UTC
11950411,19,5619,2024-04-09 15:28:18.628451 UTC,2024-04-09 15:29:58.628451 UTC
10226005,19,6879,2023-12-16 17:27:18.628451 UTC,2023-12-16 17:34:35.628451 UTC
9884591,19,4914,2023-09-04 14:29:18.628451 UTC,2023-09-04 14:30:13.628451 UTC
13348486,19,6951,2024-07-11 19:53:18.628451 UTC,2024-07-11 19:53:52.628451 UTC
12732786,19,8858,2024-05-31 19:21:18.628451 UTC,2024-05-31 19:22:15.628451 UTC
11966511,19,3507,2024-04-10 16:52:18.628451 UTC,2024-04-10 17:06:28.628451 UTC
10023132,19,1454,2023-12-03 03:22:18.628451 UTC,2023-12-03 03:32:54.628451 UTC
1983880,19,211,2023-11-19 07:59:58.052641 UTC,2023-11-19 08:14:19.052641 UTC
10677322,19,105,2024-01-15 19:14:18.628451 UTC,2024-01-15 19:27:56.628451 UTC
13124332,19,4153,2024-06-26 21:59:18.628451 UTC,2024-06-26 22:14:13.628451 UTC
832518,19,868,2023-07-27 03:24:47.952295 UTC,2023-07-27 03:33:58.952295 UTC
9946806,19,8981,2023-10-22 03:12:18.628451 UTC,2023-10-22 03:15:51.628451 UTC
11055133,19,3987,2024-02-09 23:02:18.628451 UTC,2024-02-09 23:07:58.628451 UTC
12425279,19,260,2024-05-11 06:20:18.628451 UTC,2024-05-11 06:30:53.628451 UTC
12059828,19,643,2024-04-16 21:22:18.628451 UTC,2024-04-16 21:35:43.628451 UTC
11614578,19,7860,2024-03-18 06:07:18.628451 UTC,2024-03-18 06:10:47.628451 UTC
1868953,19,9190,2023-08-24 04:33:58.052641 UTC,2023-08-24 04:45:21.052641 UTC
2868960,19,9053,2023-08-23 21:45:18.81691 UTC,2023-08-23 21:56:10.81691 UTC
938236,19,6094,2023-10-15 16:54:47.952295 UTC,2023-10-15 17:08:43.952295 UTC
10889180,19,1559,2024-01-29 21:38:18.628451 UTC,2024-01-29 21:48:57.628451 UTC
3851300,19,3381,2023-08-10 19:48:30.719616 UTC,2023-08-10 19:51:06.719616 UTC
13118405,19,9654,2024-06-26 12:29:18.628451 UTC,2024-06-26 12:40:48.628451 UTC
10260655,19,1333,2023-12-19 00:51:18.628451 UTC,2023-12-19 01:01:03.628451 UTC
7844228,19,3328,2023-08-05 10:46:10.93634 UTC,2023-08-05 10:50:39.93634 UTC
12275277,19,2393,2024-05-01 06:10:18.628451 UTC,2024-05-01 06:11:25.628451 UTC
13022903,19,9006,2024-06-20 03:20:18.628451 UTC,2024-06-20 03:24:44.628451 UTC
6841511,19,914,2023-08-02 19:05:33.269681 UTC,2023-08-02 19:18:27.269681 UTC
2928401,19,1007,2023-10-08 02:37:18.81691 UTC,2023-10-08 02:41:03.81691 UTC
13149506,19,6744,2024-06-28 14:35:18.628451 UTC,2024-06-28 14:44:56.628451 UTC
10834552,19,7462,2024-01-26 06:02:18.628451 UTC,2024-01-26 06:16:40.628451 UTC
13087663,19,1646,2024-06-24 11:38:18.628451 UTC,2024-06-24 11:42:14.628451 UTC
11849600,19,1169,2024-04-02 22:30:18.628451 UTC,2024-04-02 22:41:18.628451 UTC
12262838,19,3559,2024-04-30 10:11:18.628451 UTC,2024-04-30 10:18:39.628451 UTC
2969288,19,1593,2023-11-08 06:57:18.81691 UTC,2023-11-08 07:03:26.81691 UTC
13051798,19,10344,2024-06-22 01:59:18.628451 UTC,2024-06-22 02:10:37.628451 UTC
10108168,19,7393,2023-12-08 19:46:18.628451 UTC,2023-12-08 19:54:06.628451 UTC
11060671,19,7923,2024-02-10 08:07:18.628451 UTC,2024-02-10 08:21:29.628451 UTC
10719480,19,5902,2024-01-18 14:41:18.628451 UTC,2024-01-18 14:45:30.628451 UTC
13455487,20,2797,2024-07-18 23:01:18.628451 UTC,2024-07-18 23:05:39.628451 UTC
10853566,20,2480,2024-01-27 12:42:18.628451 UTC,2024-01-27 12:57:16.628451 UTC
3876801,20,5207,2023-08-30 04:28:30.719616 UTC,2023-08-30 04:40:53.719616 UTC
12422450,20,9850,2024-05-11 02:00:18.628451 UTC,2024-05-11 02:02:45.628451 UTC
13007174,20,8736,2024-06-19 02:11:18.628451 UTC,2024-06-19 02:20:01.628451 UTC
13275399,20,3092,2024-07-06 22:46:18.628451 UTC,2024-07-06 22:53:02.628451 UTC
1940596,20,8752,2023-10-17 11:22:58.052641 UTC,2023-10-17 11:31:37.052641 UTC
8850739,20,9577,2023-08-09 21:08:34.749663 UTC,2023-08-09 21:18:46.749663 UTC
10269818,20,8163,2023-12-19 15:38:18.628451 UTC,2023-12-19 15:41:12.628451 UTC
10133871,20,9882,2023-12-10 13:02:18.628451 UTC,2023-12-10 13:13:13.628451 UTC
13336885,20,5958,2024-07-11 01:29:18.628451 UTC,2024-07-11 01:38:29.628451 UTC
11472810,20,7290,2024-03-08 18:51:18.628451 UTC,2024-03-08 18:56:11.628451 UTC
1875886,20,2818,2023-08-29 10:54:58.052641 UTC,2023-08-29 11:00:49.052641 UTC
11113668,20,2004,2024-02-13 20:45:18.628451 UTC,2024-02-13 20:59:45.628451 UTC
10322742,20,4226,2023-12-23 04:03:18.628451 UTC,2023-12-23 04:05:02.628451 UTC
11705001,20,3317,2024-03-24 06:28:18.628451 UTC,2024-03-24 06:31:19.628451 UTC
12924212,20,8997,2024-06-13 13:31:18.628451 UTC,2024-06-13 13:39:58.628451 UTC
10315113,20,7194,2023-12-22 15:50:18.628451 UTC,2023-12-22 15:53:35.628451 UTC
5841707,20,130,2023-08-03 09:17:46.226714 UTC,2023-08-03 09:24:12.226714 UTC
2900362,20,1002,2023-09-16 16:26:18.81691 UTC,2023-09-16 16:38:54.81691 UTC
8885123,20,8673,2023-09-04 23:43:34.749663 UTC,2023-09-04 23:45:11.749663 UTC
11791074,20,1881,2024-03-30 00:19:18.628451 UTC,2024-03-30 00:20:34.628451 UTC
7954599,20,9533,2023-10-28 00:47:10.93634 UTC,2023-10-28 01:02:08.93634 UTC
6934761,20,3268,2023-10-13 04:22:33.269681 UTC,2023-10-13 04:27:46.269681 UTC
13203573,20,8445,2024-07-02 04:16:18.628451 UTC,2024-07-02 04:30:46.628451 UTC
5893521,20,9443,2023-09-11 18:20:46.226714 UTC,2023-09-11 18:32:58.226714 UTC
5973051,20,2535,2023-11-11 05:19:46.226714 UTC,2023-11-11 05:33:21.226714 UTC
3905358,20,933,2023-09-20 20:44:30.719616 UTC,2023-09-20 20:58:56.719616 UTC
10659856,20,2877,2024-01-14 15:17:18.628451 UTC,2024-01-14 15:29:49.628451 UTC
12880203,20,1649,2024-06-10 15:23:18.628451 UTC,2024-06-10 15:38:15.628451 UTC
13128343,20,7562,2024-06-27 04:22:18.628451 UTC,2024-06-27 04:27:48.628451 UTC
10049088,20,3923,2023-12-04 21:17:18.628451 UTC,2023-12-04 21:21:28.628451 UTC
2919579,20,8839,2023-10-01 12:41:18.81691 UTC,2023-10-01 12:44:18.81691 UTC
13317019,20,9229,2024-07-09 17:32:18.628451 UTC,2024-07-09 17:41:41.628451 UTC
959626,20,6175,2023-11-01 00:58:47.952295 UTC,2023-11-01 00:59:31.952295 UTC
10079059,20,965,2023-12-06 21:03:18.628451 UTC,2023-12-06 21:11:01.628451 UTC
11822836,20,3427,2024-04-01 03:33:18.628451 UTC,2024-04-01 03:44:01.628451 UTC
13114651,20,6498,2024-06-26 06:30:18.628451 UTC,2024-06-26 06:33:02.628451 UTC
10263259,20,6246,2023-12-19 05:01:18.628451 UTC,2023-12-19 05:08:56.628451 UTC
12357948,20,3742,2024-05-06 18:23:18.628451 UTC,2024-05-06 18:24:28.628451 UTC
11378879,20,5560,2024-03-02 12:43:18.628451 UTC,2024-03-02 12:47:04.628451 UTC
12991173,20,9184,2024-06-18 00:40:18.628451 UTC,2024-06-18 00:53:30.628451 UTC
10578174,20,8644,2024-01-09 03:59:18.628451 UTC,2024-01-09 03:59:59.628451 UTC
11986986,20,8033,2024-04-12 01:49:18.628451 UTC,2024-04-12 01:54:19.628451 UTC
12910953,20,6016,2024-06-12 16:25:18.628451 UTC,2024-06-12 16:34:44.628451 UTC
11686716,20,4192,2024-03-23 01:39:18.628451 UTC,2024-03-23 01:40:00.628451 UTC
12884766,20,6986,2024-06-10 22:21:18.628451 UTC,2024-06-10 22:35:28.628451 UTC
10742437,20,3116,2024-01-20 03:20:18.628451 UTC,2024-01-20 03:22:54.628451 UTC
11750085,20,536,2024-03-27 06:53:18.628451 UTC,2024-03-27 07:05:36.628451 UTC
9923767,20,3757,2023-10-04 13:20:18.628451 UTC,2023-10-04 13:30:11.628451 UTC
836987,20,7771,2023-07-30 13:32:47.952295 UTC,2023-07-30 13:35:37.952295 UTC
10829818,20,7978,2024-01-25 22:40:18.628451 UTC,2024-01-25 22:49:26.628451 UTC
12647422,20,5978,2024-05-26 01:56:18.628451 UTC,2024-05-26 02:05:16.628451 UTC
11310111,20,3334,2024-02-26 22:49:18.628451 UTC,2024-02-26 23:03:07.628451 UTC
13033123,20,10294,2024-06-20 19:56:18.628451 UTC,2024-06-20 20:08:00.628451 UTC
4881847,20,5237,2023-09-03 02:44:19.789965 UTC,2023-09-03 02:45:16.789965 UTC
9949160,20,3180,2023-10-23 22:32:18.628451 UTC,2023-10-23 22:35:29.628451 UTC
2987142,20,375,2023-11-21 19:30:18.81691 UTC,2023-11-21 19:33:43.81691 UTC
11938185,20,8015,2024-04-08 19:58:18.628451 UTC,2024-04-08 20:08:06.628451 UTC
13064234,20,6696,2024-06-22 21:54:18.628451 UTC,2024-06-22 21:59:53.628451 UTC
10856483,20,4741,2024-01-27 17:26:18.628451 UTC,2024-01-27 17:26:32.628451 UTC
12239075,20,7304,2024-04-28 19:46:18.628451 UTC,2024-04-28 19:50:35.628451 UTC
9843102,20,7225,2023-08-03 21:05:18.628451 UTC,2023-08-03 21:10:16.628451 UTC
3915749,20,1103,2023-09-28 18:01:30.719616 UTC,2023-09-28 18:04:28.719616 UTC
11017854,20,10238,2024-02-07 11:09:18.628451 UTC,2024-02-07 11:19:45.628451 UTC
12040531,20,4431,2024-04-15 14:41:18.628451 UTC,2024-04-15 14:55:38.628451 UTC
11104000,20,6580,2024-02-13 05:16:18.628451 UTC,2024-02-13 05:26:00.628451 UTC
10507922,20,3201,2024-01-04 11:06:18.628451 UTC,2024-01-04 11:08:50.628451 UTC
10454411,20,4621,2023-12-31 22:07:18.628451 UTC,2023-12-31 22:14:14.628451 UTC
11720057,20,10696,2024-03-25 06:51:18.628451 UTC,2024-03-25 07:01:50.628451 UTC
7973923,20,8677,2023-11-11 18:15:10.93634 UTC,2023-11-11 18:27:21.93634 UTC
10872784,20,3263,2024-01-28 19:30:18.628451 UTC,2024-01-28 19:40:21.628451 UTC
6949348,20,7071,2023-10-24 08:42:33.269681 UTC,2023-10-24 08:46:12.269681 UTC
11180976,20,1805,2024-02-18 08:19:18.628451 UTC,2024-02-18 08:30:33.628451 UTC
11661872,20,7914,2024-03-21 09:49:18.628451 UTC,2024-03-21 09:51:48.628451 UTC
12453000,20,1007,2024-05-13 02:38:18.628451 UTC,2024-05-13 02:53:04.628451 UTC
12455987,20,5431,2024-05-13 07:26:18.628451 UTC,2024-05-13 07:39:17.628451 UTC
11933414,20,2145,2024-04-08 12:26:18.628451 UTC,2024-04-08 12:34:12.628451 UTC
11099078,20,2053,2024-02-12 21:28:18.628451 UTC,2024-02-12 21:42:03.628451 UTC
11477612,20,5917,2024-03-09 02:38:18.628451 UTC,2024-03-09 02:40:05.628451 UTC
11945065,20,4674,2024-04-09 06:58:18.628451 UTC,2024-04-09 07:03:41.628451 UTC
6952998,20,5262,2023-10-27 01:21:33.269681 UTC,2023-10-27 01:33:39.269681 UTC
10642842,20,6541,2024-01-13 11:40:18.628451 UTC,2024-01-13 11:43:24.628451 UTC
12976892,20,4638,2024-06-17 01:52:18.628451 UTC,2024-06-17 02:00:54.628451 UTC
10624222,20,2769,2024-01-12 05:42:18.628451 UTC,2024-01-12 05:46:16.628451 UTC
10135473,20,2141,2023-12-10 15:42:18.628451 UTC,2023-12-10 15:52:12.628451 UTC
10812439,20,9672,2024-01-24 18:49:18.628451 UTC,2024-01-24 18:56:41.628451 UTC
10049622,20,9322,2023-12-04 22:08:18.628451 UTC,2023-12-04 22:21:32.628451 UTC
1894000,20,3969,2023-09-12 03:15:58.052641 UTC,2023-09-12 03:20:31.052641 UTC
5989261,20,4956,2023-11-23 13:10:46.226714 UTC,2023-11-23 13:19:48.226714 UTC
12785600,20,8702,2024-06-04 07:53:18.628451 UTC,2024-06-04 07:59:24.628451 UTC
8903600,20,4397,2023-09-19 03:05:34.749663 UTC,2023-09-19 03:15:26.749663 UTC
12536360,20,4229,2024-05-18 16:06:18.628451 UTC,2024-05-18 16:08:11.628451 UTC
10694183,20,7855,2024-01-16 22:20:18.628451 UTC,2024-01-16 22:26:57.628451 UTC
10953591,20,10301,2024-02-03 03:56:18.628451 UTC,2024-02-03 04:00:14.628451 UTC
5973819,20,9541,2023-11-11 19:32:46.226714 UTC,2023-11-11 19:46:31.226714 UTC
10033029,20,9524,2023-12-03 19:25:18.628451 UTC,2023-12-03 19:36:21.628451 UTC
11335942,20,555,2024-02-28 16:17:18.628451 UTC,2024-02-28 16:22:14.628451 UTC
6875133,20,6354,2023-08-28 11:01:33.269681 UTC,2023-08-28 11:11:42.269681 UTC
11031249,20,3509,2024-02-08 08:36:18.628451 UTC,2024-02-08 08:39:30.628451 UTC
13377159,20,5755,2024-07-13 18:05:18.628451 UTC,2024-07-13 18:07:58.628451 UTC
8906450,21,5924,2023-09-21 07:07:34.749663 UTC,2023-09-21 07:09:15.749663 UTC
13445585,21,9654,2024-07-18 07:05:18.628451 UTC,2024-07-18 07:12:10.628451 UTC
11818772,21,5473,2024-03-31 21:00:18.628451 UTC,2024-03-31 21:03:23.628451 UTC
12935532,21,3897,2024-06-14 07:40:18.628451 UTC,2024-06-14 07:45:26.628451 UTC
10301784,21,8606,2023-12-21 18:51:18.628451 UTC,2023-12-21 18:56:24.628451 UTC
1921189,21,3035,2023-10-02 16:58:58.052641 UTC,2023-10-02 17:02:59.052641 UTC
10626571,21,483,2024-01-12 09:19:18.628451 UTC,2024-01-12 09:31:11.628451 UTC
12108920,21,3268,2024-04-20 04:25:18.628451 UTC,2024-04-20 04:30:19.628451 UTC
2985146,21,3194,2023-11-20 06:12:18.81691 UTC,2023-11-20 06:24:48.81691 UTC
10878812,21,3897,2024-01-29 05:03:18.628451 UTC,2024-01-29 05:06:25.628451 UTC
12641108,21,2330,2024-05-25 15:41:18.628451 UTC,2024-05-25 15:51:11.628451 UTC
2840136,21,6040,2023-08-02 08:35:18.81691 UTC,2023-08-02 08:40:44.81691 UTC
907856,21,4208,2023-09-22 13:30:47.952295 UTC,2023-09-22 13:41:51.952295 UTC
2846221,21,201,2023-08-06 21:16:18.81691 UTC,2023-08-06 21:17:32.81691 UTC
11586275,21,4740,2024-03-16 08:59:18.628451 UTC,2024-03-16 09:04:51.628451 UTC
10217836,21,1333,2023-12-16 04:25:18.628451 UTC,2023-12-16 04:36:41.628451 UTC
10476338,21,5692,2024-01-02 08:48:18.628451 UTC,2024-01-02 08:48:47.628451 UTC
7939218,21,1415,2023-10-16 12:30:10.93634 UTC,2023-10-16 12:43:34.93634 UTC
11862306,21,5545,2024-04-03 18:34:18.628451 UTC,2024-04-03 18:45:44.628451 UTC
12282718,21,7753,2024-05-01 17:56:18.628451 UTC,2024-05-01 17:59:15.628451 UTC
2921609,21,5262,2023-10-03 02:05:18.81691 UTC,2023-10-03 02:07:59.81691 UTC
3833557,21,3889,2023-07-28 10:48:30.719616 UTC,2023-07-28 10:48:53.719616 UTC
11119211,21,6039,2024-02-14 05:35:18.628451 UTC,2024-02-14 05:44:45.628451 UTC
13289411,21,8424,2024-07-07 21:12:18.628451 UTC,2024-07-07 21:13:04.628451 UTC
12405055,21,8758,2024-05-09 21:59:18.628451 UTC,2024-05-09 22:06:39.628451 UTC
10456250,21,2741,2024-01-01 01:05:18.628451 UTC,2024-01-01 01:18:42.628451 UTC
10290938,21,3773,2023-12-21 01:31:18.628451 UTC,2023-12-21 01:31:47.628451 UTC
11926505,21,8717,2024-04-08 01:26:18.628451 UTC,2024-04-08 01:39:00.628451 UTC
10992718,21,10528,2024-02-05 18:55:18.628451 UTC,2024-02-05 19:05:43.628451 UTC
6865434,21,1829,2023-08-21 02:51:33.269681 UTC,2023-08-21 02:54:15.269681 UTC
11108791,21,1931,2024-02-13 12:51:18.628451 UTC,2024-02-13 12:54:30.628451 UTC
7951849,21,7404,2023-10-25 23:21:10.93634 UTC,2023-10-25 23:33:18.93634 UTC
4934340,21,526,2023-10-12 19:00:19.789965 UTC,2023-10-12 19:15:02.789965 UTC
11291576,21,5495,2024-02-25 17:04:18.628451 UTC,2024-02-25 17:16:44.628451 UTC
10193249,21,841,2023-12-14 12:39:18.628451 UTC,2023-12-14 12:44:47.628451 UTC
3901169,21,1623,2023-09-17 16:24:30.719616 UTC,2023-09-17 16:36:27.719616 UTC
4918947,21,4675,2023-10-01 04:55:19.789965 UTC,2023-10-01 05:03:08.789965 UTC
12083602,21,5345,2024-04-18 11:48:18.628451 UTC,2024-04-18 11:50:37.628451 UTC
13362913,21,2006,2024-07-12 19:02:18.628451 UTC,2024-07-12 19:06:19.628451 UTC
10289247,21,7680,2023-12-20 22:50:18.628451 UTC,2023-12-20 23:01:01.628451 UTC
12923137,21,2108,2024-06-13 11:45:18.628451 UTC,2024-06-13 11:57:14.628451 UTC
12533836,21,4915,2024-05-18 12:05:18.628451 UTC,2024-05-18 12:15:55.628451 UTC
11347739,21,2304,2024-02-29 11:05:18.628451 UTC,2024-02-29 11:18:50.628451 UTC
3911999,21,735,2023-09-25 22:09:30.719616 UTC,2023-09-25 22:12:25.719616 UTC
9950812,21,1074,2023-10-25 03:23:18.628451 UTC,2023-10-25 03:31:42.628451 UTC
7931465,21,10072,2023-10-10 12:35:10.93634 UTC,2023-10-10 12:47:10.93634 UTC
12254719,21,8975,2024-04-29 21:04:18.628451 UTC,2024-04-29 21:09:02.628451 UTC
12145078,21,2805,2024-04-22 14:03:18.628451 UTC,2024-04-22 14:13:18.628451 UTC
13315538,21,2052,2024-07-09 15:03:18.628451 UTC,2024-07-09 15:05:18.628451 UTC
13472664,21,2942,2024-07-20 02:19:18.628451 UTC,2024-07-20 02:21:46.628451 UTC
1934452,21,2220,2023-10-12 20:21:58.052641 UTC,2023-10-12 20:22:33.052641 UTC
5981057,21,2080,2023-11-17 07:59:46.226714 UTC,2023-11-17 08:01:38.226714 UTC
12605528,21,6671,2024-05-23 06:18:18.628451 UTC,2024-05-23 06:31:05.628451 UTC
10220975,21,1636,2023-12-16 09:23:18.628451 UTC,2023-12-16 09:32:43.628451 UTC
969535,21,2420,2023-11-08 10:23:47.952295 UTC,2023-11-08 10:31:45.952295 UTC
7996322,21,8337,2023-11-28 19:49:10.93634 UTC,2023-11-28 19:51:55.93634 UTC
10846906,21,1935,2024-01-27 01:50:18.628451 UTC,2024-01-27 01:59:21.628451 UTC
10819267,21,10568,2024-01-25 05:46:18.628451 UTC,2024-01-25 05:59:17.628451 UTC
8920173,21,525,2023-10-01 16:03:34.749663 UTC,2023-10-01 16:04:13.749663 UTC
10082519,21,2394,2023-12-07 02:27:18.628451 UTC,2023-12-07 02:30:25.628451 UTC
13352577,21,1650,2024-07-12 02:20:18.628451 UTC,2024-07-12 02:23:53.628451 UTC
4958598,21,2623,2023-10-31 00:54:19.789965 UTC,2023-10-31 01:01:34.789965 UTC
12124011,21,1669,2024-04-21 04:17:18.628451 UTC,2024-04-21 04:32:01.628451 UTC
7938409,21,7399,2023-10-15 20:36:10.93634 UTC,2023-10-15 20:37:06.93634 UTC
11597403,21,8129,2024-03-17 02:47:18.628451 UTC,2024-03-17 02:50:49.628451 UTC
12174867,21,6731,2024-04-24 13:02:18.628451 UTC,2024-04-24 13:12:36.628451 UTC
13121579,21,3783,2024-06-26 17:31:18.628451 UTC,2024-06-26 17:36:05.628451 UTC
6994712,21,3498,2023-11-27 11:49:33.269681 UTC,2023-11-27 12:00:57.269681 UTC
13309618,21,5683,2024-07-09 05:33:18.628451 UTC,2024-07-09 05:35:58.628451 UTC
12350608,21,10582,2024-05-06 06:34:18.628451 UTC,2024-05-06 06:36:22.628451 UTC
11431105,21,5755,2024-03-06 00:08:18.628451 UTC,2024-03-06 00:15:20.628451 UTC
4894129,21,2810,2023-09-12 11:21:19.789965 UTC,2023-09-12 11:35:44.789965 UTC
3930909,21,1512,2023-10-10 06:26:30.719616 UTC,2023-10-10 06:35:56.719616 UTC
969056,21,2839,2023-11-08 01:51:47.952295 UTC,2023-11-08 01:56:51.952295 UTC
11664100,21,7765,2024-03-21 13:19:18.628451 UTC,2024-03-21 13:33:23.628451 UTC
4928070,21,477,2023-10-08 02:31:19.789965 UTC,2023-10-08 02:38:20.789965 UTC
904014,21,6760,2023-09-19 14:52:47.952295 UTC,2023-09-19 15:07:42.952295 UTC
11948228,21,2237,2024-04-09 11:56:18.628451 UTC,2024-04-09 12:08:11.628451 UTC
11044614,21,8916,2024-02-09 06:06:18.628451 UTC,2024-02-09 06:15:55.628451 UTC
12637510,21,7839,2024-05-25 09:53:18.628451 UTC,2024-05-25 10:05:05.628451 UTC
13197685,21,3563,2024-07-01 18:56:18.628451 UTC,2024-07-01 18:59:49.628451 UTC
10152876,21,4364,2023-12-11 20:07:18.628451 UTC,2023-12-11 20:20:51.628451 UTC
5987176,21,8444,2023-11-21 22:30:46.226714 UTC,2023-11-21 22:41:17.226714 UTC
3882484,21,8439,2023-09-03 11:33:30.719616 UTC,2023-09-03 11:43:13.719616 UTC
8888304,21,5479,2023-09-07 10:53:34.749663 UTC,2023-09-07 11:04:07.749663 UTC
8898877,21,5263,2023-09-15 12:30:34.749663 UTC,2023-09-15 12:30:42.749663 UTC
1956017,21,2792,2023-10-29 03:01:58.052641 UTC,2023-10-29 03:10:21.052641 UTC
10791318,21,5603,2024-01-23 09:00:18.628451 UTC,2024-01-23 09:01:49.628451 UTC
12074503,21,10578,2024-04-17 21:03:18.628451 UTC,2024-04-17 21:09:20.628451 UTC
9954030,21,10622,2023-10-27 14:23:18.628451 UTC,2023-10-27 14:37:09.628451 UTC
12934557,21,7956,2024-06-14 06:04:18.628451 UTC,2024-06-14 06:17:51.628451 UTC
10853009,21,1266,2024-01-27 11:47:18.628451 UTC,2024-01-27 11:54:41.628451 UTC
10811440,21,3240,2024-01-24 17:15:18.628451 UTC,2024-01-24 17:29:02.628451 UTC
7843775,21,1407,2023-08-05 02:34:10.93634 UTC,2023-08-05 02:39:16.93634 UTC
13322217,21,6190,2024-07-10 02:02:18.628451 UTC,2024-07-10 02:15:47.628451 UTC
13337247,21,4411,2024-07-11 02:02:18.628451 UTC,2024-07-11 02:07:16.628451 UTC
13127048,21,6156,2024-06-27 02:18:18.628451 UTC,2024-06-27 02:29:21.628451 UTC
9987742,21,4000,2023-11-22 07:39:18.628451 UTC,2023-11-22 07:53:33.628451 UTC
10300131,21,2468,2023-12-21 16:18:18.628451 UTC,2023-12-21 16:18:53.628451 UTC
8978048,21,6310,2023-11-14 20:08:34.749663 UTC,2023-11-14 20:22:39.749663 UTC
9854332,22,1935,2023-08-12 10:36:18.628451 UTC,2023-08-12 10:42:37.628451 UTC
12880883,22,7412,2024-06-10 16:23:18.628451 UTC,2024-06-10 16:29:41.628451 UTC
1974245,22,5780,2023-11-12 00:41:58.052641 UTC,2023-11-12 00:55:44.052641 UTC
12949456,22,7889,2024-06-15 05:58:18.628451 UTC,2024-06-15 06:11:33.628451 UTC
11112511,22,846,2024-02-13 18:54:18.628451 UTC,2024-02-13 19:01:42.628451 UTC
2905723,22,235,2023-09-20 18:34:18.81691 UTC,2023-09-20 18:38:28.81691 UTC
7827998,22,2227,2023-07-24 08:26:10.93634 UTC,2023-07-24 08:38:18.93634 UTC
10065004,22,10341,2023-12-05 22:39:18.628451 UTC,2023-12-05 22:42:39.628451 UTC
10325633,22,543,2023-12-23 08:33:18.628451 UTC,2023-12-23 08:38:42.628451 UTC
4966426,22,4085,2023-11-06 00:18:19.789965 UTC,2023-11-06 00:20:52.789965 UTC
11061270,22,6262,2024-02-10 09:00:18.628451 UTC,2024-02-10 09:02:44.628451 UTC
11998918,22,5387,2024-04-12 20:37:18.628451 UTC,2024-04-12 20:47:35.628451 UTC
11284898,22,5837,2024-02-25 06:21:18.628451 UTC,2024-02-25 06:23:42.628451 UTC
866427,22,2204,2023-08-21 23:45:47.952295 UTC,2023-08-21 23:46:22.952295 UTC
8909983,22,5698,2023-09-23 23:27:34.749663 UTC,2023-09-23 23:29:13.749663 UTC
13285296,22,4745,2024-07-07 14:32:18.628451 UTC,2024-07-07 14:45:51.628451 UTC
10542046,22,2108,2024-01-06 18:02:18.628451 UTC,2024-01-06 18:12:30.628451 UTC
12315687,22,6661,2024-05-03 22:42:18.628451 UTC,2024-05-03 22:43:00.628451 UTC
10858371,22,9826,2024-01-27 20:21:18.628451 UTC,2024-01-27 20:23:20.628451 UTC
11223059,22,7197,2024-02-21 03:49:18.628451 UTC,2024-02-21 03:57:39.628451 UTC
10261117,22,6934,2023-12-19 01:37:18.628451 UTC,2023-12-19 01:38:36.628451 UTC
12689876,22,2288,2024-05-28 22:13:18.628451 UTC,2024-05-28 22:26:07.628451 UTC
11608800,22,583,2024-03-17 20:49:18.628451 UTC,2024-03-17 20:51:55.628451 UTC
11280172,22,7785,2024-02-24 22:43:18.628451 UTC,2024-02-24 22:50:04.628451 UTC
7934026,22,5897,2023-10-12 11:20:10.93634 UTC,2023-10-12 11:21:27.93634 UTC
12734341,22,2389,2024-05-31 21:48:18.628451 UTC,2024-05-31 22:00:25.628451 UTC
1862495,22,1437,2023-08-19 06:57:58.052641 UTC,2023-08-19 06:58:24.052641 UTC
12543157,22,2092,2024-05-19 03:01:18.628451 UTC,2024-05-19 03:06:50.628451 UTC
13447837,22,111,2024-07-18 10:39:18.628451 UTC,2024-07-18 10:39:56.628451 UTC
10233258,22,5375,2023-12-17 05:09:18.628451 UTC,2023-12-17 05:19:51.628451 UTC
12735157,22,8211,2024-05-31 23:02:18.628451 UTC,2024-05-31 23:11:47.628451 UTC
13397466,22,2142,2024-07-15 02:41:18.628451 UTC,2024-07-15 02:47:34.628451 UTC
10086329,22,1132,2023-12-07 08:26:18.628451 UTC,2023-12-07 08:34:42.628451 UTC
12939192,22,9241,2024-06-14 13:31:18.628451 UTC,2024-06-14 13:43:47.628451 UTC
12864578,22,1372,2024-06-09 14:18:18.628451 UTC,2024-06-09 14:26:29.628451 UTC
10062566,22,1302,2023-12-05 18:46:18.628451 UTC,2023-12-05 18:48:14.628451 UTC
12419890,22,8509,2024-05-10 21:55:18.628451 UTC,2024-05-10 22:09:10.628451 UTC
12224839,22,8471,2024-04-27 20:58:18.628451 UTC,2024-04-27 21:03:49.628451 UTC
11229093,22,9571,2024-02-21 13:38:18.628451 UTC,2024-02-21 13:43:35.628451 UTC
3863510,22,6102,2023-08-20 03:01:30.719616 UTC,2023-08-20 03:06:49.719616 UTC
13295884,22,8890,2024-07-08 07:49:18.628451 UTC,2024-07-08 08:00:46.628451 UTC
12795296,22,1134,2024-06-04 23:16:18.628451 UTC,2024-06-04 23:20:26.628451 UTC
12516324,22,9105,2024-05-17 08:12:18.628451 UTC,2024-05-17 08:12:41.628451 UTC
7939924,22,6677,2023-10-17 00:50:10.93634 UTC,2023-10-17 00:55:07.93634 UTC
6935426,22,4169,2023-10-13 16:08:33.269681 UTC,2023-10-13 16:15:45.269681 UTC
12853729,22,5431,2024-06-08 20:35:18.628451 UTC,2024-06-08 20:40:50.628451 UTC
11722316,22,6588,2024-03-25 10:32:18.628451 UTC,2024-03-25 10:40:27.628451 UTC
4918042,22,9419,2023-09-30 12:17:19.789965 UTC,2023-09-30 12:21:21.789965 UTC
2908983,22,5625,2023-09-23 06:35:18.81691 UTC,2023-09-23 06:49:11.81691 UTC
10922519,22,7672,2024-02-01 02:14:18.628451 UTC,2024-02-01 02:20:42.628451 UTC
11162234,22,9027,2024-02-17 02:07:18.628451 UTC,2024-02-17 02:13:33.628451 UTC
3867300,22,6507,2023-08-23 00:06:30.719616 UTC,2023-08-23 00:15:50.719616 UTC
12869806,22,3357,2024-06-09 22:41:18.628451 UTC,2024-06-09 22:42:12.628451 UTC
12360043,22,9978,2024-05-06 21:44:18.628451 UTC,2024-05-06 21:48:18.628451 UTC
12450504,22,8561,2024-05-12 22:39:18.628451 UTC,2024-05-12 22:51:56.628451 UTC
9833471,22,9864,2023-07-27 16:49:18.628451 UTC,2023-07-27 17:02:50.628451 UTC
2961853,22,6208,2023-11-02 15:41:18.81691 UTC,2023-11-02 15:46:23.81691 UTC
12382067,22,3734,2024-05-08 08:48:18.628451 UTC,2024-05-08 09:02:14.628451 UTC
1896653,22,10211,2023-09-14 03:21:58.052641 UTC,2023-09-14 03:35:06.052641 UTC
11991399,22,10538,2024-04-12 08:46:18.628451 UTC,2024-04-12 09:00:26.628451 UTC
1888807,22,4308,2023-09-08 04:14:58.052641 UTC,2023-09-08 04:24:19.052641 UTC
10180657,22,7525,2023-12-13 16:34:18.628451 UTC,2023-12-13 16:48:26.628451 UTC
11098303,22,9983,2024-02-12 20:10:18.628451 UTC,2024-02-12 20:11:12.628451 UTC
3836204,22,10264,2023-07-30 09:55:30.719616 UTC,2023-07-30 10:03:44.719616 UTC
11176076,22,5215,2024-02-18 00:25:18.628451 UTC,2024-02-18 00:25:43.628451 UTC
11933262,22,5969,2024-04-08 12:09:18.628451 UTC,2024-04-08 12:16:11.628451 UTC
10377585,22,3683,2023-12-26 19:27:18.628451 UTC,2023-12-26 19:41:05.628451 UTC
10819718,22,4151,2024-01-25 06:30:18.628451 UTC,2024-01-25 06:41:53.628451 UTC
11325605,22,3047,2024-02-27 23:45:18.628451 UTC,2024-02-27 23:46:05.628451 UTC
5890983,22,9652,2023-09-09 18:41:46.226714 UTC,2023-09-09 18:54:01.226714 UTC
12130517,22,5560,2024-04-21 14:50:18.628451 UTC,2024-04-21 15:03:30.628451 UTC
12624920,22,6418,2024-05-24 13:37:18.628451 UTC,2024-05-24 13:40:59.628451 UTC
12253437,22,812,2024-04-29 18:59:18.628451 UTC,2024-04-29 19:06:31.628451 UTC
12925706,22,304,2024-06-13 15:47:18.628451 UTC,2024-06-13 15:52:01.628451 UTC
6981316,22,10595,2023-11-17 09:02:33.269681 UTC,2023-11-17 09:11:10.269681 UTC
11566197,22,3904,2024-03-15 00:37:18.628451 UTC,2024-03-15 00:45:28.628451 UTC
12128212,22,7732,2024-04-21 11:05:18.628451 UTC,2024-04-21 11:18:12.628451 UTC
10830700,22,7761,2024-01-26 00:01:18.628451 UTC,2024-01-26 00:01:56.628451 UTC
989566,22,5210,2023-11-23 16:59:47.952295 UTC,2023-11-23 17:02:46.952295 UTC
8869261,22,8482,2023-08-24 00:05:34.749663 UTC,2023-08-24 00:12:27.749663 UTC
1880003,22,4794,2023-09-01 13:33:58.052641 UTC,2023-09-01 13:44:27.052641 UTC
13386647,22,9259,2024-07-14 09:12:18.628451 UTC,2024-07-14 09:19:55.628451 UTC
10290354,22,1313,2023-12-21 00:35:18.628451 UTC,2023-12-21 00:36:37.628451 UTC
11534868,22,1514,2024-03-12 22:29:18.628451 UTC,2024-03-12 22:30:32.628451 UTC
3959984,22,246,2023-11-01 04:39:30.719616 UTC,2023-11-01 04:42:05.719616 UTC
11001497,22,2066,2024-02-06 08:58:18.628451 UTC,2024-02-06 09:06:16.628451 UTC
908582,22,2324,2023-09-23 02:01:47.952295 UTC,2023-09-23 02:16:01.952295 UTC
6977114,22,4754,2023-11-14 05:58:33.269681 UTC,2023-11-14 06:12:50.269681 UTC
10374316,22,569,2023-12-26 14:17:18.628451 UTC,2023-12-26 14:30:17.628451 UTC
8875344,22,8821,2023-08-28 14:17:34.749663 UTC,2023-08-28 14:25:49.749663 UTC
10615952,22,10382,2024-01-11 16:34:18.628451 UTC,2024-01-11 16:41:35.628451 UTC
12363807,22,10559,2024-05-07 03:39:18.628451 UTC,2024-05-07 03:49:22.628451 UTC
12964129,22,8198,2024-06-16 05:39:18.628451 UTC,2024-06-16 05:48:58.628451 UTC
12784151,22,8180,2024-06-04 05:29:18.628451 UTC,2024-06-04 05:43:08.628451 UTC
10108531,22,6528,2023-12-08 20:22:18.628451 UTC,2023-12-08 20:34:04.628451 UTC
12396329,22,5785,2024-05-09 07:44:18.628451 UTC,2024-05-09 07:54:15.628451 UTC
898822,22,2878,2023-09-15 15:06:47.952295 UTC,2023-09-15 15:08:21.952295 UTC
12277585,22,5988,2024-05-01 09:43:18.628451 UTC,2024-05-01 09:53:46.628451 UTC
12339831,22,1454,2024-05-05 13:12:18.628451 UTC,2024-05-05 13:26:41.628451 UTC
11514418,22,9919,2024-03-11 13:53:18.628451 UTC,2024-03-11 14:06:43.628451 UTC
1911908,22,1047,2023-09-25 14:14:58.052641 UTC,2023-09-25 14:26:15.052641 UTC
939536,22,8952,2023-10-16 17:10:47.952295 UTC,2023-10-16 17:16:45.952295 UTC
13219727,22,3333,2024-07-03 06:17:18.628451 UTC,2024-07-03 06:24:42.628451 UTC
11415718,22,1269,2024-03-04 23:32:18.628451 UTC,2024-03-04 23:37:03.628451 UTC
9916313,22,9401,2023-09-28 23:24:18.628451 UTC,2023-09-28 23:39:07.628451 UTC
12718548,23,5151,2024-05-30 20:29:18.628451 UTC,2024-05-30 20:29:48.628451 UTC
2886205,23,5834,2023-09-05 20:23:18.81691 UTC,2023-09-05 20:31:55.81691 UTC
6948392,23,7471,2023-10-23 15:17:33.269681 UTC,2023-10-23 15:24:03.269681 UTC
3982473,23,5993,2023-11-18 09:28:30.719616 UTC,2023-11-18 09:37:34.719616 UTC
10753105,23,5791,2024-01-20 20:25:18.628451 UTC,2024-01-20 20:28:52.628451 UTC
11476042,23,9117,2024-03-09 00:05:18.628451 UTC,2024-03-09 00:08:13.628451 UTC
11631260,23,4488,2024-03-19 08:41:18.628451 UTC,2024-03-19 08:42:23.628451 UTC
4990089,23,7656,2023-11-23 23:28:19.789965 UTC,2023-11-23 23:31:03.789965 UTC
13241644,23,1169,2024-07-04 16:38:18.628451 UTC,2024-07-04 16:52:17.628451 UTC
967256,23,7252,2023-11-06 17:29:47.952295 UTC,2023-11-06 17:37:00.952295 UTC
13212445,23,8091,2024-07-02 18:30:18.628451 UTC,2024-07-02 18:34:11.628451 UTC
5971324,23,9815,2023-11-09 21:57:46.226714 UTC,2023-11-09 22:10:35.226714 UTC
12398202,23,7265,2024-05-09 10:39:18.628451 UTC,2024-05-09 10:50:01.628451 UTC
13529795,23,8213,2024-07-23 22:01:18.628451 UTC,2024-07-23 22:07:33.628451 UTC
2991215,23,7798,2023-11-24 20:51:18.81691 UTC,2023-11-24 20:51:55.81691 UTC
10037979,23,4327,2023-12-04 03:24:18.628451 UTC,2023-12-04 03:30:17.628451 UTC
11337358,23,1811,2024-02-28 18:37:18.628451 UTC,2024-02-28 18:43:58.628451 UTC
979915,23,2113,2023-11-16 07:35:47.952295 UTC,2023-11-16 07:45:51.952295 UTC
12870558,23,3306,2024-06-09 23:56:18.628451 UTC,2024-06-10 00:07:31.628451 UTC
12330812,23,2483,2024-05-04 22:49:18.628451 UTC,2024-05-04 22:57:34.628451 UTC
10177356,23,1611,2023-12-13 11:17:18.628451 UTC,2023-12-13 11:17:31.628451 UTC
10374090,23,5781,2023-12-26 13:55:18.628451 UTC,2023-12-26 14:00:12.628451 UTC
10288379,23,329,2023-12-20 21:27:18.628451 UTC,2023-12-20 21:30:40.628451 UTC
3943913,23,3861,2023-10-20 02:51:30.719616 UTC,2023-10-20 02:52:29.719616 UTC
6910811,23,3322,2023-09-24 20:51:33.269681 UTC,2023-09-24 20:59:54.269681 UTC
11591142,23,8035,2024-03-16 16:46:18.628451 UTC,2024-03-16 16:46:35.628451 UTC
12913425,23,9577,2024-06-12 20:17:18.628451 UTC,2024-06-12 20:19:55.628451 UTC
10810963,23,7075,2024-01-24 16:29:18.628451 UTC,2024-01-24 16:34:10.628451 UTC
12188120,23,5195,2024-04-25 10:30:18.628451 UTC,2024-04-25 10:33:26.628451 UTC
12211124,23,6192,2024-04-26 23:05:18.628451 UTC,2024-04-26 23:17:30.628451 UTC
12671436,23,4561,2024-05-27 16:34:18.628451 UTC,2024-05-27 16:34:31.628451 UTC
3997521,23,4484,2023-11-29 17:06:30.719616 UTC,2023-11-29 17:08:09.719616 UTC
9940199,23,1194,2023-10-17 02:00:18.628451 UTC,2023-10-17 02:14:57.628451 UTC
13452564,23,7107,2024-07-18 18:22:18.628451 UTC,2024-07-18 18:29:50.628451 UTC
4857008,23,5308,2023-08-15 03:58:19.789965 UTC,2023-08-15 04:00:07.789965 UTC
10973718,23,69,2024-02-04 12:21:18.628451 UTC,2024-02-04 12:33:50.628451 UTC
4905378,23,582,2023-09-21 00:56:19.789965 UTC,2023-09-21 01:09:47.789965 UTC
936912,23,6490,2023-10-14 17:45:47.952295 UTC,2023-10-14 17:59:35.952295 UTC
11889831,23,7270,2024-04-05 14:53:18.628451 UTC,2024-04-05 15:01:46.628451 UTC
11068826,23,10514,2024-02-10 21:07:18.628451 UTC,2024-02-10 21:14:54.628451 UTC
11652762,23,7623,2024-03-20 19:12:18.628451 UTC,2024-03-20 19:19:23.628451 UTC
12803934,23,3493,2024-06-05 12:56:18.628451 UTC,2024-06-05 13:04:43.628451 UTC
10090938,23,6238,2023-12-07 15:56:18.628451 UTC,2023-12-07 16:07:50.628451 UTC
11365919,23,3362,2024-03-01 16:02:18.628451 UTC,2024-03-01 16:12:54.628451 UTC
12743507,23,4843,2024-06-01 12:12:18.628451 UTC,2024-06-01 12:18:26.628451 UTC
11664946,23,9165,2024-03-21 14:44:18.628451 UTC,2024-03-21 14:46:16.628451 UTC
11076607,23,2225,2024-02-11 09:30:18.628451 UTC,2024-02-11 09:44:06.628451 UTC
5859048,23,722,2023-08-16 13:42:46.226714 UTC,2023-08-16 13:45:52.226714 UTC
9956781,23,4869,2023-10-29 16:14:18.628451 UTC,2023-10-29 16:27:16.628451 UTC
7875880,23,349,2023-08-29 09:46:10.93634 UTC,2023-08-29 09:46:53.93634 UTC
12203484,23,8605,2024-04-26 11:04:18.628451 UTC,2024-04-26 11:08:37.628451 UTC
11600211,23,2620,2024-03-17 07:09:18.628451 UTC,2024-03-17 07:22:52.628451 UTC
11203061,23,9559,2024-02-19 20:06:18.628451 UTC,2024-02-19 20:11:28.628451 UTC
9978507,23,2646,2023-11-15 07:46:18.628451 UTC,2023-11-15 07:52:42.628451 UTC
11761163,23,5592,2024-03-28 00:21:18.628451 UTC,2024-03-28 00:30:34.628451 UTC
10060027,23,7696,2023-12-05 14:50:18.628451 UTC,2023-12-05 14:57:58.628451 UTC
10528347,23,5840,2024-01-05 20:10:18.628451 UTC,2024-01-05 20:19:10.628451 UTC
11342231,23,4425,2024-02-29 02:24:18.628451 UTC,2024-02-29 02:24:44.628451 UTC
12515271,23,7763,2024-05-17 06:28:18.628451 UTC,2024-05-17 06:40:46.628451 UTC
10655520,23,4245,2024-01-14 08:18:18.628451 UTC,2024-01-14 08:18:53.628451 UTC
13319185,23,101,2024-07-09 20:58:18.628451 UTC,2024-07-09 21:00:55.628451 UTC
2857591,23,10576,2023-08-15 07:48:18.81691 UTC,2023-08-15 07:57:15.81691 UTC
5943156,23,6209,2023-10-19 11:28:46.226714 UTC,2023-10-19 11:28:57.226714 UTC
841934,23,205,2023-08-03 06:25:47.952295 UTC,2023-08-03 06:37:14.952295 UTC
3835596,23,81,2023-07-29 23:13:30.719616 UTC,2023-07-29 23:24:19.719616 UTC
8884982,23,3029,2023-09-04 21:10:34.749663 UTC,2023-09-04 21:23:29.749663 UTC
7964945,23,8168,2023-11-04 23:23:10.93634 UTC,2023-11-04 23:25:14.93634 UTC
13350245,23,4189,2024-07-11 22:41:18.628451 UTC,2024-07-11 22:43:32.628451 UTC
5936601,23,7323,2023-10-14 14:08:46.226714 UTC,2023-10-14 14:14:43.226714 UTC
10672845,23,1658,2024-01-15 12:05:18.628451 UTC,2024-01-15 12:11:18.628451 UTC
8904226,23,7841,2023-09-19 14:59:34.749663 UTC,2023-09-19 15:04:55.749663 UTC
6913166,23,334,2023-09-26 14:51:33.269681 UTC,2023-09-26 14:53:03.269681 UTC
11999620,23,7966,2024-04-12 21:44:18.628451 UTC,2024-04-12 21:45:44.628451 UTC
12282015,23,5811,2024-05-01 16:47:18.628451 UTC,2024-05-01 16:51:14.628451 UTC
10599684,23,6015,2024-01-10 14:33:18.628451 UTC,2024-01-10 14:33:53.628451 UTC
3970493,23,7271,2023-11-09 05:05:30.719616 UTC,2023-11-09 05:14:44.719616 UTC
10215536,23,53,2023-12-16 00:43:18.628451 UTC,2023-12-16 00:57:32.628451 UTC
11838300,23,4429,2024-04-02 04:15:18.628451 UTC,2024-04-02 04:18:19.628451 UTC
3981859,23,7913,2023-11-17 21:24:30.719616 UTC,2023-11-17 21:38:20.719616 UTC
11390602,23,3637,2024-03-03 07:41:18.628451 UTC,2024-03-03 07:47:10.628451 UTC
10182509,23,10285,2023-12-13 19:30:18.628451 UTC,2023-12-13 19:35:46.628451 UTC
10152365,23,8045,2023-12-11 19:17:18.628451 UTC,2023-12-11 19:26:37.628451 UTC
2858467,23,8404,2023-08-15 23:57:18.81691 UTC,2023-08-15 23:58:14.81691 UTC
12334497,23,2078,2024-05-05 04:42:18.628451 UTC,2024-05-05 04:49:34.628451 UTC
12336555,23,7074,2024-05-05 07:47:18.628451 UTC,2024-05-05 08:02:09.628451 UTC
11790678,23,10694,2024-03-29 23:42:18.628451 UTC,2024-03-29 23:42:48.628451 UTC
6895141,23,4328,2023-09-12 19:42:33.269681 UTC,2023-09-12 19:52:34.269681 UTC
12544904,23,183,2024-05-19 05:55:18.628451 UTC,2024-05-19 05:57:59.628451 UTC
12770266,23,6706,2024-06-03 07:16:18.628451 UTC,2024-06-03 07:24:46.628451 UTC
12834571,23,4675,2024-06-07 13:42:18.628451 UTC,2024-06-07 13:53:51.628451 UTC
12718748,23,8315,2024-05-30 20:48:18.628451 UTC,2024-05-30 20:54:24.628451 UTC
12293361,23,5234,2024-05-02 10:57:18.628451 UTC,2024-05-02 11:09:34.628451 UTC
12065246,23,532,2024-04-17 05:55:18.628451 UTC,2024-04-17 06:05:06.628451 UTC
10582067,23,769,2024-01-09 10:06:18.628451 UTC,2024-01-09 10:09:39.628451 UTC
13515058,23,8971,2024-07-22 22:26:18.628451 UTC,2024-07-22 22:34:40.628451 UTC
11225932,23,3527,2024-02-21 08:38:18.628451 UTC,2024-02-21 08:44:24.628451 UTC
12110078,23,10656,2024-04-20 06:13:18.628451 UTC,2024-04-20 06:18:21.628451 UTC
11669340,23,4481,2024-03-21 21:35:18.628451 UTC,2024-03-21 21:42:06.628451 UTC
3910451,23,7367,2023-09-24 16:50:30.719616 UTC,2023-09-24 17:02:45.719616 UTC
12844879,23,5448,2024-06-08 06:19:18.628451 UTC,2024-06-08 06:29:35.628451 UTC
12216573,23,6384,2024-04-27 07:59:18.628451 UTC,2024-04-27 07:59:48.628451 UTC
12924536,23,3788,2024-06-13 14:01:18.628451 UTC,2024-06-13 14:06:55.628451 UTC
12250889,23,8682,2024-04-29 14:56:18.628451 UTC,2024-04-29 15:08:57.628451 UTC
11918599,23,8955,2024-04-07 13:03:18.628451 UTC,2024-04-07 13:14:29.628451 UTC
10971737,23,6995,2024-02-04 09:16:18.628451 UTC,2024-02-04 09:24:45.628451 UTC
7990623,23,1054,2023-11-24 12:47:10.93634 UTC,2023-11-24 12:59:40.93634 UTC
7874457,23,4384,2023-08-28 08:34:10.93634 UTC,2023-08-28 08:41:28.93634 UTC
12087333,23,3606,2024-04-18 17:54:18.628451 UTC,2024-04-18 18:03:10.628451 UTC
2995546,23,2100,2023-11-28 04:45:18.81691 UTC,2023-11-28 04:54:07.81691 UTC
9928778,23,5195,2023-10-08 08:45:18.628451 UTC,2023-10-08 08:54:42.628451 UTC
858977,23,1523,2023-08-16 06:23:47.952295 UTC,2023-08-16 06:25:59.952295 UTC
11518707,23,4909,2024-03-11 20:37:18.628451 UTC,2024-03-11 20:48:39.628451 UTC
12475449,23,5525,2024-05-14 15:00:18.628451 UTC,2024-05-14 15:07:40.628451 UTC
12764403,23,8605,2024-06-02 21:45:18.628451 UTC,2024-06-02 21:51:44.628451 UTC
10095378,23,8820,2023-12-07 23:05:18.628451 UTC,2023-12-07 23:10:29.628451 UTC
10522449,23,1410,2024-01-05 10:23:18.628451 UTC,2024-01-05 10:33:04.628451 UTC
11710494,23,6170,2024-03-24 15:23:18.628451 UTC,2024-03-24 15:36:38.628451 UTC
8950207,23,4994,2023-10-24 13:47:34.749663 UTC,2023-10-24 13:58:11.749663 UTC
7953531,23,4494,2023-10-27 05:34:10.93634 UTC,2023-10-27 05:48:19.93634 UTC
11229167,23,3295,2024-02-21 13:45:18.628451 UTC,2024-02-21 13:47:26.628451 UTC
12573924,24,8313,2024-05-21 03:59:18.628451 UTC,2024-05-21 04:00:59.628451 UTC
13465515,24,5344,2024-07-19 15:06:18.628451 UTC,2024-07-19 15:10:35.628451 UTC
3983182,24,10662,2023-11-18 22:19:30.719616 UTC,2023-11-18 22:30:42.719616 UTC
13416891,24,3716,2024-07-16 09:21:18.628451 UTC,2024-07-16 09:24:22.628451 UTC
11500068,24,1588,2024-03-10 14:48:18.628451 UTC,2024-03-10 15:03:04.628451 UTC
11647922,24,1334,2024-03-20 11:26:18.628451 UTC,2024-03-20 11:27:59.628451 UTC
13009412,24,4140,2024-06-19 05:50:18.628451 UTC,2024-06-19 05:52:33.628451 UTC
10083619,24,10124,2023-12-07 04:17:18.628451 UTC,2023-12-07 04:27:40.628451 UTC
11703387,24,7465,2024-03-24 03:58:18.628451 UTC,2024-03-24 04:11:30.628451 UTC
7970777,24,1436,2023-11-09 10:36:10.93634 UTC,2023-11-09 10:39:04.93634 UTC
10279758,24,7827,2023-12-20 07:32:18.628451 UTC,2023-12-20 07:40:01.628451 UTC
5840263,24,7214,2023-08-02 06:44:46.226714 UTC,2023-08-02 06:54:58.226714 UTC
11798120,24,2943,2024-03-30 11:37:18.628451 UTC,2024-03-30 11:44:12.628451 UTC
11011695,24,3120,2024-02-07 01:17:18.628451 UTC,2024-02-07 01:21:26.628451 UTC
11401487,24,10144,2024-03-04 00:56:18.628451 UTC,2024-03-04 00:56:59.628451 UTC
11078609,24,8323,2024-02-11 12:47:18.628451 UTC,2024-02-11 12:53:44.628451 UTC
9955075,24,6439,2023-10-28 08:25:18.628451 UTC,2023-10-28 08:26:23.628451 UTC
894123,24,6867,2023-09-12 02:59:47.952295 UTC,2023-09-12 03:04:35.952295 UTC
12906414,24,8919,2024-06-12 09:04:18.628451 UTC,2024-06-12 09:05:29.628451 UTC
12910922,24,8243,2024-06-12 16:22:18.628451 UTC,2024-06-12 16:36:32.628451 UTC
13365806,24,5019,2024-07-12 23:46:18.628451 UTC,2024-07-12 23:53:23.628451 UTC
10733322,24,4907,2024-01-19 12:46:18.628451 UTC,2024-01-19 12:46:54.628451 UTC
10583279,24,6062,2024-01-09 12:06:18.628451 UTC,2024-01-09 12:18:08.628451 UTC
12942986,24,9621,2024-06-14 19:32:18.628451 UTC,2024-06-14 19:33:10.628451 UTC
11375771,24,4898,2024-03-02 07:40:18.628451 UTC,2024-03-02 07:51:58.628451 UTC
12527741,24,7548,2024-05-18 02:21:18.628451 UTC,2024-05-18 02:21:41.628451 UTC
12343663,24,6819,2024-05-05 19:26:18.628451 UTC,2024-05-05 19:32:14.628451 UTC
5889787,24,7587,2023-09-08 21:39:46.226714 UTC,2023-09-08 21:42:57.226714 UTC
3904865,24,2850,2023-09-20 11:21:30.719616 UTC,2023-09-20 11:22:23.719616 UTC
10107554,24,151,2023-12-08 18:42:18.628451 UTC,2023-12-08 18:43:19.628451 UTC
11750330,24,7558,2024-03-27 07:14:18.628451 UTC,2024-03-27 07:23:38.628451 UTC
10860790,24,7403,2024-01-28 00:20:18.628451 UTC,2024-01-28 00:21:01.628451 UTC
11122635,24,5179,2024-02-14 11:05:18.628451 UTC,2024-02-14 11:20:07.628451 UTC
12276476,24,1283,2024-05-01 08:03:18.628451 UTC,2024-05-01 08:08:17.628451 UTC
11431113,24,5515,2024-03-06 00:08:18.628451 UTC,2024-03-06 00:22:44.628451 UTC
3832993,24,7662,2023-07-28 00:46:30.719616 UTC,2023-07-28 00:54:00.719616 UTC
11590243,24,947,2024-03-16 15:19:18.628451 UTC,2024-03-16 15:32:06.628451 UTC
10135780,24,495,2023-12-10 16:09:18.628451 UTC,2023-12-10 16:10:00.628451 UTC
11201361,24,3331,2024-02-19 17:18:18.628451 UTC,2024-02-19 17:29:06.628451 UTC
11056457,24,9819,2024-02-10 01:14:18.628451 UTC,2024-02-10 01:20:08.628451 UTC
10190982,24,7573,2023-12-14 09:07:18.628451 UTC,2023-12-14 09:15:39.628451 UTC
11001384,24,3067,2024-02-06 08:49:18.628451 UTC,2024-02-06 08:52:41.628451 UTC
13371383,24,10655,2024-07-13 08:46:18.628451 UTC,2024-07-13 08:46:26.628451 UTC
12988404,24,9382,2024-06-17 20:21:18.628451 UTC,2024-06-17 20:25:13.628451 UTC
10409110,24,10444,2023-12-28 22:07:18.628451 UTC,2023-12-28 22:09:11.628451 UTC
11343327,24,1810,2024-02-29 04:06:18.628451 UTC,2024-02-29 04:10:01.628451 UTC
11941057,24,2932,2024-04-09 00:25:18.628451 UTC,2024-04-09 00:39:42.628451 UTC
9868726,24,2102,2023-08-23 09:48:18.628451 UTC,2023-08-23 09:57:04.628451 UTC
10107123,24,2880,2023-12-08 17:59:18.628451 UTC,2023-12-08 18:07:30.628451 UTC
11746647,24,5003,2024-03-27 01:25:18.628451 UTC,2024-03-27 01:37:32.628451 UTC
12564554,24,9061,2024-05-20 13:04:18.628451 UTC,2024-05-20 13:09:54.628451 UTC
12707124,24,54,2024-05-30 01:48:18.628451 UTC,2024-05-30 01:57:03.628451 UTC
6922418,24,4617,2023-10-03 19:04:33.269681 UTC,2023-10-03 19:11:50.269681 UTC
835687,24,892,2023-07-29 13:00:47.952295 UTC,2023-07-29 13:11:36.952295 UTC
3981164,24,2766,2023-11-17 08:40:30.719616 UTC,2023-11-17 08:46:18.719616 UTC
11098035,24,7317,2024-02-12 19:49:18.628451 UTC,2024-02-12 19:52:59.628451 UTC
839646,24,4221,2023-08-01 12:18:47.952295 UTC,2023-08-01 12:30:14.952295 UTC
7889761,24,8913,2023-09-08 21:47:10.93634 UTC,2023-09-08 21:50:27.93634 UTC
2884250,24,8778,2023-09-04 09:15:18.81691 UTC,2023-09-04 09:26:35.81691 UTC
10059220,24,6206,2023-12-05 13:35:18.628451 UTC,2023-12-05 13:47:37.628451 UTC
10780393,24,6427,2024-01-22 15:34:18.628451 UTC,2024-01-22 15:35:02.628451 UTC
9840850,24,5425,2023-08-02 05:44:18.628451 UTC,2023-08-02 05:56:06.628451 UTC
13257046,24,6374,2024-07-05 17:29:18.628451 UTC,2024-07-05 17:40:31.628451 UTC
10151138,24,4509,2023-12-11 17:15:18.628451 UTC,2023-12-11 17:18:00.628451 UTC
11066155,24,3531,2024-02-10 16:53:18.628451 UTC,2024-02-10 17:01:25.628451 UTC
12242647,24,7444,2024-04-29 01:27:18.628451 UTC,2024-04-29 01:35:24.628451 UTC
4842876,24,9820,2023-08-04 05:42:19.789965 UTC,2023-08-04 05:54:35.789965 UTC
11543902,24,4110,2024-03-13 12:54:18.628451 UTC,2024-03-13 12:57:04.628451 UTC
11317671,24,5684,2024-02-27 11:06:18.628451 UTC,2024-02-27 11:15:35.628451 UTC
1894671,24,709,2023-09-12 15:40:58.052641 UTC,2023-09-12 15:42:39.052641 UTC
12198586,24,2113,2024-04-26 03:16:18.628451 UTC,2024-04-26 03:25:34.628451 UTC
11067712,24,1612,2024-02-10 19:20:18.628451 UTC,2024-02-10 19:25:43.628451 UTC
9931911,24,3571,2023-10-10 18:35:18.628451 UTC,2023-10-10 18:49:16.628451 UTC
11360070,24,6692,2024-03-01 06:50:18.628451 UTC,2024-03-01 06:55:46.628451 UTC
6967419,24,5481,2023-11-06 23:00:33.269681 UTC,2023-11-06 23:11:14.269681 UTC
12254384,24,5988,2024-04-29 20:32:18.628451 UTC,2024-04-29 20:37:37.628451 UTC
12680033,24,503,2024-05-28 06:36:18.628451 UTC,2024-05-28 06:38:03.628451 UTC
10507714,24,580,2024-01-04 10:45:18.628451 UTC,2024-01-04 10:49:56.628451 UTC
10312496,24,6973,2023-12-22 11:37:18.628451 UTC,2023-12-22 11:41:35.628451 UTC
13330109,24,3258,2024-07-10 14:33:18.628451 UTC,2024-07-10 14:33:27.628451 UTC
8899728,24,8649,2023-09-16 03:29:34.749663 UTC,2023-09-16 03:34:13.749663 UTC
3863080,24,8682,2023-08-19 19:22:30.719616 UTC,2023-08-19 19:27:49.719616 UTC
864898,24,3627,2023-08-20 19:59:47.952295 UTC,2023-08-20 20:05:45.952295 UTC
12490783,24,3682,2024-05-15 15:29:18.628451 UTC,2024-05-15 15:41:07.628451 UTC
11053923,24,5174,2024-02-09 21:07:18.628451 UTC,2024-02-09 21:12:52.628451 UTC
890282,24,3583,2023-09-09 03:12:47.952295 UTC,2023-09-09 03:19:37.952295 UTC
10543673,24,1324,2024-01-06 20:36:18.628451 UTC,2024-01-06 20:48:05.628451 UTC
12787501,24,4105,2024-06-04 11:02:18.628451 UTC,2024-06-04 11:06:17.628451 UTC
8953842,24,10292,2023-10-27 07:55:34.749663 UTC,2023-10-27 08:04:01.749663 UTC
1927014,24,2155,2023-10-07 04:19:58.052641 UTC,2023-10-07 04:20:49.052641 UTC
11287059,24,689,2024-02-25 09:49:18.628451 UTC,2024-02-25 09:56:24.628451 UTC
7900753,24,4144,2023-09-17 07:05:10.93634 UTC,2023-09-17 07:11:56.93634 UTC
3879593,24,5168,2023-09-01 07:25:30.719616 UTC,2023-09-01 07:26:06.719616 UTC
13373536,24,4733,2024-07-13 12:16:18.628451 UTC,2024-07-13 12:27:03.628451 UTC
12193311,24,5912,2024-04-25 18:55:18.628451 UTC,2024-04-25 19:00:44.628451 UTC
13187842,24,4118,2024-07-01 03:02:18.628451 UTC,2024-07-01 03:03:34.628451 UTC
13318434,24,759,2024-07-09 19:41:18.628451 UTC,2024-07-09 19:42:27.628451 UTC
2938958,24,405,2023-10-16 02:49:18.81691 UTC,2023-10-16 02:51:33.81691 UTC
12667921,24,7783,2024-05-27 10:55:18.628451 UTC,2024-05-27 10:57:30.628451 UTC
11465702,24,4579,2024-03-08 07:22:18.628451 UTC,2024-03-08 07:35:26.628451 UTC
12967142,24,10194,2024-06-16 10:21:18.628451 UTC,2024-06-16 10:31:37.628451 UTC
10390626,24,5291,2023-12-27 16:45:18.628451 UTC,2023-12-27 16:53:30.628451 UTC
11100829,24,7199,2024-02-13 00:13:18.628451 UTC,2024-02-13 00:27:52.628451 UTC
11664232,24,1011,2024-03-21 13:32:18.628451 UTC,2024-03-21 13:36:03.628451 UTC
935822,24,256,2023-10-13 22:36:47.952295 UTC,2023-10-13 22:40:33.952295 UTC
10724098,24,5384,2024-01-18 21:59:18.628451 UTC,2024-01-18 22:05:12.628451 UTC
8932941,24,3370,2023-10-11 07:07:34.749663 UTC,2023-10-11 07:14:19.749663 UTC
10179394,24,5117,2023-12-13 14:33:18.628451 UTC,2023-12-13 14:44:07.628451 UTC
10181928,24,5202,2023-12-13 18:36:18.628451 UTC,2023-12-13 18:49:10.628451 UTC
11895692,25,8552,2024-04-06 00:28:18.628451 UTC,2024-04-06 00:31:02.628451 UTC
13157649,25,5662,2024-06-29 03:23:18.628451 UTC,2024-06-29 03:29:18.628451 UTC
10809052,25,474,2024-01-24 13:31:18.628451 UTC,2024-01-24 13:35:17.628451 UTC
6964442,25,7788,2023-11-04 17:45:33.269681 UTC,2023-11-04 17:57:14.269681 UTC
12361752,25,423,2024-05-07 00:22:18.628451 UTC,2024-05-07 00:34:05.628451 UTC
6883820,25,3862,2023-09-04 03:22:33.269681 UTC,2023-09-04 03:28:41.269681 UTC
13339894,25,5381,2024-07-11 06:17:18.628451 UTC,2024-07-11 06:19:28.628451 UTC
11065194,25,78,2024-02-10 15:24:18.628451 UTC,2024-02-10 15:33:42.628451 UTC
11105909,25,2355,2024-02-13 08:17:18.628451 UTC,2024-02-13 08:24:58.628451 UTC
13222469,25,7004,2024-07-03 10:34:18.628451 UTC,2024-07-03 10:45:02.628451 UTC
12568479,25,7752,2024-05-20 19:18:18.628451 UTC,2024-05-20 19:23:27.628451 UTC
12353293,25,8544,2024-05-06 11:06:18.628451 UTC,2024-05-06 11:09:58.628451 UTC
1866722,25,3179,2023-08-22 11:42:58.052641 UTC,2023-08-22 11:52:10.052641 UTC
12192884,25,106,2024-04-25 18:12:18.628451 UTC,2024-04-25 18:13:07.628451 UTC
7827808,25,9317,2023-07-24 04:35:10.93634 UTC,2023-07-24 04:40:42.93634 UTC
12515224,25,6541,2024-05-17 06:24:18.628451 UTC,2024-05-17 06:34:21.628451 UTC
12331917,25,1863,2024-05-05 00:38:18.628451 UTC,2024-05-05 00:40:30.628451 UTC
13484980,25,3477,2024-07-20 22:09:18.628451 UTC,2024-07-20 22:16:10.628451 UTC
9913260,25,10230,2023-09-26 14:11:18.628451 UTC,2023-09-26 14:13:10.628451 UTC
13528756,25,5666,2024-07-23 20:16:18.628451 UTC,2024-07-23 20:17:34.628451 UTC
10624121,25,2141,2024-01-12 05:33:18.628451 UTC,2024-01-12 05:39:54.628451 UTC
10346935,25,8260,2023-12-24 18:42:18.628451 UTC,2023-12-24 18:52:21.628451 UTC
13314523,25,8713,2024-07-09 13:25:18.628451 UTC,2024-07-09 13:32:03.628451 UTC
12717943,25,6475,2024-05-30 19:34:18.628451 UTC,2024-05-30 19:47:06.628451 UTC
10458725,25,9050,2024-01-01 05:07:18.628451 UTC,2024-01-01 05:11:11.628451 UTC
10742874,25,4708,2024-01-20 04:05:18.628451 UTC,2024-01-20 04:17:28.628451 UTC
3938598,25,3739,2023-10-16 03:30:30.719616 UTC,2023-10-16 03:33:15.719616 UTC
10959798,25,6573,2024-02-03 14:05:18.628451 UTC,2024-02-03 14:15:37.628451 UTC
10209866,25,2407,2023-12-15 15:36:18.628451 UTC,2023-12-15 15:36:32.628451 UTC
11328549,25,2083,2024-02-28 04:26:18.628451 UTC,2024-02-28 04:29:02.628451 UTC
2984851,25,8992,2023-11-19 23:58:18.81691 UTC,2023-11-20 00:04:01.81691 UTC
13205466,25,3883,2024-07-02 07:16:18.628451 UTC,2024-07-02 07:21:13.628451 UTC
11554303,25,2326,2024-03-14 05:36:18.628451 UTC,2024-03-14 05:36:59.628451 UTC
10682903,25,8909,2024-01-16 04:19:18.628451 UTC,2024-01-16 04:20:48.628451 UTC
13527576,25,2528,2024-07-23 18:19:18.628451 UTC,2024-07-23 18:23:47.628451 UTC
10125855,25,652,2023-12-10 00:06:18.628451 UTC,2023-12-10 00:14:16.628451 UTC
11008739,25,5405,2024-02-06 20:34:18.628451 UTC,2024-02-06 20:40:21.628451 UTC
3869586,25,7553,2023-08-24 17:43:30.719616 UTC,2023-08-24 17:47:26.719616 UTC
13511349,25,7511,2024-07-22 16:34:18.628451 UTC,2024-07-22 16:38:37.628451 UTC
12466578,25,8791,2024-05-14 00:41:18.628451 UTC,2024-05-14 00:53:29.628451 UTC
10855562,25,5732,2024-01-27 15:59:18.628451 UTC,2024-01-27 16:05:34.628451 UTC
12974730,25,1352,2024-06-16 22:21:18.628451 UTC,2024-06-16 22:34:15.628451 UTC
8961688,25,4099,2023-11-02 06:23:34.749663 UTC,2023-11-02 06:24:24.749663 UTC
5950563,25,2954,2023-10-25 02:35:46.226714 UTC,2023-10-25 02:42:37.226714 UTC
11310437,25,9016,2024-02-26 23:20:18.628451 UTC,2024-02-26 23:26:17.628451 UTC
906401,25,10233,2023-09-21 09:55:47.952295 UTC,2023-09-21 10:06:47.952295 UTC
12592002,25,2569,2024-05-22 08:39:18.628451 UTC,2024-05-22 08:42:05.628451 UTC
12246022,25,2402,2024-04-29 06:59:18.628451 UTC,2024-04-29 07:11:40.628451 UTC
10538689,25,9286,2024-01-06 12:36:18.628451 UTC,2024-01-06 12:50:47.628451 UTC
12193339,25,689,2024-04-25 18:59:18.628451 UTC,2024-04-25 19:08:35.628451 UTC
11487424,25,9891,2024-03-09 18:23:18.628451 UTC,2024-03-09 18:23:55.628451 UTC
8977117,25,3098,2023-11-14 03:44:34.749663 UTC,2023-11-14 03:55:24.749663 UTC
11503649,25,7445,2024-03-10 20:27:18.628451 UTC,2024-03-10 20:38:13.628451 UTC
10199667,25,3499,2023-12-14 23:10:18.628451 UTC,2023-12-14 23:20:21.628451 UTC
1950516,25,5126,2023-10-24 23:17:58.052641 UTC,2023-10-24 23:19:44.052641 UTC
875737,25,1787,2023-08-29 00:51:47.952295 UTC,2023-08-29 00:57:57.952295 UTC
2848794,25,3050,2023-08-08 19:59:18.81691 UTC,2023-08-08 20:01:44.81691 UTC
892689,25,6411,2023-09-11 00:36:47.952295 UTC,2023-09-11 00:38:04.952295 UTC
10609382,25,9855,2024-01-11 06:07:18.628451 UTC,2024-01-11 06:22:01.628451 UTC
13256307,25,8239,2024-07-05 16:18:18.628451 UTC,2024-07-05 16:32:02.628451 UTC
13450859,25,3030,2024-07-18 15:37:18.628451 UTC,2024-07-18 15:37:52.628451 UTC
13502285,25,7869,2024-07-22 02:04:18.628451 UTC,2024-07-22 02:05:26.628451 UTC
11902887,25,9219,2024-04-06 11:59:18.628451 UTC,2024-04-06 12:00:10.628451 UTC
11471276,25,7326,2024-03-08 16:24:18.628451 UTC,2024-03-08 16:32:13.628451 UTC
11962347,25,4004,2024-04-10 10:19:18.628451 UTC,2024-04-10 10:25:43.628451 UTC
12158597,25,8075,2024-04-23 11:30:18.628451 UTC,2024-04-23 11:35:38.628451 UTC
10068569,25,5853,2023-12-06 04:20:18.628451 UTC,2023-12-06 04:26:45.628451 UTC
9970249,25,5828,2023-11-08 22:53:18.628451 UTC,2023-11-08 22:54:27.628451 UTC
11248545,25,252,2024-02-22 20:40:18.628451 UTC,2024-02-22 20:53:52.628451 UTC
13065775,25,950,2024-06-23 00:26:18.628451 UTC,2024-06-23 00:36:54.628451 UTC
10316768,25,7390,2023-12-22 18:33:18.628451 UTC,2023-12-22 18:41:30.628451 UTC
11513367,25,9514,2024-03-11 12:15:18.628451 UTC,2024-03-11 12:22:45.628451 UTC
2829941,25,3663,2023-07-25 16:25:18.81691 UTC,2023-07-25 16:34:55.81691 UTC
12070435,25,6791,2024-04-17 14:19:18.628451 UTC,2024-04-17 14:25:11.628451 UTC
12742858,25,6866,2024-06-01 11:12:18.628451 UTC,2024-06-01 11:18:10.628451 UTC
11814077,25,5769,2024-03-31 13:23:18.628451 UTC,2024-03-31 13:25:20.628451 UTC
8889576,25,2269,2023-09-08 09:25:34.749663 UTC,2023-09-08 09:29:55.749663 UTC
1996994,25,3974,2023-11-29 07:05:58.052641 UTC,2023-11-29 07:16:11.052641 UTC
12900845,25,3579,2024-06-12 00:03:18.628451 UTC,2024-06-12 00:10:45.628451 UTC
13373875,25,1280,2024-07-13 12:51:18.628451 UTC,2024-07-13 12:55:55.628451 UTC
10857381,25,5378,2024-01-27 18:50:18.628451 UTC,2024-01-27 18:56:18.628451 UTC
11068503,25,230,2024-02-10 20:37:18.628451 UTC,2024-02-10 20:40:37.628451 UTC
10746715,25,3787,2024-01-20 10:11:18.628451 UTC,2024-01-20 10:18:41.628451 UTC
12360088,25,8586,2024-05-06 21:49:18.628451 UTC,2024-05-06 22:00:59.628451 UTC
12392103,25,4874,2024-05-09 01:03:18.628451 UTC,2024-05-09 01:06:11.628451 UTC
13439025,25,238,2024-07-17 20:34:18.628451 UTC,2024-07-17 20:45:49.628451 UTC
10794857,25,6165,2024-01-23 14:40:18.628451 UTC,2024-01-23 14:49:59.628451 UTC
10669790,25,68,2024-01-15 07:09:18.628451 UTC,2024-01-15 07:20:56.628451 UTC
2919991,25,7790,2023-10-01 20:32:18.81691 UTC,2023-10-01 20:39:24.81691 UTC
10456537,25,4694,2024-01-01 01:31:18.628451 UTC,2024-01-01 01:41:22.628451 UTC
10018220,25,7681,2023-12-02 19:39:18.628451 UTC,2023-12-02 19:43:42.628451 UTC
10671208,25,10586,2024-01-15 09:25:18.628451 UTC,2024-01-15 09:36:33.628451 UTC
11889617,25,2466,2024-04-05 14:32:18.628451 UTC,2024-04-05 14:44:01.628451 UTC
11579594,25,3045,2024-03-15 22:06:18.628451 UTC,2024-03-15 22:13:02.628451 UTC
12140672,25,4002,2024-04-22 06:59:18.628451 UTC,2024-04-22 07:03:03.628451 UTC
10900783,25,4809,2024-01-30 15:49:18.628451 UTC,2024-01-30 15:55:32.628451 UTC
12489125,25,4004,2024-05-15 12:44:18.628451 UTC,2024-05-15 12:49:59.628451 UTC
12848357,25,7043,2024-06-08 12:01:18.628451 UTC,2024-06-08 12:05:13.628451 UTC
11441990,25,8437,2024-03-06 17:26:18.628451 UTC,2024-03-06 17:36:09.628451 UTC
10237877,25,2405,2023-12-17 12:40:18.628451 UTC,2023-12-17 12:52:32.628451 UTC
1897184,25,5416,2023-09-14 13:25:58.052641 UTC,2023-09-14 13:38:52.052641 UTC
12584075,25,866,2024-05-21 20:09:18.628451 UTC,2024-05-21 20:18:04.628451 UTC
3876759,25,5641,2023-08-30 03:32:30.719616 UTC,2023-08-30 03:44:01.719616 UTC
10472425,25,634,2024-01-02 02:40:18.628451 UTC,2024-01-02 02:40:48.628451 UTC
11703541,25,3632,2024-03-24 04:13:18.628451 UTC,2024-03-24 04:15:21.628451 UTC
858220,26,581,2023-08-15 16:45:47.952295 UTC,2023-08-15 16:54:47.952295 UTC
11394877,26,7726,2024-03-03 14:20:18.628451 UTC,2024-03-03 14:24:03.628451 UTC
4919826,26,9097,2023-10-01 21:07:19.789965 UTC,2023-10-01 21:19:53.789965 UTC
10736831,26,7051,2024-01-19 18:28:18.628451 UTC,2024-01-19 18:39:55.628451 UTC
11874225,26,7070,2024-04-04 13:47:18.628451 UTC,2024-04-04 13:54:07.628451 UTC
1982454,26,1856,2023-11-18 06:28:58.052641 UTC,2023-11-18 06:42:19.052641 UTC
6856573,26,4110,2023-08-14 05:24:33.269681 UTC,2023-08-14 05:25:56.269681 UTC
10931250,26,4534,2024-02-01 16:25:18.628451 UTC,2024-02-01 16:34:48.628451 UTC
12867399,26,10018,2024-06-09 18:47:18.628451 UTC,2024-06-09 18:59:02.628451 UTC
12768087,26,1189,2024-06-03 03:39:18.628451 UTC,2024-06-03 03:43:25.628451 UTC
8987007,26,3719,2023-11-21 16:33:34.749663 UTC,2023-11-21 16:34:22.749663 UTC
11424371,26,6647,2024-03-05 13:22:18.628451 UTC,2024-03-05 13:23:49.628451 UTC
3974262,26,2997,2023-11-12 03:05:30.719616 UTC,2023-11-12 03:05:40.719616 UTC
11394440,26,6825,2024-03-03 13:38:18.628451 UTC,2024-03-03 13:46:44.628451 UTC
11144987,26,9539,2024-02-15 22:30:18.628451 UTC,2024-02-15 22:34:25.628451 UTC
13272427,26,9012,2024-07-06 17:59:18.628451 UTC,2024-07-06 18:05:08.628451 UTC
11331515,26,9575,2024-02-28 09:11:18.628451 UTC,2024-02-28 09:13:13.628451 UTC
928035,26,7590,2023-10-07 22:10:47.952295 UTC,2023-10-07 22:19:48.952295 UTC
10584473,26,6655,2024-01-09 14:04:18.628451 UTC,2024-01-09 14:16:33.628451 UTC
11566792,26,10657,2024-03-15 01:33:18.628451 UTC,2024-03-15 01:37:46.628451 UTC
12805282,26,5616,2024-06-05 15:03:18.628451 UTC,2024-06-05 15:03:39.628451 UTC
12907450,26,3174,2024-06-12 10:45:18.628451 UTC,2024-06-12 10:51:34.628451 UTC
12686891,26,2854,2024-05-28 17:27:18.628451 UTC,2024-05-28 17:30:17.628451 UTC
13031880,26,5384,2024-06-20 17:50:18.628451 UTC,2024-06-20 17:57:15.628451 UTC
12097436,26,4435,2024-04-19 09:59:18.628451 UTC,2024-04-19 10:14:17.628451 UTC
9958490,26,9116,2023-10-30 23:37:18.628451 UTC,2023-10-30 23:47:51.628451 UTC
12816606,26,7680,2024-06-06 08:55:18.628451 UTC,2024-06-06 09:08:20.628451 UTC
13091292,26,10661,2024-06-24 17:31:18.628451 UTC,2024-06-24 17:37:00.628451 UTC
13222890,26,10112,2024-07-03 11:15:18.628451 UTC,2024-07-03 11:25:53.628451 UTC
12370266,26,8258,2024-05-07 13:58:18.628451 UTC,2024-05-07 14:08:55.628451 UTC
12028031,26,2900,2024-04-14 18:50:18.628451 UTC,2024-04-14 18:58:06.628451 UTC
11169219,26,9552,2024-02-17 13:29:18.628451 UTC,2024-02-17 13:39:38.628451 UTC
10765891,26,9748,2024-01-21 17:03:18.628451 UTC,2024-01-21 17:12:04.628451 UTC
11465788,26,10136,2024-03-08 07:31:18.628451 UTC,2024-03-08 07:45:39.628451 UTC
13483709,26,6117,2024-07-20 20:05:18.628451 UTC,2024-07-20 20:15:19.628451 UTC
13062708,26,8770,2024-06-22 19:25:18.628451 UTC,2024-06-22 19:38:50.628451 UTC
6996618,26,6021,2023-11-28 23:32:33.269681 UTC,2023-11-28 23:41:40.269681 UTC
8925109,26,5075,2023-10-05 09:43:34.749663 UTC,2023-10-05 09:50:56.749663 UTC
10293126,26,917,2023-12-21 04:58:18.628451 UTC,2023-12-21 05:09:11.628451 UTC
10918204,26,1370,2024-01-31 19:15:18.628451 UTC,2024-01-31 19:20:21.628451 UTC
12732194,26,1271,2024-05-31 18:23:18.628451 UTC,2024-05-31 18:27:26.628451 UTC
12851207,26,939,2024-06-08 16:32:18.628451 UTC,2024-06-08 16:41:29.628451 UTC
13133992,26,10229,2024-06-27 13:36:18.628451 UTC,2024-06-27 13:38:30.628451 UTC
12911746,26,3982,2024-06-12 17:43:18.628451 UTC,2024-06-12 17:54:19.628451 UTC
8858439,26,4159,2023-08-15 20:43:34.749663 UTC,2023-08-15 20:46:28.749663 UTC
11229077,26,2139,2024-02-21 13:36:18.628451 UTC,2024-02-21 13:41:59.628451 UTC
12021730,26,737,2024-04-14 08:41:18.628451 UTC,2024-04-14 08:53:58.628451 UTC
11959220,26,9487,2024-04-10 05:19:18.628451 UTC,2024-04-10 05:23:56.628451 UTC
10903054,26,6218,2024-01-30 19:15:18.628451 UTC,2024-01-30 19:23:50.628451 UTC
4844499,26,7515,2023-08-05 11:26:19.789965 UTC,2023-08-05 11:38:27.789965 UTC
10449930,26,7963,2023-12-31 15:07:18.628451 UTC,2023-12-31 15:11:03.628451 UTC
10411597,26,2028,2023-12-29 02:02:18.628451 UTC,2023-12-29 02:12:10.628451 UTC
3959262,26,8138,2023-10-31 15:54:30.719616 UTC,2023-10-31 15:58:35.719616 UTC
10131632,26,5036,2023-12-10 09:24:18.628451 UTC,2023-12-10 09:29:56.628451 UTC
12773728,26,8637,2024-06-03 12:51:18.628451 UTC,2024-06-03 13:04:47.628451 UTC
12432659,26,8235,2024-05-11 18:10:18.628451 UTC,2024-05-11 18:11:57.628451 UTC
10642334,26,1086,2024-01-13 10:58:18.628451 UTC,2024-01-13 11:07:20.628451 UTC
12050411,26,9133,2024-04-16 06:32:18.628451 UTC,2024-04-16 06:45:25.628451 UTC
10535782,26,9496,2024-01-06 08:00:18.628451 UTC,2024-01-06 08:15:06.628451 UTC
1861060,26,10678,2023-08-18 04:00:58.052641 UTC,2023-08-18 04:11:01.052641 UTC
13205392,26,8048,2024-07-02 07:09:18.628451 UTC,2024-07-02 07:22:01.628451 UTC
10202738,26,8114,2023-12-15 04:07:18.628451 UTC,2023-12-15 04:10:37.628451 UTC
11457688,26,869,2024-03-07 18:31:18.628451 UTC,2024-03-07 18:38:32.628451 UTC
11531410,26,9899,2024-03-12 16:59:18.628451 UTC,2024-03-12 17:02:32.628451 UTC
8873578,26,1967,2023-08-27 06:22:34.749663 UTC,2023-08-27 06:22:38.749663 UTC
2900669,26,7610,2023-09-16 22:13:18.81691 UTC,2023-09-16 22:16:11.81691 UTC
13268449,26,5479,2024-07-06 11:39:18.628451 UTC,2024-07-06 11:48:42.628451 UTC
11819124,26,9129,2024-03-31 21:34:18.628451 UTC,2024-03-31 21:43:56.628451 UTC
11655709,26,4664,2024-03-20 23:58:18.628451 UTC,2024-03-21 00:05:04.628451 UTC
10130680,26,10307,2023-12-10 07:54:18.628451 UTC,2023-12-10 08:05:52.628451 UTC
13139961,26,8508,2024-06-27 23:25:18.628451 UTC,2024-06-27 23:28:00.628451 UTC
13064876,26,9233,2024-06-22 22:56:18.628451 UTC,2024-06-22 23:06:54.628451 UTC
11808483,26,8582,2024-03-31 04:14:18.628451 UTC,2024-03-31 04:16:35.628451 UTC
10697307,26,8611,2024-01-17 03:17:18.628451 UTC,2024-01-17 03:23:18.628451 UTC
12416168,26,3598,2024-05-10 15:47:18.628451 UTC,2024-05-10 15:58:49.628451 UTC
2902762,26,9351,2023-09-18 12:42:18.81691 UTC,2023-09-18 12:49:31.81691 UTC
10342555,26,7616,2023-12-24 11:38:18.628451 UTC,2023-12-24 11:47:37.628451 UTC
13362217,26,4427,2024-07-12 17:58:18.628451 UTC,2024-07-12 18:01:01.628451 UTC
13008492,26,1160,2024-06-19 04:23:18.628451 UTC,2024-06-19 04:38:05.628451 UTC
6988632,26,1698,2023-11-22 20:29:33.269681 UTC,2023-11-22 20:42:36.269681 UTC
10153976,26,6910,2023-12-11 21:52:18.628451 UTC,2023-12-11 21:56:59.628451 UTC
828571,26,7257,2023-07-24 02:58:47.952295 UTC,2023-07-24 03:04:04.952295 UTC
10496465,26,1400,2024-01-03 16:48:18.628451 UTC,2024-01-03 16:52:49.628451 UTC
927907,26,3520,2023-10-07 20:01:47.952295 UTC,2023-10-07 20:03:59.952295 UTC
13129546,26,4893,2024-06-27 06:19:18.628451 UTC,2024-06-27 06:26:17.628451 UTC
10709581,26,2978,2024-01-17 22:50:18.628451 UTC,2024-01-17 23:05:16.628451 UTC
12438529,26,9263,2024-05-12 03:34:18.628451 UTC,2024-05-12 03:39:44.628451 UTC
12474912,26,7757,2024-05-14 14:06:18.628451 UTC,2024-05-14 14:08:39.628451 UTC
12751815,26,3788,2024-06-02 01:33:18.628451 UTC,2024-06-02 01:39:13.628451 UTC
13286684,26,8667,2024-07-07 16:46:18.628451 UTC,2024-07-07 16:50:36.628451 UTC
5888943,26,9165,2023-09-08 06:31:46.226714 UTC,2023-09-08 06:38:37.226714 UTC
4939602,26,8485,2023-10-16 18:00:19.789965 UTC,2023-10-16 18:10:30.789965 UTC
10626608,26,6854,2024-01-12 09:22:18.628451 UTC,2024-01-12 09:37:10.628451 UTC
11006103,26,4407,2024-02-06 16:26:18.628451 UTC,2024-02-06 16:30:18.628451 UTC
9991330,26,10594,2023-11-25 01:21:18.628451 UTC,2023-11-25 01:28:41.628451 UTC
10506702,26,5690,2024-01-04 09:00:18.628451 UTC,2024-01-04 09:01:06.628451 UTC
11551840,26,1338,2024-03-14 01:35:18.628451 UTC,2024-03-14 01:35:20.628451 UTC
11263235,26,5766,2024-02-23 19:59:18.628451 UTC,2024-02-23 20:03:27.628451 UTC
10036631,26,5271,2023-12-04 01:10:18.628451 UTC,2023-12-04 01:12:22.628451 UTC
11022835,26,9359,2024-02-07 19:03:18.628451 UTC,2024-02-07 19:13:49.628451 UTC
5874689,26,10701,2023-08-28 09:25:46.226714 UTC,2023-08-28 09:25:58.226714 UTC
12689047,26,9875,2024-05-28 20:52:18.628451 UTC,2024-05-28 21:00:22.628451 UTC
10611808,26,1962,2024-01-11 10:02:18.628451 UTC,2024-01-11 10:04:35.628451 UTC
3856236,26,231,2023-08-14 13:26:30.719616 UTC,2023-08-14 13:33:06.719616 UTC
10054311,26,1314,2023-12-05 05:39:18.628451 UTC,2023-12-05 05:48:38.628451 UTC
12886580,26,1853,2024-06-11 01:15:18.628451 UTC,2024-06-11 01:22:42.628451 UTC
11486350,26,5834,2024-03-09 16:37:18.628451 UTC,2024-03-09 16:50:32.628451 UTC
3885927,26,3076,2023-09-06 03:57:30.719616 UTC,2023-09-06 04:03:29.719616 UTC
5958968,26,9653,2023-10-31 11:05:46.226714 UTC,2023-10-31 11:18:51.226714 UTC
10608273,26,10162,2024-01-11 04:18:18.628451 UTC,2024-01-11 04:25:19.628451 UTC
12951545,26,6586,2024-06-15 09:18:18.628451 UTC,2024-06-15 09:22:02.628451 UTC
13312569,26,6332,2024-07-09 10:23:18.628451 UTC,2024-07-09 10:33:31.628451 UTC
11331180,26,8857,2024-02-28 08:38:18.628451 UTC,2024-02-28 08:39:17.628451 UTC
5924171,26,8031,2023-10-05 05:48:46.226714 UTC,2023-10-05 06:01:39.226714 UTC
10759809,26,6373,2024-01-21 07:16:18.628451 UTC,2024-01-21 07:27:19.628451 UTC
12514272,26,4938,2024-05-17 04:53:18.628451 UTC,2024-05-17 04:54:32.628451 UTC
10602818,26,1808,2024-01-10 19:34:18.628451 UTC,2024-01-10 19:44:08.628451 UTC
11887198,26,4617,2024-04-05 10:42:18.628451 UTC,2024-04-05 10:53:15.628451 UTC
12409846,26,1657,2024-05-10 05:40:18.628451 UTC,2024-05-10 05:54:18.628451 UTC
11193095,26,5340,2024-02-19 03:59:18.628451 UTC,2024-02-19 04:12:47.628451 UTC
10788997,27,8286,2024-01-23 05:19:18.628451 UTC,2024-01-23 05:34:15.628451 UTC
7985833,27,5069,2023-11-20 19:53:10.93634 UTC,2023-11-20 20:01:16.93634 UTC
11094580,27,878,2024-02-12 14:28:18.628451 UTC,2024-02-12 14:37:13.628451 UTC
8998373,27,5638,2023-11-30 08:29:34.749663 UTC,2023-11-30 08:44:18.749663 UTC
9839693,27,6421,2023-08-01 09:55:18.628451 UTC,2023-08-01 10:07:12.628451 UTC
11613177,27,6844,2024-03-18 03:55:18.628451 UTC,2024-03-18 04:04:57.628451 UTC
10969129,27,4770,2024-02-04 05:07:18.628451 UTC,2024-02-04 05:14:49.628451 UTC
13052186,27,5431,2024-06-22 02:38:18.628451 UTC,2024-06-22 02:51:20.628451 UTC
10598077,27,1096,2024-01-10 11:56:18.628451 UTC,2024-01-10 12:01:58.628451 UTC
12719096,27,790,2024-05-30 21:18:18.628451 UTC,2024-05-30 21:29:23.628451 UTC
7951257,27,4146,2023-10-25 12:29:10.93634 UTC,2023-10-25 12:36:04.93634 UTC
12109594,27,2187,2024-04-20 05:27:18.628451 UTC,2024-04-20 05:40:15.628451 UTC
8995474,27,8509,2023-11-28 03:51:34.749663 UTC,2023-11-28 03:54:23.749663 UTC
11772915,27,4718,2024-03-28 19:11:18.628451 UTC,2024-03-28 19:14:56.628451 UTC
5987134,27,5252,2023-11-21 21:34:46.226714 UTC,2023-11-21 21:46:45.226714 UTC
11671522,27,7911,2024-03-22 01:10:18.628451 UTC,2024-03-22 01:11:07.628451 UTC
11403466,27,1868,2024-03-04 04:08:18.628451 UTC,2024-03-04 04:13:36.628451 UTC
13176862,27,7260,2024-06-30 09:54:18.628451 UTC,2024-06-30 09:56:15.628451 UTC
13508878,27,5665,2024-07-22 12:35:18.628451 UTC,2024-07-22 12:44:54.628451 UTC
3879504,27,7096,2023-09-01 05:58:30.719616 UTC,2023-09-01 06:10:36.719616 UTC
12275630,27,10662,2024-05-01 06:42:18.628451 UTC,2024-05-01 06:42:58.628451 UTC
10728823,27,4719,2024-01-19 05:31:18.628451 UTC,2024-01-19 05:37:58.628451 UTC
5847670,27,590,2023-08-08 02:04:46.226714 UTC,2023-08-08 02:05:44.226714 UTC
10079506,27,7462,2023-12-06 21:42:18.628451 UTC,2023-12-06 21:48:03.628451 UTC
11225616,27,10588,2024-02-21 08:01:18.628451 UTC,2024-02-21 08:16:07.628451 UTC
11308729,27,6484,2024-02-26 20:37:18.628451 UTC,2024-02-26 20:48:41.628451 UTC
10742293,27,7564,2024-01-20 03:06:18.628451 UTC,2024-01-20 03:09:58.628451 UTC
11051121,27,1988,2024-02-09 16:34:18.628451 UTC,2024-02-09 16:40:57.628451 UTC
11731592,27,3165,2024-03-26 01:18:18.628451 UTC,2024-03-26 01:21:37.628451 UTC
3876629,27,10199,2023-08-30 01:09:30.719616 UTC,2023-08-30 01:14:49.719616 UTC
12225253,27,1094,2024-04-27 21:39:18.628451 UTC,2024-04-27 21:53:55.628451 UTC
12784415,27,6886,2024-06-04 05:53:18.628451 UTC,2024-06-04 05:57:41.628451 UTC
11446480,27,2433,2024-03-07 00:35:18.628451 UTC,2024-03-07 00:43:05.628451 UTC
4847959,27,6534,2023-08-08 03:41:19.789965 UTC,2023-08-08 03:56:17.789965 UTC
4929408,27,226,2023-10-09 02:44:19.789965 UTC,2023-10-09 02:50:09.789965 UTC
12194930,27,5522,2024-04-25 21:34:18.628451 UTC,2024-04-25 21:37:52.628451 UTC
9890685,27,324,2023-09-09 06:14:18.628451 UTC,2023-09-09 06:23:11.628451 UTC
12450651,27,7384,2024-05-12 22:54:18.628451 UTC,2024-05-12 22:56:21.628451 UTC
8852061,27,7951,2023-08-10 21:05:34.749663 UTC,2023-08-10 21:13:58.749663 UTC
12020037,27,10518,2024-04-14 06:03:18.628451 UTC,2024-04-14 06:16:31.628451 UTC
8913731,27,10592,2023-09-26 19:28:34.749663 UTC,2023-09-26 19:39:46.749663 UTC
11627280,27,4333,2024-03-19 02:17:18.628451 UTC,2024-03-19 02:23:34.628451 UTC
3947416,27,8879,2023-10-22 18:39:30.719616 UTC,2023-10-22 18:45:09.719616 UTC
9897002,27,1629,2023-09-14 03:36:18.628451 UTC,2023-09-14 03:46:00.628451 UTC
10896240,27,4053,2024-01-30 08:42:18.628451 UTC,2024-01-30 08:50:46.628451 UTC
10424654,27,1887,2023-12-29 22:42:18.628451 UTC,2023-12-29 22:56:13.628451 UTC
9986762,27,8190,2023-11-21 13:51:18.628451 UTC,2023-11-21 13:57:17.628451 UTC
12679731,27,3100,2024-05-28 06:06:18.628451 UTC,2024-05-28 06:10:39.628451 UTC
12141543,27,5786,2024-04-22 08:28:18.628451 UTC,2024-04-22 08:29:35.628451 UTC
11419434,27,10213,2024-03-05 05:21:18.628451 UTC,2024-03-05 05:32:14.628451 UTC
12863622,27,4285,2024-06-09 12:42:18.628451 UTC,2024-06-09 12:47:46.628451 UTC
3955941,27,6160,2023-10-29 04:17:30.719616 UTC,2023-10-29 04:23:54.719616 UTC
12650184,27,7546,2024-05-26 06:18:18.628451 UTC,2024-05-26 06:20:08.628451 UTC
12304950,27,8752,2024-05-03 05:31:18.628451 UTC,2024-05-03 05:38:01.628451 UTC
13299028,27,5502,2024-07-08 12:44:18.628451 UTC,2024-07-08 12:52:26.628451 UTC
13476410,27,7199,2024-07-20 08:34:18.628451 UTC,2024-07-20 08:47:44.628451 UTC
12910512,27,7805,2024-06-12 15:44:18.628451 UTC,2024-06-12 15:44:54.628451 UTC
3906453,27,10657,2023-09-21 16:52:30.719616 UTC,2023-09-21 17:05:14.719616 UTC
12248184,27,7156,2024-04-29 10:27:18.628451 UTC,2024-04-29 10:36:00.628451 UTC
9995593,27,10407,2023-11-28 07:59:18.628451 UTC,2023-11-28 08:07:53.628451 UTC
13200567,27,2238,2024-07-01 23:25:18.628451 UTC,2024-07-01 23:35:03.628451 UTC
10209674,27,1,2023-12-15 15:16:18.628451 UTC,2023-12-15 15:27:34.628451 UTC
11526236,27,6618,2024-03-12 08:26:18.628451 UTC,2024-03-12 08:27:18.628451 UTC
12088058,27,10488,2024-04-18 19:05:18.628451 UTC,2024-04-18 19:07:20.628451 UTC
12201066,27,7230,2024-04-26 07:10:18.628451 UTC,2024-04-26 07:19:16.628451 UTC
12199459,27,9019,2024-04-26 04:40:18.628451 UTC,2024-04-26 04:47:31.628451 UTC
10958264,27,1182,2024-02-03 11:35:18.628451 UTC,2024-02-03 11:41:53.628451 UTC
5922205,27,2466,2023-10-03 17:19:46.226714 UTC,2023-10-03 17:31:46.226714 UTC
11995421,27,2118,2024-04-12 15:09:18.628451 UTC,2024-04-12 15:19:21.628451 UTC
2935645,27,4008,2023-10-13 14:09:18.81691 UTC,2023-10-13 14:16:58.81691 UTC
13028101,27,1287,2024-06-20 11:46:18.628451 UTC,2024-06-20 11:46:26.628451 UTC
13477080,27,2257,2024-07-20 09:34:18.628451 UTC,2024-07-20 09:42:24.628451 UTC
12525307,27,10260,2024-05-17 22:29:18.628451 UTC,2024-05-17 22:33:17.628451 UTC
8922991,27,2483,2023-10-03 19:50:34.749663 UTC,2023-10-03 19:59:05.749663 UTC
12193956,27,6796,2024-04-25 19:59:18.628451 UTC,2024-04-25 20:08:59.628451 UTC
10663501,27,1565,2024-01-14 21:06:18.628451 UTC,2024-01-14 21:09:31.628451 UTC
9984024,27,2803,2023-11-19 13:13:18.628451 UTC,2023-11-19 13:16:49.628451 UTC
2912382,27,8805,2023-09-25 22:05:18.81691 UTC,2023-09-25 22:13:09.81691 UTC
4978293,27,5335,2023-11-15 01:33:19.789965 UTC,2023-11-15 01:46:07.789965 UTC
10864570,27,10529,2024-01-28 06:19:18.628451 UTC,2024-01-28 06:27:11.628451 UTC
11797221,27,805,2024-03-30 10:11:18.628451 UTC,2024-03-30 10:11:24.628451 UTC
11681329,27,612,2024-03-22 16:53:18.628451 UTC,2024-03-22 16:59:02.628451 UTC
10177294,27,5341,2023-12-13 11:10:18.628451 UTC,2023-12-13 11:14:33.628451 UTC
3833950,27,5826,2023-07-28 18:03:30.719616 UTC,2023-07-28 18:08:16.719616 UTC
11858139,27,2825,2024-04-03 12:02:18.628451 UTC,2024-04-03 12:03:22.628451 UTC
10523896,27,6,2024-01-05 12:51:18.628451 UTC,2024-01-05 12:51:34.628451 UTC
10231733,27,4928,2023-12-17 02:42:18.628451 UTC,2023-12-17 02:46:23.628451 UTC
12984140,27,6128,2024-06-17 13:31:18.628451 UTC,2024-06-17 13:37:44.628451 UTC
11322421,27,4404,2024-02-27 18:45:18.628451 UTC,2024-02-27 18:51:27.628451 UTC
5845695,27,10250,2023-08-06 12:20:46.226714 UTC,2023-08-06 12:23:57.226714 UTC
1829480,27,5997,2023-07-24 21:54:58.052641 UTC,2023-07-24 22:08:59.052641 UTC
12333725,27,7056,2024-05-05 03:31:18.628451 UTC,2024-05-05 03:37:05.628451 UTC
10561568,27,4630,2024-01-08 01:20:18.628451 UTC,2024-01-08 01:22:37.628451 UTC
3952733,27,5665,2023-10-26 19:08:30.719616 UTC,2023-10-26 19:14:47.719616 UTC
3898366,27,3021,2023-09-15 12:27:30.719616 UTC,2023-09-15 12:30:08.719616 UTC
13315002,27,1448,2024-07-09 14:11:18.628451 UTC,2024-07-09 14:13:12.628451 UTC
4930808,27,4587,2023-10-10 03:42:19.789965 UTC,2023-10-10 03:47:38.789965 UTC
13500093,27,3600,2024-07-21 22:37:18.628451 UTC,2024-07-21 22:42:59.628451 UTC
4884934,28,7251,2023-09-05 10:11:19.789965 UTC,2023-09-05 10:12:59.789965 UTC
12508493,28,10162,2024-05-16 19:31:18.628451 UTC,2024-05-16 19:44:52.628451 UTC
11998754,28,5779,2024-04-12 20:22:18.628451 UTC,2024-04-12 20:26:38.628451 UTC
13006322,28,5684,2024-06-19 00:47:18.628451 UTC,2024-06-19 00:55:22.628451 UTC
12324095,28,1541,2024-05-04 12:03:18.628451 UTC,2024-05-04 12:10:30.628451 UTC
8873372,28,4776,2023-08-27 02:17:34.749663 UTC,2023-08-27 02:17:45.749663 UTC
8945405,28,483,2023-10-20 21:25:34.749663 UTC,2023-10-20 21:34:04.749663 UTC
13045045,28,422,2024-06-21 15:01:18.628451 UTC,2024-06-21 15:01:48.628451 UTC
1894073,28,9680,2023-09-12 04:33:58.052641 UTC,2023-09-12 04:43:40.052641 UTC
8858017,28,6962,2023-08-15 12:13:34.749663 UTC,2023-08-15 12:23:11.749663 UTC
12394994,28,3435,2024-05-09 05:32:18.628451 UTC,2024-05-09 05:35:24.628451 UTC
4947175,28,1052,2023-10-22 08:26:19.789965 UTC,2023-10-22 08:28:01.789965 UTC
10761509,28,10374,2024-01-21 10:02:18.628451 UTC,2024-01-21 10:04:32.628451 UTC
12106673,28,1254,2024-04-20 00:50:18.628451 UTC,2024-04-20 01:00:30.628451 UTC
11722912,28,464,2024-03-25 11:27:18.628451 UTC,2024-03-25 11:41:21.628451 UTC
13126951,28,2001,2024-06-27 02:08:18.628451 UTC,2024-06-27 02:23:16.628451 UTC
12161361,28,6921,2024-04-23 15:49:18.628451 UTC,2024-04-23 15:54:28.628451 UTC
6915260,28,5795,2023-09-28 06:36:33.269681 UTC,2023-09-28 06:45:35.269681 UTC
10163028,28,3079,2023-12-12 12:38:18.628451 UTC,2023-12-12 12:44:08.628451 UTC
848974,28,352,2023-08-08 15:16:47.952295 UTC,2023-08-08 15:24:56.952295 UTC
10872221,28,4273,2024-01-28 18:34:18.628451 UTC,2024-01-28 18:42:39.628451 UTC
10520170,28,3081,2024-01-05 06:47:18.628451 UTC,2024-01-05 06:49:39.628451 UTC
5932789,28,10158,2023-10-11 16:35:46.226714 UTC,2023-10-11 16:41:50.226714 UTC
10262106,28,3578,2023-12-19 03:13:18.628451 UTC,2023-12-19 03:20:20.628451 UTC
11126213,28,9426,2024-02-14 16:39:18.628451 UTC,2024-02-14 16:52:29.628451 UTC
13466545,28,4368,2024-07-19 16:43:18.628451 UTC,2024-07-19 16:57:19.628451 UTC
12380527,28,2821,2024-05-08 06:21:18.628451 UTC,2024-05-08 06:33:44.628451 UTC
12953697,28,4172,2024-06-15 12:42:18.628451 UTC,2024-06-15 12:43:16.628451 UTC
6960459,28,2257,2023-11-01 17:59:33.269681 UTC,2023-11-01 18:04:46.269681 UTC
3958903,28,2035,2023-10-31 09:38:30.719616 UTC,2023-10-31 09:47:19.719616 UTC
10136197,28,8413,2023-12-10 16:48:18.628451 UTC,2023-12-10 16:53:58.628451 UTC
4828788,28,2119,2023-07-24 13:58:19.789965 UTC,2023-07-24 14:09:49.789965 UTC
1856345,28,3826,2023-08-14 14:05:58.052641 UTC,2023-08-14 14:12:21.052641 UTC
10445254,28,3874,2023-12-31 07:29:18.628451 UTC,2023-12-31 07:41:36.628451 UTC
12000862,28,9263,2024-04-12 23:37:18.628451 UTC,2024-04-12 23:42:41.628451 UTC
13120245,28,10211,2024-06-26 15:24:18.628451 UTC,2024-06-26 15:26:51.628451 UTC
13033313,28,6277,2024-06-20 20:15:18.628451 UTC,2024-06-20 20:20:12.628451 UTC
8969294,28,6580,2023-11-08 03:04:34.749663 UTC,2023-11-08 03:12:42.749663 UTC
10911949,28,4736,2024-01-31 09:17:18.628451 UTC,2024-01-31 09:31:59.628451 UTC
10611154,28,3358,2024-01-11 08:56:18.628451 UTC,2024-01-11 09:08:03.628451 UTC
3955720,28,2499,2023-10-29 00:03:30.719616 UTC,2023-10-29 00:14:12.719616 UTC
11203115,28,10195,2024-02-19 20:10:18.628451 UTC,2024-02-19 20:10:31.628451 UTC
7920667,28,5475,2023-10-02 10:23:10.93634 UTC,2023-10-02 10:24:20.93634 UTC
13504902,28,8714,2024-07-22 06:13:18.628451 UTC,2024-07-22 06:19:38.628451 UTC
11618497,28,1332,2024-03-18 12:20:18.628451 UTC,2024-03-18 12:30:03.628451 UTC
11317860,28,1247,2024-02-27 11:23:18.628451 UTC,2024-02-27 11:30:38.628451 UTC
12822050,28,7985,2024-06-06 17:30:18.628451 UTC,2024-06-06 17:35:36.628451 UTC
12082471,28,1520,2024-04-18 09:58:18.628451 UTC,2024-04-18 10:02:02.628451 UTC
5947597,28,4572,2023-10-22 20:37:46.226714 UTC,2023-10-22 20:41:14.226714 UTC
12510539,28,7149,2024-05-16 22:51:18.628451 UTC,2024-05-16 22:53:55.628451 UTC
11288413,28,9008,2024-02-25 11:58:18.628451 UTC,2024-02-25 12:11:30.628451 UTC
11136783,28,3492,2024-02-15 09:50:18.628451 UTC,2024-02-15 10:03:35.628451 UTC
13433859,28,8610,2024-07-17 12:16:18.628451 UTC,2024-07-17 12:19:16.628451 UTC
11038672,28,1662,2024-02-08 20:35:18.628451 UTC,2024-02-08 20:43:31.628451 UTC
12119575,28,8734,2024-04-20 21:17:18.628451 UTC,2024-04-20 21:17:29.628451 UTC
11824501,28,5171,2024-04-01 06:09:18.628451 UTC,2024-04-01 06:20:00.628451 UTC
4955508,28,4203,2023-10-28 16:58:19.789965 UTC,2023-10-28 16:59:59.789965 UTC
12785962,28,2780,2024-06-04 08:29:18.628451 UTC,2024-06-04 08:38:42.628451 UTC
12088430,28,5337,2024-04-18 19:42:18.628451 UTC,2024-04-18 19:55:30.628451 UTC
10734312,28,7017,2024-01-19 14:25:18.628451 UTC,2024-01-19 14:28:47.628451 UTC
9908628,28,6803,2023-09-23 02:55:18.628451 UTC,2023-09-23 02:59:26.628451 UTC
10289146,28,7200,2023-12-20 22:40:18.628451 UTC,2023-12-20 22:47:58.628451 UTC
12072070,28,6160,2024-04-17 17:05:18.628451 UTC,2024-04-17 17:11:25.628451 UTC
3863164,28,5679,2023-08-19 20:45:30.719616 UTC,2023-08-19 20:54:06.719616 UTC
3967237,28,5742,2023-11-06 18:38:30.719616 UTC,2023-11-06 18:42:05.719616 UTC
12490948,28,10409,2024-05-15 15:45:18.628451 UTC,2024-05-15 15:45:41.628451 UTC
12759626,28,1995,2024-06-02 14:07:18.628451 UTC,2024-06-02 14:10:25.628451 UTC
12255103,28,1060,2024-04-29 21:37:18.628451 UTC,2024-04-29 21:38:30.628451 UTC
9875738,28,8019,2023-08-28 19:30:18.628451 UTC,2023-08-28 19:39:45.628451 UTC
8952958,28,9518,2023-10-26 14:07:34.749663 UTC,2023-10-26 14:09:41.749663 UTC
11821167,28,9306,2024-04-01 00:52:18.628451 UTC,2024-04-01 01:07:15.628451 UTC
9942625,28,4688,2023-10-18 21:11:18.628451 UTC,2023-10-18 21:22:29.628451 UTC
1841218,28,5756,2023-08-02 22:08:58.052641 UTC,2023-08-02 22:20:25.052641 UTC
837744,28,5854,2023-07-31 02:00:47.952295 UTC,2023-07-31 02:13:15.952295 UTC
849553,28,1699,2023-08-09 01:37:47.952295 UTC,2023-08-09 01:48:18.952295 UTC
11557943,28,4229,2024-03-14 11:25:18.628451 UTC,2024-03-14 11:29:01.628451 UTC
10950923,28,4684,2024-02-02 23:49:18.628451 UTC,2024-02-02 23:58:43.628451 UTC
5991561,28,1258,2023-11-25 07:07:46.226714 UTC,2023-11-25 07:19:05.226714 UTC
10757861,28,10616,2024-01-21 04:06:18.628451 UTC,2024-01-21 04:14:38.628451 UTC
2982123,28,4227,2023-11-17 22:01:18.81691 UTC,2023-11-17 22:16:12.81691 UTC
10116438,28,1649,2023-12-09 09:00:18.628451 UTC,2023-12-09 09:12:11.628451 UTC
11671163,28,10188,2024-03-22 00:37:18.628451 UTC,2024-03-22 00:45:15.628451 UTC
5942841,28,8439,2023-10-19 05:17:46.226714 UTC,2023-10-19 05:21:16.226714 UTC
12539836,28,3357,2024-05-18 21:39:18.628451 UTC,2024-05-18 21:46:34.628451 UTC
11615871,28,7672,2024-03-18 08:10:18.628451 UTC,2024-03-18 08:11:25.628451 UTC
856032,28,7629,2023-08-14 00:59:47.952295 UTC,2023-08-14 01:09:39.952295 UTC
10718416,28,1895,2024-01-18 13:00:18.628451 UTC,2024-01-18 13:10:37.628451 UTC
12729325,28,5554,2024-05-31 13:52:18.628451 UTC,2024-05-31 13:55:06.628451 UTC
11914806,28,5684,2024-04-07 07:02:18.628451 UTC,2024-04-07 07:14:51.628451 UTC
13372371,28,2770,2024-07-13 10:19:18.628451 UTC,2024-07-13 10:30:09.628451 UTC
12147772,28,9455,2024-04-22 18:17:18.628451 UTC,2024-04-22 18:18:47.628451 UTC
10904217,28,2017,2024-01-30 21:05:18.628451 UTC,2024-01-30 21:07:34.628451 UTC
11598911,28,8320,2024-03-17 05:05:18.628451 UTC,2024-03-17 05:13:40.628451 UTC
13072023,28,3919,2024-06-23 10:36:18.628451 UTC,2024-06-23 10:38:58.628451 UTC
11464398,28,4209,2024-03-08 05:23:18.628451 UTC,2024-03-08 05:36:32.628451 UTC
9910708,28,3785,2023-09-24 15:22:18.628451 UTC,2023-09-24 15:34:09.628451 UTC
12120861,28,5885,2024-04-20 23:15:18.628451 UTC,2024-04-20 23:18:16.628451 UTC
11249300,28,5208,2024-02-22 21:52:18.628451 UTC,2024-02-22 22:07:10.628451 UTC
12822172,28,9884,2024-06-06 17:40:18.628451 UTC,2024-06-06 17:44:09.628451 UTC
11801417,28,3196,2024-03-30 16:56:18.628451 UTC,2024-03-30 17:06:13.628451 UTC
983219,28,4659,2023-11-18 19:25:47.952295 UTC,2023-11-18 19:40:30.952295 UTC
5903012,28,6721,2023-09-19 02:44:46.226714 UTC,2023-09-19 02:48:20.226714 UTC
11111277,28,6212,2024-02-13 16:56:18.628451 UTC,2024-02-13 17:01:52.628451 UTC
11319144,28,8759,2024-02-27 13:30:18.628451 UTC,2024-02-27 13:38:42.628451 UTC
13195418,28,7721,2024-07-01 15:04:18.628451 UTC,2024-07-01 15:06:54.628451 UTC
11398918,29,4681,2024-03-03 20:46:18.628451 UTC,2024-03-03 20:46:44.628451 UTC
8898367,29,1790,2023-09-15 03:14:34.749663 UTC,2023-09-15 03:27:16.749663 UTC
10091536,29,4939,2023-12-07 16:51:18.628451 UTC,2023-12-07 16:55:38.628451 UTC
11578687,29,7223,2024-03-15 20:37:18.628451 UTC,2024-03-15 20:47:39.628451 UTC
11313823,29,1103,2024-02-27 04:54:18.628451 UTC,2024-02-27 04:54:28.628451 UTC
10495125,29,2331,2024-01-03 14:46:18.628451 UTC,2024-01-03 14:55:05.628451 UTC
1926439,29,2594,2023-10-06 18:30:58.052641 UTC,2023-10-06 18:38:00.052641 UTC
10766020,29,6851,2024-01-21 17:16:18.628451 UTC,2024-01-21 17:21:01.628451 UTC
1962665,29,6990,2023-11-03 03:59:58.052641 UTC,2023-11-03 04:13:38.052641 UTC
7855465,29,4590,2023-08-13 20:49:10.93634 UTC,2023-08-13 20:51:10.93634 UTC
12787590,29,2652,2024-06-04 11:12:18.628451 UTC,2024-06-04 11:13:26.628451 UTC
12589875,29,56,2024-05-22 05:21:18.628451 UTC,2024-05-22 05:21:56.628451 UTC
11723930,29,4719,2024-03-25 13:09:18.628451 UTC,2024-03-25 13:22:14.628451 UTC
1898792,29,1603,2023-09-15 18:25:58.052641 UTC,2023-09-15 18:38:04.052641 UTC
11335134,29,2678,2024-02-28 14:58:18.628451 UTC,2024-02-28 14:59:36.628451 UTC
12840832,29,9373,2024-06-07 23:48:18.628451 UTC,2024-06-07 23:57:57.628451 UTC
3931513,29,3793,2023-10-10 17:00:30.719616 UTC,2023-10-10 17:08:35.719616 UTC
13305723,29,6957,2024-07-08 23:23:18.628451 UTC,2024-07-08 23:28:40.628451 UTC
8997236,29,1048,2023-11-29 11:19:34.749663 UTC,2023-11-29 11:19:52.749663 UTC
10451947,29,691,2023-12-31 18:17:18.628451 UTC,2023-12-31 18:22:20.628451 UTC
9960731,29,2605,2023-11-01 18:00:18.628451 UTC,2023-11-01 18:08:26.628451 UTC
8922965,29,1060,2023-10-03 19:26:34.749663 UTC,2023-10-03 19:33:05.749663 UTC
3952653,29,3997,2023-10-26 17:55:30.719616 UTC,2023-10-26 18:06:52.719616 UTC
12092069,29,2783,2024-04-19 01:24:18.628451 UTC,2024-04-19 01:30:15.628451 UTC
11708334,29,5807,2024-03-24 11:59:18.628451 UTC,2024-03-24 12:00:02.628451 UTC
13072018,29,10682,2024-06-23 10:36:18.628451 UTC,2024-06-23 10:46:34.628451 UTC
4891270,29,1488,2023-09-10 06:41:19.789965 UTC,2023-09-10 06:55:52.789965 UTC
10098983,29,7254,2023-12-08 04:58:18.628451 UTC,2023-12-08 04:59:40.628451 UTC
10039980,29,3495,2023-12-04 06:38:18.628451 UTC,2023-12-04 06:39:33.628451 UTC
10657250,29,9464,2024-01-14 11:06:18.628451 UTC,2024-01-14 11:06:43.628451 UTC
8847481,29,5070,2023-08-07 10:47:34.749663 UTC,2023-08-07 10:57:47.749663 UTC
12003565,29,4781,2024-04-13 04:02:18.628451 UTC,2024-04-13 04:09:27.628451 UTC
11824149,29,7516,2024-04-01 05:35:18.628451 UTC,2024-04-01 05:35:32.628451 UTC
12141316,29,9325,2024-04-22 08:06:18.628451 UTC,2024-04-22 08:09:43.628451 UTC
10168043,29,5552,2023-12-12 20:36:18.628451 UTC,2023-12-12 20:40:06.628451 UTC
8887945,29,2479,2023-09-07 03:56:34.749663 UTC,2023-09-07 04:11:22.749663 UTC
10960249,29,3330,2024-02-03 14:44:18.628451 UTC,2024-02-03 14:53:25.628451 UTC
10033153,29,8933,2023-12-03 19:38:18.628451 UTC,2023-12-03 19:52:49.628451 UTC
11246455,29,6498,2024-02-22 17:12:18.628451 UTC,2024-02-22 17:25:28.628451 UTC
12993953,29,7949,2024-06-18 05:01:18.628451 UTC,2024-06-18 05:10:57.628451 UTC
3909257,29,9609,2023-09-23 19:33:30.719616 UTC,2023-09-23 19:36:27.719616 UTC
3870609,29,8735,2023-08-25 12:57:30.719616 UTC,2023-08-25 13:07:00.719616 UTC
13368028,29,10289,2024-07-13 03:18:18.628451 UTC,2024-07-13 03:23:52.628451 UTC
12726901,29,1830,2024-05-31 09:53:18.628451 UTC,2024-05-31 10:07:26.628451 UTC
11277182,29,9279,2024-02-24 18:04:18.628451 UTC,2024-02-24 18:06:47.628451 UTC
10892465,29,7342,2024-01-30 02:50:18.628451 UTC,2024-01-30 03:01:23.628451 UTC
13281684,29,8790,2024-07-07 08:43:18.628451 UTC,2024-07-07 08:45:01.628451 UTC
10656478,29,8289,2024-01-14 09:51:18.628451 UTC,2024-01-14 09:58:57.628451 UTC
8914561,29,2048,2023-09-27 10:51:34.749663 UTC,2023-09-27 10:51:53.749663 UTC
11986958,29,9252,2024-04-12 01:47:18.628451 UTC,2024-04-12 01:56:58.628451 UTC
13343719,29,3667,2024-07-11 12:24:18.628451 UTC,2024-07-11 12:26:57.628451 UTC
13189076,29,9941,2024-07-01 05:03:18.628451 UTC,2024-07-01 05:12:00.628451 UTC
12543422,29,4705,2024-05-19 03:29:18.628451 UTC,2024-05-19 03:33:48.628451 UTC
3960254,29,6054,2023-11-01 09:45:30.719616 UTC,2023-11-01 09:49:22.719616 UTC
13222083,29,1328,2024-07-03 09:57:18.628451 UTC,2024-07-03 10:02:43.628451 UTC
2840663,29,8838,2023-08-02 18:00:18.81691 UTC,2023-08-02 18:11:31.81691 UTC
10765121,29,7139,2024-01-21 15:48:18.628451 UTC,2024-01-21 15:50:35.628451 UTC
12918555,29,3032,2024-06-13 04:21:18.628451 UTC,2024-06-13 04:34:30.628451 UTC
10915308,29,8736,2024-01-31 14:39:18.628451 UTC,2024-01-31 14:49:24.628451 UTC
1852615,29,7635,2023-08-11 16:08:58.052641 UTC,2023-08-11 16:13:59.052641 UTC
13167993,29,4193,2024-06-29 19:52:18.628451 UTC,2024-06-29 20:03:16.628451 UTC
12951378,29,9004,2024-06-15 09:02:18.628451 UTC,2024-06-15 09:07:34.628451 UTC
10354745,29,3682,2023-12-25 07:10:18.628451 UTC,2023-12-25 07:14:02.628451 UTC
5880396,29,3534,2023-09-01 17:23:46.226714 UTC,2023-09-01 17:29:01.226714 UTC
13151822,29,8179,2024-06-28 18:16:18.628451 UTC,2024-06-28 18:21:50.628451 UTC
977992,29,2337,2023-11-14 20:52:47.952295 UTC,2023-11-14 21:04:32.952295 UTC
10915925,29,1643,2024-01-31 15:38:18.628451 UTC,2024-01-31 15:41:26.628451 UTC
7886653,29,9118,2023-09-06 13:58:10.93634 UTC,2023-09-06 14:01:43.93634 UTC
12010949,29,7082,2024-04-13 15:40:18.628451 UTC,2024-04-13 15:40:51.628451 UTC
8935958,29,7898,2023-10-13 14:31:34.749663 UTC,2023-10-13 14:44:44.749663 UTC
11344307,29,5379,2024-02-29 05:37:18.628451 UTC,2024-02-29 05:44:09.628451 UTC
5928175,29,1991,2023-10-08 05:20:46.226714 UTC,2023-10-08 05:23:33.226714 UTC
11468987,29,5264,2024-03-08 12:37:18.628451 UTC,2024-03-08 12:41:52.628451 UTC
10331829,29,5821,2023-12-23 18:32:18.628451 UTC,2023-12-23 18:34:18.628451 UTC
8903210,29,3423,2023-09-18 19:53:34.749663 UTC,2023-09-18 20:05:38.749663 UTC
13149671,29,9792,2024-06-28 14:51:18.628451 UTC,2024-06-28 14:56:20.628451 UTC
12505856,29,256,2024-05-16 15:20:18.628451 UTC,2024-05-16 15:30:11.628451 UTC
11385849,29,150,2024-03-03 00:05:18.628451 UTC,2024-03-03 00:14:38.628451 UTC
11322332,29,7029,2024-02-27 18:37:18.628451 UTC,2024-02-27 18:51:47.628451 UTC
12798788,29,5568,2024-06-05 04:40:18.628451 UTC,2024-06-05 04:47:18.628451 UTC
13268459,29,10389,2024-07-06 11:41:18.628451 UTC,2024-07-06 11:53:57.628451 UTC
10571179,29,7290,2024-01-08 16:36:18.628451 UTC,2024-01-08 16:40:31.628451 UTC
11555313,29,10525,2024-03-14 07:14:18.628451 UTC,2024-03-14 07:14:58.628451 UTC
13007084,29,4508,2024-06-19 02:01:18.628451 UTC,2024-06-19 02:08:55.628451 UTC
1977266,29,1819,2023-11-14 08:32:58.052641 UTC,2023-11-14 08:34:25.052641 UTC
7839030,29,10068,2023-08-01 12:24:10.93634 UTC,2023-08-01 12:31:30.93634 UTC
4860710,29,8998,2023-08-17 21:58:19.789965 UTC,2023-08-17 22:12:46.789965 UTC
11250368,29,2048,2024-02-22 23:36:18.628451 UTC,2024-02-22 23:46:58.628451 UTC
4940062,29,1761,2023-10-17 02:29:19.789965 UTC,2023-10-17 02:32:50.789965 UTC
12074227,29,7229,2024-04-17 20:36:18.628451 UTC,2024-04-17 20:43:37.628451 UTC
2885646,29,6953,2023-09-05 10:22:18.81691 UTC,2023-09-05 10:26:32.81691 UTC
11538475,29,1388,2024-03-13 04:19:18.628451 UTC,2024-03-13 04:22:11.628451 UTC
9984746,29,9755,2023-11-20 01:54:18.628451 UTC,2023-11-20 02:06:18.628451 UTC
11736970,29,6280,2024-03-26 09:58:18.628451 UTC,2024-03-26 10:09:03.628451 UTC
2926571,29,131,2023-10-06 18:54:18.81691 UTC,2023-10-06 18:58:24.81691 UTC
10550283,29,8971,2024-01-07 07:14:18.628451 UTC,2024-01-07 07:23:53.628451 UTC
856155,29,9635,2023-08-14 03:12:47.952295 UTC,2023-08-14 03:21:16.952295 UTC
3916046,29,718,2023-09-28 23:15:30.719616 UTC,2023-09-28 23:30:25.719616 UTC
12152454,30,752,2024-04-23 01:49:18.628451 UTC,2024-04-23 02:01:01.628451 UTC
949517,30,8788,2023-10-24 07:15:47.952295 UTC,2023-10-24 07:23:33.952295 UTC
10434255,30,2888,2023-12-30 13:51:18.628451 UTC,2023-12-30 13:51:20.628451 UTC
1830820,30,7814,2023-07-25 22:11:58.052641 UTC,2023-07-25 22:15:30.052641 UTC
6948858,30,8714,2023-10-23 23:26:33.269681 UTC,2023-10-23 23:28:01.269681 UTC
5866745,30,3522,2023-08-22 10:05:46.226714 UTC,2023-08-22 10:13:15.226714 UTC
8925202,30,1934,2023-10-05 11:37:34.749663 UTC,2023-10-05 11:43:56.749663 UTC
12641619,30,7098,2024-05-25 16:37:18.628451 UTC,2024-05-25 16:47:42.628451 UTC
10046549,30,402,2023-12-04 17:13:18.628451 UTC,2023-12-04 17:19:47.628451 UTC
10920563,30,4828,2024-01-31 23:01:18.628451 UTC,2024-01-31 23:06:41.628451 UTC
5940176,30,4,2023-10-17 05:28:46.226714 UTC,2023-10-17 05:34:55.226714 UTC
2986251,30,5669,2023-11-21 02:53:18.81691 UTC,2023-11-21 03:05:19.81691 UTC
3879109,30,3131,2023-08-31 22:47:30.719616 UTC,2023-08-31 22:52:59.719616 UTC
10992321,30,1228,2024-02-05 18:19:18.628451 UTC,2024-02-05 18:21:01.628451 UTC
10641584,30,9184,2024-01-13 09:41:18.628451 UTC,2024-01-13 09:52:32.628451 UTC
4831872,30,9216,2023-07-26 23:17:19.789965 UTC,2023-07-26 23:31:59.789965 UTC
1998582,30,8546,2023-11-30 12:31:58.052641 UTC,2023-11-30 12:33:02.052641 UTC
6993731,30,9471,2023-11-26 18:12:33.269681 UTC,2023-11-26 18:14:39.269681 UTC
10138236,30,650,2023-12-10 20:06:18.628451 UTC,2023-12-10 20:11:16.628451 UTC
11378066,30,2663,2024-03-02 11:22:18.628451 UTC,2024-03-02 11:23:23.628451 UTC
976487,30,6349,2023-11-13 16:04:47.952295 UTC,2023-11-13 16:17:08.952295 UTC
7848407,30,652,2023-08-08 14:20:10.93634 UTC,2023-08-08 14:33:52.93634 UTC
1953384,30,9006,2023-10-27 04:02:58.052641 UTC,2023-10-27 04:13:56.052641 UTC
11325657,30,7509,2024-02-27 23:50:18.628451 UTC,2024-02-28 00:00:43.628451 UTC
13479655,30,3563,2024-07-20 13:34:18.628451 UTC,2024-07-20 13:43:40.628451 UTC
10860708,30,8769,2024-01-28 00:11:18.628451 UTC,2024-01-28 00:17:11.628451 UTC
3931021,30,914,2023-10-10 08:18:30.719616 UTC,2023-10-10 08:18:33.719616 UTC
1909594,30,5162,2023-09-23 20:21:58.052641 UTC,2023-09-23 20:31:16.052641 UTC
5953686,30,5879,2023-10-27 10:40:46.226714 UTC,2023-10-27 10:52:29.226714 UTC
1917288,30,8067,2023-09-29 17:59:58.052641 UTC,2023-09-29 18:13:05.052641 UTC
892600,30,2233,2023-09-10 22:47:47.952295 UTC,2023-09-10 23:00:20.952295 UTC
986207,30,4810,2023-11-21 02:32:47.952295 UTC,2023-11-21 02:40:45.952295 UTC
12157605,30,7022,2024-04-23 09:58:18.628451 UTC,2024-04-23 09:58:35.628451 UTC
11638323,30,9565,2024-03-19 20:01:18.628451 UTC,2024-03-19 20:13:14.628451 UTC
11742263,30,6547,2024-03-26 18:28:18.628451 UTC,2024-03-26 18:39:28.628451 UTC
11781959,30,9648,2024-03-29 09:39:18.628451 UTC,2024-03-29 09:49:14.628451 UTC
3942369,30,2460,2023-10-19 00:11:30.719616 UTC,2023-10-19 00:19:55.719616 UTC
983934,30,3396,2023-11-19 09:31:47.952295 UTC,2023-11-19 09:33:24.952295 UTC
13211550,30,1665,2024-07-02 17:02:18.628451 UTC,2024-07-02 17:02:21.628451 UTC
2984202,30,7186,2023-11-19 11:17:18.81691 UTC,2023-11-19 11:28:42.81691 UTC
11388329,30,6906,2024-03-03 04:03:18.628451 UTC,2024-03-03 04:05:04.628451 UTC
10492649,30,5603,2024-01-03 10:51:18.628451 UTC,2024-01-03 10:56:07.628451 UTC
10394527,30,420,2023-12-27 22:50:18.628451 UTC,2023-12-27 23:02:32.628451 UTC
1841254,30,5182,2023-08-02 22:45:58.052641 UTC,2023-08-02 22:48:27.052641 UTC
1958984,30,1494,2023-10-31 09:50:58.052641 UTC,2023-10-31 09:54:21.052641 UTC
11573742,30,2179,2024-03-15 12:37:18.628451 UTC,2024-03-15 12:42:27.628451 UTC
10684014,30,7214,2024-01-16 06:02:18.628451 UTC,2024-01-16 06:14:11.628451 UTC
11846422,30,4319,2024-04-02 17:19:18.628451 UTC,2024-04-02 17:28:55.628451 UTC
13251318,30,2109,2024-07-05 08:13:18.628451 UTC,2024-07-05 08:26:34.628451 UTC
5913282,30,2666,2023-09-26 23:40:46.226714 UTC,2023-09-26 23:47:49.226714 UTC
10455407,30,6793,2023-12-31 23:46:18.628451 UTC,2023-12-31 23:56:12.628451 UTC
12104620,30,5225,2024-04-19 21:37:18.628451 UTC,2024-04-19 21:48:07.628451 UTC
11669292,30,3912,2024-03-21 21:29:18.628451 UTC,2024-03-21 21:42:01.628451 UTC
11335354,30,5957,2024-02-28 15:19:18.628451 UTC,2024-02-28 15:19:39.628451 UTC
10671705,30,8373,2024-01-15 10:15:18.628451 UTC,2024-01-15 10:17:41.628451 UTC
11471624,30,1588,2024-03-08 16:57:18.628451 UTC,2024-03-08 17:00:02.628451 UTC
2879377,30,2687,2023-08-31 18:47:18.81691 UTC,2023-08-31 18:47:33.81691 UTC
11672258,30,3033,2024-03-22 02:22:18.628451 UTC,2024-03-22 02:30:32.628451 UTC
11191044,30,4684,2024-02-19 00:43:18.628451 UTC,2024-02-19 00:57:02.628451 UTC
8943208,30,8778,2023-10-19 04:49:34.749663 UTC,2023-10-19 04:52:11.749663 UTC
12769699,30,3646,2024-06-03 06:20:18.628451 UTC,2024-06-03 06:30:08.628451 UTC
10085789,30,6185,2023-12-07 07:36:18.628451 UTC,2023-12-07 07:51:10.628451 UTC
11630708,30,1522,2024-03-19 07:49:18.628451 UTC,2024-03-19 08:00:19.628451 UTC
11595875,30,1469,2024-03-17 00:22:18.628451 UTC,2024-03-17 00:22:31.628451 UTC
13286070,30,73,2024-07-07 15:46:18.628451 UTC,2024-07-07 15:56:12.628451 UTC
6836490,30,4607,2023-07-29 23:52:33.269681 UTC,2023-07-30 00:04:41.269681 UTC
12764770,30,4002,2024-06-02 22:22:18.628451 UTC,2024-06-02 22:34:29.628451 UTC
10824294,30,7673,2024-01-25 13:45:18.628451 UTC,2024-01-25 13:51:16.628451 UTC
8950772,30,8560,2023-10-24 23:41:34.749663 UTC,2023-10-24 23:52:41.749663 UTC
10543346,30,7510,2024-01-06 20:10:18.628451 UTC,2024-01-06 20:20:33.628451 UTC
9994749,30,9891,2023-11-27 16:12:18.628451 UTC,2023-11-27 16:25:57.628451 UTC
12581592,30,1749,2024-05-21 16:11:18.628451 UTC,2024-05-21 16:14:30.628451 UTC
11081365,30,9804,2024-02-11 17:11:18.628451 UTC,2024-02-11 17:19:39.628451 UTC
9921606,30,8930,2023-10-02 22:14:18.628451 UTC,2023-10-02 22:26:09.628451 UTC
10133388,30,9546,2023-12-10 12:15:18.628451 UTC,2023-12-10 12:23:42.628451 UTC
12245276,30,7859,2024-04-29 05:46:18.628451 UTC,2024-04-29 05:56:13.628451 UTC
1963109,30,8707,2023-11-03 11:35:58.052641 UTC,2023-11-03 11:47:56.052641 UTC
7913387,30,5680,2023-09-26 21:23:10.93634 UTC,2023-09-26 21:24:35.93634 UTC
8829317,30,3901,2023-07-24 18:23:34.749663 UTC,2023-07-24 18:38:21.749663 UTC
1844206,30,8080,2023-08-05 05:05:58.052641 UTC,2023-08-05 05:15:18.052641 UTC
12694546,30,10355,2024-05-29 05:46:18.628451 UTC,2024-05-29 05:51:56.628451 UTC
4950419,30,10314,2023-10-24 19:36:19.789965 UTC,2023-10-24 19:42:36.789965 UTC
11799490,30,3146,2024-03-30 13:47:18.628451 UTC,2024-03-30 13:59:03.628451 UTC
4907585,30,8042,2023-09-22 16:46:19.789965 UTC,2023-09-22 16:50:41.789965 UTC
4944688,30,1052,2023-10-20 12:36:19.789965 UTC,2023-10-20 12:44:36.789965 UTC
9991065,30,2295,2023-11-24 20:56:18.628451 UTC,2023-11-24 21:02:23.628451 UTC
10619187,30,2728,2024-01-11 21:51:18.628451 UTC,2024-01-11 21:53:21.628451 UTC
11874635,30,3817,2024-04-04 14:29:18.628451 UTC,2024-04-04 14:35:23.628451 UTC
4888517,30,1024,2023-09-08 04:08:19.789965 UTC,2023-09-08 04:11:31.789965 UTC
11749434,30,2845,2024-03-27 05:49:18.628451 UTC,2024-03-27 05:54:56.628451 UTC
13226182,30,3301,2024-07-03 16:24:18.628451 UTC,2024-07-03 16:29:31.628451 UTC
10295397,30,3736,2023-12-21 08:43:18.628451 UTC,2023-12-21 08:46:43.628451 UTC
12515766,30,9553,2024-05-17 07:17:18.628451 UTC,2024-05-17 07:27:15.628451 UTC
1863614,30,6178,2023-08-20 02:57:58.052641 UTC,2023-08-20 03:05:47.052641 UTC
1935090,30,4375,2023-10-13 07:40:58.052641 UTC,2023-10-13 07:49:47.052641 UTC
11327590,30,8791,2024-02-28 02:55:18.628451 UTC,2024-02-28 03:07:20.628451 UTC
11406423,30,2140,2024-03-04 08:47:18.628451 UTC,2024-03-04 08:54:28.628451 UTC
13527919,30,9685,2024-07-23 18:51:18.628451 UTC,2024-07-23 19:04:58.628451 UTC
10946438,30,6558,2024-02-02 16:44:18.628451 UTC,2024-02-02 16:59:06.628451 UTC
13398703,30,3061,2024-07-15 04:38:18.628451 UTC,2024-07-15 04:41:29.628451 UTC
13362666,30,627,2024-07-12 18:40:18.628451 UTC,2024-07-12 18:49:59.628451 UTC
12728589,30,10560,2024-05-31 12:42:18.628451 UTC,2024-05-31 12:45:58.628451 UTC
10739786,30,7705,2024-01-19 23:07:18.628451 UTC,2024-01-19 23:08:23.628451 UTC
12673732,30,3126,2024-05-27 20:21:18.628451 UTC,2024-05-27 20:23:47.628451 UTC
11521464,30,10356,2024-03-12 00:54:18.628451 UTC,2024-03-12 00:56:04.628451 UTC
10578810,30,6232,2024-01-09 04:56:18.628451 UTC,2024-01-09 05:07:53.628451 UTC
3992372,30,4250,2023-11-25 21:53:30.719616 UTC,2023-11-25 22:02:44.719616 UTC
13511391,30,2286,2024-07-22 16:38:18.628451 UTC,2024-07-22 16:51:15.628451 UTC
3981683,31,5257,2023-11-17 18:26:30.719616 UTC,2023-11-17 18:29:43.719616 UTC
10709495,31,5217,2024-01-17 22:43:18.628451 UTC,2024-01-17 22:57:46.628451 UTC
12967199,31,62,2024-06-16 10:25:18.628451 UTC,2024-06-16 10:34:45.628451 UTC
12310660,31,1518,2024-05-03 14:35:18.628451 UTC,2024-05-03 14:49:08.628451 UTC
10009540,31,3823,2023-12-02 05:36:18.628451 UTC,2023-12-02 05:37:37.628451 UTC
8836363,31,2083,2023-07-30 02:47:34.749663 UTC,2023-07-30 02:56:43.749663 UTC
12755875,31,8976,2024-06-02 08:09:18.628451 UTC,2024-06-02 08:14:13.628451 UTC
12991534,31,3369,2024-06-18 01:12:18.628451 UTC,2024-06-18 01:20:10.628451 UTC
10858775,31,10515,2024-01-27 21:04:18.628451 UTC,2024-01-27 21:09:59.628451 UTC
13277489,31,3847,2024-07-07 02:06:18.628451 UTC,2024-07-07 02:18:26.628451 UTC
9840507,31,9327,2023-08-01 23:36:18.628451 UTC,2023-08-01 23:44:58.628451 UTC
11475801,31,3121,2024-03-08 23:41:18.628451 UTC,2024-03-08 23:54:29.628451 UTC
10639149,31,76,2024-01-13 05:46:18.628451 UTC,2024-01-13 05:46:50.628451 UTC
11150222,31,1778,2024-02-16 06:54:18.628451 UTC,2024-02-16 07:05:32.628451 UTC
10399526,31,3186,2023-12-28 06:53:18.628451 UTC,2023-12-28 07:02:04.628451 UTC
2932640,31,1466,2023-10-11 08:37:18.81691 UTC,2023-10-11 08:52:01.81691 UTC
12094319,31,1486,2024-04-19 04:59:18.628451 UTC,2024-04-19 05:04:28.628451 UTC
8890442,31,4711,2023-09-09 00:32:34.749663 UTC,2023-09-09 00:46:26.749663 UTC
13224609,31,3955,2024-07-03 14:00:18.628451 UTC,2024-07-03 14:02:31.628451 UTC
2963278,31,4548,2023-11-03 16:44:18.81691 UTC,2023-11-03 16:51:29.81691 UTC
2870400,31,5160,2023-08-25 00:06:18.81691 UTC,2023-08-25 00:20:51.81691 UTC
12958137,31,2677,2024-06-15 19:57:18.628451 UTC,2024-06-15 20:09:47.628451 UTC
12590618,31,7191,2024-05-22 06:31:18.628451 UTC,2024-05-22 06:40:37.628451 UTC
10068703,31,3109,2023-12-06 04:34:18.628451 UTC,2023-12-06 04:46:21.628451 UTC
10659985,31,2540,2024-01-14 15:31:18.628451 UTC,2024-01-14 15:37:13.628451 UTC
4940986,31,8942,2023-10-17 18:55:19.789965 UTC,2023-10-17 19:10:05.789965 UTC
11345689,31,1450,2024-02-29 07:50:18.628451 UTC,2024-02-29 08:02:23.628451 UTC
13173175,31,10103,2024-06-30 04:06:18.628451 UTC,2024-06-30 04:15:15.628451 UTC
12699960,31,4062,2024-05-29 14:31:18.628451 UTC,2024-05-29 14:44:27.628451 UTC
11427447,31,414,2024-03-05 18:18:18.628451 UTC,2024-03-05 18:28:29.628451 UTC
7860840,31,3693,2023-08-17 22:53:10.93634 UTC,2023-08-17 22:58:14.93634 UTC
12354455,31,7716,2024-05-06 12:54:18.628451 UTC,2024-05-06 12:59:56.628451 UTC
12891277,31,5444,2024-06-11 08:44:18.628451 UTC,2024-06-11 08:47:34.628451 UTC
11155150,31,5051,2024-02-16 14:52:18.628451 UTC,2024-02-16 14:54:19.628451 UTC
937501,31,7219,2023-10-15 03:28:47.952295 UTC,2023-10-15 03:41:31.952295 UTC
11991228,31,5558,2024-04-12 08:29:18.628451 UTC,2024-04-12 08:33:08.628451 UTC
9964918,31,3436,2023-11-04 21:16:18.628451 UTC,2023-11-04 21:29:11.628451 UTC
9998640,31,3316,2023-11-30 13:36:18.628451 UTC,2023-11-30 13:46:51.628451 UTC
11064122,31,645,2024-02-10 13:39:18.628451 UTC,2024-02-10 13:48:51.628451 UTC
2905456,31,10593,2023-09-20 14:15:18.81691 UTC,2023-09-20 14:20:53.81691 UTC
10805230,31,2314,2024-01-24 07:14:18.628451 UTC,2024-01-24 07:21:25.628451 UTC
10457321,31,10332,2024-01-01 02:45:18.628451 UTC,2024-01-01 02:46:47.628451 UTC
11516305,31,2915,2024-03-11 16:55:18.628451 UTC,2024-03-11 17:04:40.628451 UTC
13119844,31,5619,2024-06-26 14:46:18.628451 UTC,2024-06-26 14:54:41.628451 UTC
11960894,31,4580,2024-04-10 07:56:18.628451 UTC,2024-04-10 08:04:50.628451 UTC
13497922,31,1658,2024-07-21 19:12:18.628451 UTC,2024-07-21 19:16:36.628451 UTC
11121422,31,10398,2024-02-14 09:09:18.628451 UTC,2024-02-14 09:10:59.628451 UTC
6921816,31,7406,2023-10-03 07:40:33.269681 UTC,2023-10-03 07:51:56.269681 UTC
10107984,31,7732,2023-12-08 19:26:18.628451 UTC,2023-12-08 19:32:23.628451 UTC
5951257,31,3541,2023-10-25 14:57:46.226714 UTC,2023-10-25 15:07:30.226714 UTC
10474185,31,10638,2024-01-02 05:28:18.628451 UTC,2024-01-02 05:31:15.628451 UTC
11473939,31,2208,2024-03-08 20:44:18.628451 UTC,2024-03-08 20:57:23.628451 UTC
9940485,31,1379,2023-10-17 07:03:18.628451 UTC,2023-10-17 07:05:03.628451 UTC
12547379,31,8518,2024-05-19 09:56:18.628451 UTC,2024-05-19 10:00:41.628451 UTC
10468686,31,1882,2024-01-01 20:53:18.628451 UTC,2024-01-01 21:04:49.628451 UTC
5881078,31,6246,2023-09-02 05:22:46.226714 UTC,2023-09-02 05:29:35.226714 UTC
10238238,31,10100,2023-12-17 13:14:18.628451 UTC,2023-12-17 13:17:19.628451 UTC
894701,31,3871,2023-09-12 13:25:47.952295 UTC,2023-09-12 13:35:55.952295 UTC
11159615,31,3124,2024-02-16 21:57:18.628451 UTC,2024-02-16 22:04:10.628451 UTC
11074667,31,1482,2024-02-11 06:24:18.628451 UTC,2024-02-11 06:27:16.628451 UTC
5935921,31,4726,2023-10-14 00:53:46.226714 UTC,2023-10-14 00:56:52.226714 UTC
10379449,31,7697,2023-12-26 22:35:18.628451 UTC,2023-12-26 22:40:34.628451 UTC
11345700,31,1912,2024-02-29 07:51:18.628451 UTC,2024-02-29 08:05:16.628451 UTC
11881184,31,7874,2024-04-05 00:57:18.628451 UTC,2024-04-05 01:09:47.628451 UTC
12664597,31,9613,2024-05-27 05:35:18.628451 UTC,2024-05-27 05:40:12.628451 UTC
7993275,31,9516,2023-11-26 12:43:10.93634 UTC,2023-11-26 12:49:21.93634 UTC
2974898,31,1699,2023-11-12 12:12:18.81691 UTC,2023-11-12 12:19:56.81691 UTC
12595044,31,3549,2024-05-22 13:30:18.628451 UTC,2024-05-22 13:42:58.628451 UTC
12207194,31,10612,2024-04-26 16:55:18.628451 UTC,2024-04-26 17:04:28.628451 UTC
11536754,31,9663,2024-03-13 01:28:18.628451 UTC,2024-03-13 01:35:19.628451 UTC
12856353,31,3594,2024-06-09 00:46:18.628451 UTC,2024-06-09 00:46:30.628451 UTC
10695357,31,6239,2024-01-17 00:11:18.628451 UTC,2024-01-17 00:14:24.628451 UTC
10337616,31,3985,2023-12-24 03:47:18.628451 UTC,2023-12-24 04:00:24.628451 UTC
8901283,31,8622,2023-09-17 08:14:34.749663 UTC,2023-09-17 08:22:44.749663 UTC
3869703,31,10446,2023-08-24 19:57:30.719616 UTC,2023-08-24 20:11:00.719616 UTC
5867177,31,6046,2023-08-22 17:38:46.226714 UTC,2023-08-22 17:48:55.226714 UTC
11495465,31,2121,2024-03-10 07:24:18.628451 UTC,2024-03-10 07:36:06.628451 UTC
12967836,31,10411,2024-06-16 11:26:18.628451 UTC,2024-06-16 11:27:11.628451 UTC
11716375,31,6628,2024-03-25 00:55:18.628451 UTC,2024-03-25 01:09:29.628451 UTC
11742329,31,1139,2024-03-26 18:34:18.628451 UTC,2024-03-26 18:39:33.628451 UTC
9989169,31,2577,2023-11-23 10:15:18.628451 UTC,2023-11-23 10:27:08.628451 UTC
10456030,31,7826,2024-01-01 00:44:18.628451 UTC,2024-01-01 00:50:33.628451 UTC
12788611,31,3170,2024-06-04 12:46:18.628451 UTC,2024-06-04 12:48:00.628451 UTC
11581885,31,6529,2024-03-16 01:45:18.628451 UTC,2024-03-16 01:54:21.628451 UTC
7978113,31,5266,2023-11-14 22:14:10.93634 UTC,2023-11-14 22:21:30.93634 UTC
11098889,31,5066,2024-02-12 21:08:18.628451 UTC,2024-02-12 21:19:01.628451 UTC
6950695,31,2248,2023-10-25 08:48:33.269681 UTC,2023-10-25 08:55:27.269681 UTC
13264775,31,6670,2024-07-06 05:48:18.628451 UTC,2024-07-06 05:55:02.628451 UTC
11768216,31,4466,2024-03-28 11:37:18.628451 UTC,2024-03-28 11:41:15.628451 UTC
3919564,31,7684,2023-10-01 14:50:30.719616 UTC,2023-10-01 14:59:36.719616 UTC
10977039,31,4301,2024-02-04 17:42:18.628451 UTC,2024-02-04 17:54:05.628451 UTC
12999112,31,6645,2024-06-18 13:12:18.628451 UTC,2024-06-18 13:12:56.628451 UTC
10760688,31,6948,2024-01-21 08:42:18.628451 UTC,2024-01-21 08:46:24.628451 UTC
1835714,31,5941,2023-07-29 16:37:58.052641 UTC,2023-07-29 16:49:30.052641 UTC
7938492,31,894,2023-10-15 22:02:10.93634 UTC,2023-10-15 22:05:01.93634 UTC
13134432,31,3945,2024-06-27 14:17:18.628451 UTC,2024-06-27 14:25:36.628451 UTC
12537959,31,4901,2024-05-18 18:35:18.628451 UTC,2024-05-18 18:38:53.628451 UTC
9845303,31,4832,2023-08-05 13:10:18.628451 UTC,2023-08-05 13:12:45.628451 UTC
10984071,31,6463,2024-02-05 04:56:18.628451 UTC,2024-02-05 04:57:25.628451 UTC
10532008,31,7958,2024-01-06 02:00:18.628451 UTC,2024-01-06 02:10:58.628451 UTC
11433837,31,5084,2024-03-06 04:23:18.628451 UTC,2024-03-06 04:30:49.628451 UTC
8968820,31,8110,2023-11-07 18:24:34.749663 UTC,2023-11-07 18:29:44.749663 UTC
13450778,31,1065,2024-07-18 15:29:18.628451 UTC,2024-07-18 15:43:42.628451 UTC
13338855,31,4109,2024-07-11 04:39:18.628451 UTC,2024-07-11 04:48:46.628451 UTC
12784138,31,3762,2024-06-04 05:27:18.628451 UTC,2024-06-04 05:34:36.628451 UTC
12837158,31,3148,2024-06-07 17:54:18.628451 UTC,2024-06-07 18:08:46.628451 UTC
13098947,31,7303,2024-06-25 05:22:18.628451 UTC,2024-06-25 05:37:09.628451 UTC
12234678,31,65,2024-04-28 12:47:18.628451 UTC,2024-04-28 13:01:55.628451 UTC
11707676,32,3895,2024-03-24 10:50:18.628451 UTC,2024-03-24 11:00:37.628451 UTC
11606064,32,10162,2024-03-17 16:25:18.628451 UTC,2024-03-17 16:34:45.628451 UTC
12564714,32,4385,2024-05-20 13:20:18.628451 UTC,2024-05-20 13:26:43.628451 UTC
13307892,32,6126,2024-07-09 02:48:18.628451 UTC,2024-07-09 02:55:40.628451 UTC
12313244,32,8156,2024-05-03 18:45:18.628451 UTC,2024-05-03 18:46:53.628451 UTC
12568523,32,4850,2024-05-20 19:22:18.628451 UTC,2024-05-20 19:34:30.628451 UTC
2866687,32,4074,2023-08-22 06:02:18.81691 UTC,2023-08-22 06:03:33.81691 UTC
6963329,32,10436,2023-11-03 21:41:33.269681 UTC,2023-11-03 21:53:44.269681 UTC
13378723,32,10177,2024-07-13 20:40:18.628451 UTC,2024-07-13 20:52:40.628451 UTC
13392990,32,5433,2024-07-14 19:29:18.628451 UTC,2024-07-14 19:34:16.628451 UTC
11112749,32,3555,2024-02-13 19:17:18.628451 UTC,2024-02-13 19:25:25.628451 UTC
9988341,32,6931,2023-11-22 19:11:18.628451 UTC,2023-11-22 19:20:16.628451 UTC
12324259,32,2012,2024-05-04 12:19:18.628451 UTC,2024-05-04 12:31:08.628451 UTC
6942897,32,2069,2023-10-19 09:45:33.269681 UTC,2023-10-19 09:58:28.269681 UTC
10848812,32,4434,2024-01-27 04:52:18.628451 UTC,2024-01-27 05:06:36.628451 UTC
13051205,32,9966,2024-06-22 00:57:18.628451 UTC,2024-06-22 01:04:51.628451 UTC
9958495,32,1877,2023-10-30 23:44:18.628451 UTC,2023-10-30 23:44:30.628451 UTC
12423120,32,1290,2024-05-11 03:01:18.628451 UTC,2024-05-11 03:13:30.628451 UTC
10699718,32,7995,2024-01-17 06:57:18.628451 UTC,2024-01-17 06:59:26.628451 UTC
3858833,32,8056,2023-08-16 14:02:30.719616 UTC,2023-08-16 14:11:11.719616 UTC
11182765,32,6311,2024-02-18 11:17:18.628451 UTC,2024-02-18 11:23:21.628451 UTC
11222967,32,8428,2024-02-21 03:39:18.628451 UTC,2024-02-21 03:40:37.628451 UTC
9854533,32,7063,2023-08-12 14:20:18.628451 UTC,2023-08-12 14:20:18.628451 UTC
12058682,32,446,2024-04-16 19:35:18.628451 UTC,2024-04-16 19:40:49.628451 UTC
9881841,32,9195,2023-09-02 12:25:18.628451 UTC,2023-09-02 12:28:21.628451 UTC
12896027,32,9577,2024-06-11 16:22:18.628451 UTC,2024-06-11 16:27:17.628451 UTC
10534940,32,3211,2024-01-06 06:33:18.628451 UTC,2024-01-06 06:38:26.628451 UTC
13414230,32,2087,2024-07-16 05:15:18.628451 UTC,2024-07-16 05:28:17.628451 UTC
7889972,32,3777,2023-09-09 01:47:10.93634 UTC,2023-09-09 01:56:05.93634 UTC
6897195,32,5983,2023-09-14 10:15:33.269681 UTC,2023-09-14 10:23:48.269681 UTC
2924547,32,992,2023-10-05 06:21:18.81691 UTC,2023-10-05 06:30:12.81691 UTC
10255200,32,4610,2023-12-18 16:17:18.628451 UTC,2023-12-18 16:30:47.628451 UTC
12130848,32,6320,2024-04-21 15:20:18.628451 UTC,2024-04-21 15:21:22.628451 UTC
5893479,32,8999,2023-09-11 17:33:46.226714 UTC,2023-09-11 17:34:42.226714 UTC
3936768,32,2270,2023-10-14 17:59:30.719616 UTC,2023-10-14 18:04:57.719616 UTC
11977099,32,1491,2024-04-11 09:39:18.628451 UTC,2024-04-11 09:50:29.628451 UTC
12773461,32,2437,2024-06-03 12:25:18.628451 UTC,2024-06-03 12:29:53.628451 UTC
10708974,32,1150,2024-01-17 21:50:18.628451 UTC,2024-01-17 22:03:41.628451 UTC
12837244,32,8157,2024-06-07 18:01:18.628451 UTC,2024-06-07 18:07:08.628451 UTC
10341887,32,7916,2023-12-24 10:37:18.628451 UTC,2023-12-24 10:52:02.628451 UTC
4908534,32,2174,2023-09-23 09:10:19.789965 UTC,2023-09-23 09:17:12.789965 UTC
11499981,32,10564,2024-03-10 14:40:18.628451 UTC,2024-03-10 14:49:15.628451 UTC
13085210,32,10182,2024-06-24 07:46:18.628451 UTC,2024-06-24 07:47:49.628451 UTC
8911943,32,7831,2023-09-25 11:13:34.749663 UTC,2023-09-25 11:20:41.749663 UTC
7954128,32,4280,2023-10-27 16:33:10.93634 UTC,2023-10-27 16:45:50.93634 UTC
13312020,32,7428,2024-07-09 09:33:18.628451 UTC,2024-07-09 09:41:29.628451 UTC
10876905,32,9360,2024-01-29 02:02:18.628451 UTC,2024-01-29 02:10:11.628451 UTC
9948367,32,7505,2023-10-23 07:56:18.628451 UTC,2023-10-23 08:09:06.628451 UTC
11910413,32,4173,2024-04-06 23:59:18.628451 UTC,2024-04-07 00:13:10.628451 UTC
13375474,32,158,2024-07-13 15:23:18.628451 UTC,2024-07-13 15:25:02.628451 UTC
11275923,32,5110,2024-02-24 16:02:18.628451 UTC,2024-02-24 16:04:22.628451 UTC
12459422,32,9503,2024-05-13 12:58:18.628451 UTC,2024-05-13 13:07:05.628451 UTC
6859592,32,3479,2023-08-16 14:20:33.269681 UTC,2023-08-16 14:32:55.269681 UTC
11488551,32,1677,2024-03-09 20:13:18.628451 UTC,2024-03-09 20:23:54.628451 UTC
12498176,32,9202,2024-05-16 03:10:18.628451 UTC,2024-05-16 03:24:46.628451 UTC
10786853,32,1780,2024-01-23 01:56:18.628451 UTC,2024-01-23 02:07:31.628451 UTC
12654774,32,9371,2024-05-26 13:49:18.628451 UTC,2024-05-26 13:56:40.628451 UTC
13407988,32,9723,2024-07-15 19:19:18.628451 UTC,2024-07-15 19:26:01.628451 UTC
10034427,32,3710,2023-12-03 21:35:18.628451 UTC,2023-12-03 21:36:26.628451 UTC
10446841,32,8749,2023-12-31 10:07:18.628451 UTC,2023-12-31 10:16:15.628451 UTC
6908142,32,7046,2023-09-22 19:35:33.269681 UTC,2023-09-22 19:36:04.269681 UTC
9894858,32,6750,2023-09-12 11:17:18.628451 UTC,2023-09-12 11:29:52.628451 UTC
7930846,32,5307,2023-10-10 01:01:10.93634 UTC,2023-10-10 01:13:38.93634 UTC
10727698,32,5937,2024-01-19 03:45:18.628451 UTC,2024-01-19 03:50:21.628451 UTC
10467867,32,6833,2024-01-01 19:37:18.628451 UTC,2024-01-01 19:45:05.628451 UTC
11067042,32,5134,2024-02-10 18:16:18.628451 UTC,2024-02-10 18:26:22.628451 UTC
11167661,32,10381,2024-02-17 10:59:18.628451 UTC,2024-02-17 11:11:56.628451 UTC
5947154,32,9234,2023-10-22 12:43:46.226714 UTC,2023-10-22 12:53:45.226714 UTC
10683124,32,4223,2024-01-16 04:39:18.628451 UTC,2024-01-16 04:41:51.628451 UTC
13366685,32,3387,2024-07-13 01:11:18.628451 UTC,2024-07-13 01:13:23.628451 UTC
13233132,32,116,2024-07-04 03:14:18.628451 UTC,2024-07-04 03:18:24.628451 UTC
9866634,32,1067,2023-08-21 19:12:18.628451 UTC,2023-08-21 19:15:12.628451 UTC
9958698,32,4000,2023-10-31 03:39:18.628451 UTC,2023-10-31 03:48:39.628451 UTC
11391536,32,7351,2024-03-03 09:02:18.628451 UTC,2024-03-03 09:06:26.628451 UTC
11711113,32,878,2024-03-24 16:24:18.628451 UTC,2024-03-24 16:24:24.628451 UTC
11441997,32,4922,2024-03-06 17:27:18.628451 UTC,2024-03-06 17:39:09.628451 UTC
5952708,32,4047,2023-10-26 17:42:46.226714 UTC,2023-10-26 17:44:04.226714 UTC
12037625,32,1457,2024-04-15 10:07:18.628451 UTC,2024-04-15 10:11:40.628451 UTC
10708500,32,2357,2024-01-17 21:03:18.628451 UTC,2024-01-17 21:09:56.628451 UTC
11920655,32,10171,2024-04-07 16:20:18.628451 UTC,2024-04-07 16:30:52.628451 UTC
9842989,32,7310,2023-08-03 19:02:18.628451 UTC,2023-08-03 19:12:04.628451 UTC
11517297,32,9682,2024-03-11 18:28:18.628451 UTC,2024-03-11 18:35:11.628451 UTC
12346589,32,5358,2024-05-06 00:18:18.628451 UTC,2024-05-06 00:25:58.628451 UTC
10825828,32,2408,2024-01-25 16:15:18.628451 UTC,2024-01-25 16:20:03.628451 UTC
10484365,32,6383,2024-01-02 21:44:18.628451 UTC,2024-01-02 21:54:08.628451 UTC
12576143,32,9669,2024-05-21 07:33:18.628451 UTC,2024-05-21 07:46:22.628451 UTC
2981621,32,9443,2023-11-17 12:49:18.81691 UTC,2023-11-17 12:52:23.81691 UTC
12936231,32,6651,2024-06-14 08:43:18.628451 UTC,2024-06-14 08:54:21.628451 UTC
856675,32,5181,2023-08-14 13:00:47.952295 UTC,2023-08-14 13:08:53.952295 UTC
7902337,32,7504,2023-09-18 12:31:10.93634 UTC,2023-09-18 12:33:37.93634 UTC
9920481,32,4394,2023-10-02 01:59:18.628451 UTC,2023-10-02 02:12:04.628451 UTC
12690571,32,6513,2024-05-28 23:25:18.628451 UTC,2024-05-28 23:34:59.628451 UTC
13176725,32,3166,2024-06-30 09:42:18.628451 UTC,2024-06-30 09:48:21.628451 UTC
10526155,32,1090,2024-01-05 16:29:18.628451 UTC,2024-01-05 16:29:58.628451 UTC
7845695,32,3175,2023-08-06 12:45:10.93634 UTC,2023-08-06 12:59:40.93634 UTC
11871499,32,10472,2024-04-04 09:19:18.628451 UTC,2024-04-04 09:30:23.628451 UTC
13220017,32,6540,2024-07-03 06:45:18.628451 UTC,2024-07-03 06:51:48.628451 UTC
1842109,32,5116,2023-08-03 14:13:58.052641 UTC,2023-08-03 14:15:55.052641 UTC
12937346,32,48,2024-06-14 10:32:18.628451 UTC,2024-06-14 10:46:02.628451 UTC
12143155,32,10387,2024-04-22 11:04:18.628451 UTC,2024-04-22 11:06:20.628451 UTC
11255222,32,8258,2024-02-23 07:19:18.628451 UTC,2024-02-23 07:26:03.628451 UTC
5896138,32,5320,2023-09-13 17:35:46.226714 UTC,2023-09-13 17:50:26.226714 UTC
11185875,32,5339,2024-02-18 16:23:18.628451 UTC,2024-02-18 16:25:05.628451 UTC
7994746,32,7176,2023-11-27 16:18:10.93634 UTC,2023-11-27 16:22:51.93634 UTC
10337366,32,6237,2023-12-24 03:22:18.628451 UTC,2023-12-24 03:24:05.628451 UTC
11381203,32,10342,2024-03-02 16:28:18.628451 UTC,2024-03-02 16:33:08.628451 UTC
12333422,33,1570,2024-05-05 02:59:18.628451 UTC,2024-05-05 03:05:33.628451 UTC
12460410,33,9623,2024-05-13 14:32:18.628451 UTC,2024-05-13 14:33:39.628451 UTC
8884262,33,7984,2023-09-04 08:30:34.749663 UTC,2023-09-04 08:37:18.749663 UTC
2842189,33,93,2023-08-03 22:11:18.81691 UTC,2023-08-03 22:20:26.81691 UTC
10659801,33,10620,2024-01-14 15:12:18.628451 UTC,2024-01-14 15:18:52.628451 UTC
10541702,33,7185,2024-01-06 17:28:18.628451 UTC,2024-01-06 17:42:36.628451 UTC
13435996,33,6873,2024-07-17 15:40:18.628451 UTC,2024-07-17 15:46:23.628451 UTC
2967763,33,6385,2023-11-07 03:17:18.81691 UTC,2023-11-07 03:31:47.81691 UTC
3864487,33,10072,2023-08-20 20:21:30.719616 UTC,2023-08-20 20:26:40.719616 UTC
11345009,33,3738,2024-02-29 06:44:18.628451 UTC,2024-02-29 06:51:28.628451 UTC
8880839,33,10284,2023-09-01 17:54:34.749663 UTC,2023-09-01 18:00:28.749663 UTC
10957736,33,4448,2024-02-03 10:45:18.628451 UTC,2024-02-03 10:52:17.628451 UTC
4892507,33,8161,2023-09-11 05:19:19.789965 UTC,2023-09-11 05:32:30.789965 UTC
6879246,33,8415,2023-08-31 14:48:33.269681 UTC,2023-08-31 15:03:08.269681 UTC
9950184,33,7628,2023-10-24 16:22:18.628451 UTC,2023-10-24 16:35:01.628451 UTC
10381755,33,8595,2023-12-27 02:30:18.628451 UTC,2023-12-27 02:43:39.628451 UTC
13301621,33,3426,2024-07-08 16:47:18.628451 UTC,2024-07-08 16:51:41.628451 UTC
12417662,33,8532,2024-05-10 18:17:18.628451 UTC,2024-05-10 18:23:46.628451 UTC
11150161,33,4073,2024-02-16 06:48:18.628451 UTC,2024-02-16 06:50:38.628451 UTC
8954154,33,8051,2023-10-27 13:40:34.749663 UTC,2023-10-27 13:49:03.749663 UTC
7926770,33,8384,2023-10-06 23:50:10.93634 UTC,2023-10-06 23:52:50.93634 UTC
13195588,33,7699,2024-07-01 15:23:18.628451 UTC,2024-07-01 15:37:51.628451 UTC
11197798,33,2083,2024-02-19 11:35:18.628451 UTC,2024-02-19 11:42:53.628451 UTC
11374565,33,2558,2024-03-02 05:50:18.628451 UTC,2024-03-02 06:02:30.628451 UTC
12082066,33,7962,2024-04-18 09:19:18.628451 UTC,2024-04-18 09:25:13.628451 UTC
11509318,33,3908,2024-03-11 05:37:18.628451 UTC,2024-03-11 05:46:20.628451 UTC
12384452,33,7838,2024-05-08 12:38:18.628451 UTC,2024-05-08 12:53:14.628451 UTC
4873990,33,10387,2023-08-28 03:25:19.789965 UTC,2023-08-28 03:30:09.789965 UTC
6957103,33,4969,2023-10-30 04:26:33.269681 UTC,2023-10-30 04:37:28.269681 UTC
11563213,33,9742,2024-03-14 19:56:18.628451 UTC,2024-03-14 20:01:25.628451 UTC
10269685,33,2500,2023-12-19 15:23:18.628451 UTC,2023-12-19 15:38:10.628451 UTC
11206444,33,9962,2024-02-20 01:23:18.628451 UTC,2024-02-20 01:32:08.628451 UTC
11749248,33,3063,2024-03-27 05:32:18.628451 UTC,2024-03-27 05:43:48.628451 UTC
1869494,33,7281,2023-08-24 13:54:58.052641 UTC,2023-08-24 14:08:30.052641 UTC
5981035,33,5616,2023-11-17 07:36:46.226714 UTC,2023-11-17 07:51:27.226714 UTC
1991606,33,294,2023-11-25 05:10:58.052641 UTC,2023-11-25 05:21:11.052641 UTC
11580225,33,994,2024-03-15 23:08:18.628451 UTC,2024-03-15 23:13:39.628451 UTC
13016994,33,3039,2024-06-19 17:57:18.628451 UTC,2024-06-19 18:05:49.628451 UTC
10027085,33,3106,2023-12-03 09:38:18.628451 UTC,2023-12-03 09:51:49.628451 UTC
10781672,33,2837,2024-01-22 17:39:18.628451 UTC,2024-01-22 17:45:07.628451 UTC
10144703,33,5536,2023-12-11 06:35:18.628451 UTC,2023-12-11 06:37:56.628451 UTC
12827488,33,5134,2024-06-07 02:19:18.628451 UTC,2024-06-07 02:30:16.628451 UTC
4888969,33,7854,2023-09-08 12:46:19.789965 UTC,2023-09-08 12:56:26.789965 UTC
10373897,33,8831,2023-12-26 13:34:18.628451 UTC,2023-12-26 13:46:45.628451 UTC
1843206,33,8058,2023-08-04 10:20:58.052641 UTC,2023-08-04 10:30:33.052641 UTC
10497429,33,2525,2024-01-03 18:16:18.628451 UTC,2024-01-03 18:19:47.628451 UTC
959451,33,15,2023-10-31 21:46:47.952295 UTC,2023-10-31 21:53:35.952295 UTC
7972547,33,8371,2023-11-10 18:02:10.93634 UTC,2023-11-10 18:05:36.93634 UTC
9914396,33,10188,2023-09-27 11:07:18.628451 UTC,2023-09-27 11:14:31.628451 UTC
10204982,33,8688,2023-12-15 07:44:18.628451 UTC,2023-12-15 07:44:42.628451 UTC
10175347,33,4968,2023-12-13 07:57:18.628451 UTC,2023-12-13 08:07:52.628451 UTC
11457918,33,3735,2024-03-07 18:52:18.628451 UTC,2024-03-07 19:04:44.628451 UTC
12239659,33,374,2024-04-28 20:45:18.628451 UTC,2024-04-28 20:58:42.628451 UTC
10828085,33,4872,2024-01-25 19:52:18.628451 UTC,2024-01-25 19:52:20.628451 UTC
11805402,33,3807,2024-03-30 23:26:18.628451 UTC,2024-03-30 23:40:50.628451 UTC
1870369,33,4757,2023-08-25 06:35:58.052641 UTC,2023-08-25 06:49:44.052641 UTC
12155438,33,7712,2024-04-23 06:33:18.628451 UTC,2024-04-23 06:33:36.628451 UTC
2909313,33,6256,2023-09-23 12:14:18.81691 UTC,2023-09-23 12:16:33.81691 UTC
13220724,33,3264,2024-07-03 07:50:18.628451 UTC,2024-07-03 07:53:34.628451 UTC
10685112,33,9366,2024-01-16 07:46:18.628451 UTC,2024-01-16 07:50:26.628451 UTC
11152321,33,8282,2024-02-16 10:15:18.628451 UTC,2024-02-16 10:26:36.628451 UTC
3843862,33,3083,2023-08-05 03:30:30.719616 UTC,2023-08-05 03:42:58.719616 UTC
8914708,33,4993,2023-09-27 13:27:34.749663 UTC,2023-09-27 13:36:28.749663 UTC
10669419,33,9347,2024-01-15 06:34:18.628451 UTC,2024-01-15 06:39:27.628451 UTC
11634015,33,7854,2024-03-19 13:13:18.628451 UTC,2024-03-19 13:17:17.628451 UTC
11298736,33,7070,2024-02-26 04:42:18.628451 UTC,2024-02-26 04:54:32.628451 UTC
7912885,33,5774,2023-09-26 12:25:10.93634 UTC,2023-09-26 12:30:35.93634 UTC
13293258,33,797,2024-07-08 03:26:18.628451 UTC,2024-07-08 03:30:28.628451 UTC
12068722,33,6965,2024-04-17 11:32:18.628451 UTC,2024-04-17 11:40:06.628451 UTC
12961350,33,1073,2024-06-16 01:15:18.628451 UTC,2024-06-16 01:16:39.628451 UTC
6921881,33,6662,2023-10-03 08:51:33.269681 UTC,2023-10-03 08:58:01.269681 UTC
11963039,33,7089,2024-04-10 11:28:18.628451 UTC,2024-04-10 11:36:30.628451 UTC
10300787,33,822,2023-12-21 17:17:18.628451 UTC,2023-12-21 17:25:46.628451 UTC
6975777,33,5852,2023-11-13 07:08:33.269681 UTC,2023-11-13 07:11:49.269681 UTC
10776135,33,2378,2024-01-22 08:58:18.628451 UTC,2024-01-22 09:02:57.628451 UTC
12649021,33,5057,2024-05-26 04:24:18.628451 UTC,2024-05-26 04:35:27.628451 UTC
13282404,33,5883,2024-07-07 09:51:18.628451 UTC,2024-07-07 09:59:37.628451 UTC
4953071,33,5558,2023-10-26 20:51:19.789965 UTC,2023-10-26 20:54:15.789965 UTC
13294462,33,4393,2024-07-08 05:29:18.628451 UTC,2024-07-08 05:41:49.628451 UTC
3916889,33,7310,2023-09-29 15:20:30.719616 UTC,2023-09-29 15:26:10.719616 UTC
10359582,33,3030,2023-12-25 15:04:18.628451 UTC,2023-12-25 15:18:46.628451 UTC
875447,33,5198,2023-08-28 19:34:47.952295 UTC,2023-08-28 19:46:41.952295 UTC
960482,33,9452,2023-11-01 16:31:47.952295 UTC,2023-11-01 16:33:38.952295 UTC
3929834,33,1058,2023-10-09 11:06:30.719616 UTC,2023-10-09 11:13:43.719616 UTC
10431471,33,6624,2023-12-30 09:28:18.628451 UTC,2023-12-30 09:35:44.628451 UTC
10091598,33,5927,2023-12-07 16:57:18.628451 UTC,2023-12-07 17:04:21.628451 UTC
12313220,33,10321,2024-05-03 18:42:18.628451 UTC,2024-05-03 18:49:55.628451 UTC
6839362,33,1203,2023-08-01 04:12:33.269681 UTC,2023-08-01 04:22:20.269681 UTC
7835571,33,2991,2023-07-29 22:41:10.93634 UTC,2023-07-29 22:46:34.93634 UTC
12411992,33,9534,2024-05-10 09:11:18.628451 UTC,2024-05-10 09:25:57.628451 UTC
7930063,33,7172,2023-10-09 11:00:10.93634 UTC,2023-10-09 11:14:56.93634 UTC
11750397,33,6646,2024-03-27 07:20:18.628451 UTC,2024-03-27 07:33:50.628451 UTC
12306316,33,2676,2024-05-03 07:43:18.628451 UTC,2024-05-03 07:47:48.628451 UTC
10485049,33,2914,2024-01-02 22:49:18.628451 UTC,2024-01-02 22:56:37.628451 UTC
12747595,33,4373,2024-06-01 18:45:18.628451 UTC,2024-06-01 18:47:08.628451 UTC
6907626,33,9088,2023-09-22 09:54:33.269681 UTC,2023-09-22 10:02:40.269681 UTC
9973805,33,4524,2023-11-11 16:31:18.628451 UTC,2023-11-11 16:38:11.628451 UTC
11165389,33,423,2024-02-17 07:15:18.628451 UTC,2024-02-17 07:23:34.628451 UTC
12724645,33,6376,2024-05-31 06:12:18.628451 UTC,2024-05-31 06:16:52.628451 UTC
12936074,33,373,2024-06-14 08:29:18.628451 UTC,2024-06-14 08:30:13.628451 UTC
10288439,33,3772,2023-12-20 21:32:18.628451 UTC,2023-12-20 21:45:30.628451 UTC
8835160,33,520,2023-07-29 05:54:34.749663 UTC,2023-07-29 05:55:37.749663 UTC
7960969,33,7892,2023-11-01 22:25:10.93634 UTC,2023-11-01 22:33:34.93634 UTC
5858892,33,7812,2023-08-16 10:34:46.226714 UTC,2023-08-16 10:42:06.226714 UTC
11442177,33,6893,2024-03-06 17:46:18.628451 UTC,2024-03-06 17:58:29.628451 UTC
3854432,33,8958,2023-08-13 04:44:30.719616 UTC,2023-08-13 04:57:53.719616 UTC
13395298,33,740,2024-07-14 23:12:18.628451 UTC,2024-07-14 23:12:45.628451 UTC
10633366,33,6064,2024-01-12 20:26:18.628451 UTC,2024-01-12 20:31:40.628451 UTC
13004178,33,3332,2024-06-18 21:21:18.628451 UTC,2024-06-18 21:25:20.628451 UTC
5919551,33,8863,2023-10-01 16:47:46.226714 UTC,2023-10-01 16:48:49.226714 UTC
877188,34,5795,2023-08-30 03:03:47.952295 UTC,2023-08-30 03:08:55.952295 UTC
1878271,34,3519,2023-08-31 06:58:58.052641 UTC,2023-08-31 07:00:04.052641 UTC
10520491,34,4223,2024-01-05 07:18:18.628451 UTC,2024-01-05 07:24:45.628451 UTC
12302927,34,4050,2024-05-03 02:22:18.628451 UTC,2024-05-03 02:33:07.628451 UTC
2917153,34,3897,2023-09-29 16:38:18.81691 UTC,2023-09-29 16:47:13.81691 UTC
7935482,34,3956,2023-10-13 14:06:10.93634 UTC,2023-10-13 14:16:20.93634 UTC
1929959,34,5171,2023-10-09 09:47:58.052641 UTC,2023-10-09 09:57:09.052641 UTC
10315652,34,9174,2023-12-22 16:41:18.628451 UTC,2023-12-22 16:41:23.628451 UTC
6860327,34,3573,2023-08-17 04:08:33.269681 UTC,2023-08-17 04:17:39.269681 UTC
13050654,34,9341,2024-06-22 00:06:18.628451 UTC,2024-06-22 00:15:01.628451 UTC
11394401,34,1635,2024-03-03 13:34:18.628451 UTC,2024-03-03 13:36:22.628451 UTC
13487996,34,7997,2024-07-21 03:09:18.628451 UTC,2024-07-21 03:12:05.628451 UTC
12447619,34,9080,2024-05-12 17:56:18.628451 UTC,2024-05-12 18:05:20.628451 UTC
2974913,34,7309,2023-11-12 12:30:18.81691 UTC,2023-11-12 12:38:24.81691 UTC
2898243,34,3517,2023-09-15 01:37:18.81691 UTC,2023-09-15 01:49:07.81691 UTC
11445354,34,10368,2024-03-06 22:47:18.628451 UTC,2024-03-06 22:51:52.628451 UTC
857305,34,3980,2023-08-15 00:07:47.952295 UTC,2023-08-15 00:19:49.952295 UTC
12873224,34,5137,2024-06-10 04:14:18.628451 UTC,2024-06-10 04:27:40.628451 UTC
13186025,34,1149,2024-07-01 00:15:18.628451 UTC,2024-07-01 00:21:52.628451 UTC
7997829,34,4060,2023-11-29 23:35:10.93634 UTC,2023-11-29 23:39:46.93634 UTC
11518876,34,3836,2024-03-11 20:51:18.628451 UTC,2024-03-11 21:05:27.628451 UTC
5892619,34,2853,2023-09-11 01:48:46.226714 UTC,2023-09-11 02:03:39.226714 UTC
9874474,34,646,2023-08-27 20:16:18.628451 UTC,2023-08-27 20:25:46.628451 UTC
5946514,34,7287,2023-10-22 01:21:46.226714 UTC,2023-10-22 01:33:36.226714 UTC
13047828,34,4241,2024-06-21 19:30:18.628451 UTC,2024-06-21 19:36:37.628451 UTC
11157152,34,9317,2024-02-16 18:02:18.628451 UTC,2024-02-16 18:11:28.628451 UTC
11530719,34,1223,2024-03-12 15:50:18.628451 UTC,2024-03-12 15:59:12.628451 UTC
1987097,34,3985,2023-11-21 19:23:58.052641 UTC,2023-11-21 19:34:26.052641 UTC
11245677,34,9184,2024-02-22 15:59:18.628451 UTC,2024-02-22 16:12:22.628451 UTC
12849712,34,9892,2024-06-08 14:12:18.628451 UTC,2024-06-08 14:12:31.628451 UTC
12014602,34,1872,2024-04-13 21:24:18.628451 UTC,2024-04-13 21:30:48.628451 UTC
6889561,34,2544,2023-09-08 13:57:33.269681 UTC,2023-09-08 14:02:28.269681 UTC
12955222,34,5198,2024-06-15 15:17:18.628451 UTC,2024-06-15 15:20:11.628451 UTC
11539817,34,6177,2024-03-13 06:22:18.628451 UTC,2024-03-13 06:32:00.628451 UTC
13106646,34,7315,2024-06-25 17:27:18.628451 UTC,2024-06-25 17:29:21.628451 UTC
10221523,34,1560,2023-12-16 10:14:18.628451 UTC,2023-12-16 10:27:38.628451 UTC
10339843,34,2803,2023-12-24 07:20:18.628451 UTC,2023-12-24 07:25:44.628451 UTC
13366354,34,4506,2024-07-13 00:40:18.628451 UTC,2024-07-13 00:49:31.628451 UTC
13119324,34,2139,2024-06-26 13:55:18.628451 UTC,2024-06-26 14:03:56.628451 UTC
10311488,34,10231,2023-12-22 09:59:18.628451 UTC,2023-12-22 10:12:17.628451 UTC
2982562,34,4763,2023-11-18 05:43:18.81691 UTC,2023-11-18 05:52:13.81691 UTC
12182628,34,3928,2024-04-25 01:27:18.628451 UTC,2024-04-25 01:34:05.628451 UTC
13276879,34,2633,2024-07-07 01:05:18.628451 UTC,2024-07-07 01:06:19.628451 UTC
11725829,34,3142,2024-03-25 16:13:18.628451 UTC,2024-03-25 16:17:37.628451 UTC
11834219,34,3071,2024-04-01 21:45:18.628451 UTC,2024-04-01 21:49:59.628451 UTC
6994380,34,3240,2023-11-27 06:02:33.269681 UTC,2023-11-27 06:15:43.269681 UTC
13013892,34,3712,2024-06-19 13:01:18.628451 UTC,2024-06-19 13:10:23.628451 UTC
7837267,34,6744,2023-07-31 05:36:10.93634 UTC,2023-07-31 05:38:19.93634 UTC
10762180,34,4636,2024-01-21 11:05:18.628451 UTC,2024-01-21 11:06:08.628451 UTC
10096853,34,4263,2023-12-08 01:27:18.628451 UTC,2023-12-08 01:32:49.628451 UTC
10628071,34,1578,2024-01-12 11:48:18.628451 UTC,2024-01-12 11:53:08.628451 UTC
12499621,34,3422,2024-05-16 05:27:18.628451 UTC,2024-05-16 05:36:52.628451 UTC
11780393,34,6742,2024-03-29 07:05:18.628451 UTC,2024-03-29 07:14:57.628451 UTC
11431904,34,5776,2024-03-06 01:27:18.628451 UTC,2024-03-06 01:30:16.628451 UTC
11227411,34,5976,2024-02-21 10:57:18.628451 UTC,2024-02-21 11:01:10.628451 UTC
11149404,34,3282,2024-02-16 05:32:18.628451 UTC,2024-02-16 05:37:33.628451 UTC
10535603,34,4039,2024-01-06 07:40:18.628451 UTC,2024-01-06 07:52:36.628451 UTC
12757340,34,6285,2024-06-02 10:28:18.628451 UTC,2024-06-02 10:42:21.628451 UTC
10804804,34,5329,2024-01-24 06:35:18.628451 UTC,2024-01-24 06:43:05.628451 UTC
12853985,34,7921,2024-06-08 20:59:18.628451 UTC,2024-06-08 21:03:30.628451 UTC
5987927,34,10051,2023-11-22 12:15:46.226714 UTC,2023-11-22 12:27:13.226714 UTC
10334443,34,5799,2023-12-23 22:44:18.628451 UTC,2023-12-23 22:45:44.628451 UTC
3961729,34,6290,2023-11-02 12:26:30.719616 UTC,2023-11-02 12:28:09.719616 UTC
10654707,34,1417,2024-01-14 06:54:18.628451 UTC,2024-01-14 06:57:20.628451 UTC
11673596,34,2453,2024-03-22 04:23:18.628451 UTC,2024-03-22 04:29:02.628451 UTC
12799921,34,5659,2024-06-05 06:34:18.628451 UTC,2024-06-05 06:48:35.628451 UTC
12692038,34,578,2024-05-29 01:48:18.628451 UTC,2024-05-29 01:55:42.628451 UTC
5905522,34,8346,2023-09-20 23:54:46.226714 UTC,2023-09-21 00:06:39.226714 UTC
2967650,34,844,2023-11-07 01:15:18.81691 UTC,2023-11-07 01:23:17.81691 UTC
7910578,34,901,2023-09-24 18:16:10.93634 UTC,2023-09-24 18:23:08.93634 UTC
11594520,34,9414,2024-03-16 22:12:18.628451 UTC,2024-03-16 22:27:12.628451 UTC
11946618,34,2837,2024-04-09 09:21:18.628451 UTC,2024-04-09 09:27:41.628451 UTC
13523796,34,7280,2024-07-23 12:22:18.628451 UTC,2024-07-23 12:25:04.628451 UTC
13498626,34,864,2024-07-21 20:20:18.628451 UTC,2024-07-21 20:32:58.628451 UTC
11075458,34,6748,2024-02-11 07:40:18.628451 UTC,2024-02-11 07:47:10.628451 UTC
12099098,34,5079,2024-04-19 12:39:18.628451 UTC,2024-04-19 12:51:58.628451 UTC
12732922,34,10400,2024-05-31 19:34:18.628451 UTC,2024-05-31 19:47:34.628451 UTC
3930247,34,9196,2023-10-09 18:25:30.719616 UTC,2023-10-09 18:25:59.719616 UTC
13193293,34,3579,2024-07-01 11:40:18.628451 UTC,2024-07-01 11:48:07.628451 UTC
11681438,34,3670,2024-03-22 17:02:18.628451 UTC,2024-03-22 17:12:11.628451 UTC
11580783,34,3579,2024-03-16 00:00:18.628451 UTC,2024-03-16 00:05:45.628451 UTC
7995601,34,752,2023-11-28 07:12:10.93634 UTC,2023-11-28 07:27:03.93634 UTC
3863542,34,4281,2023-08-20 03:31:30.719616 UTC,2023-08-20 03:32:58.719616 UTC
10061288,34,4436,2023-12-05 16:45:18.628451 UTC,2023-12-05 16:49:16.628451 UTC
11611589,34,2183,2024-03-18 01:18:18.628451 UTC,2024-03-18 01:26:53.628451 UTC
2928571,34,1105,2023-10-08 05:51:18.81691 UTC,2023-10-08 06:03:30.81691 UTC
12704494,34,3814,2024-05-29 21:40:18.628451 UTC,2024-05-29 21:47:07.628451 UTC
11290994,34,3115,2024-02-25 16:07:18.628451 UTC,2024-02-25 16:19:49.628451 UTC
12398176,34,8175,2024-05-09 10:37:18.628451 UTC,2024-05-09 10:42:29.628451 UTC
10466106,34,342,2024-01-01 16:48:18.628451 UTC,2024-01-01 16:49:31.628451 UTC
10006269,34,8599,2023-12-02 00:27:18.628451 UTC,2023-12-02 00:29:33.628451 UTC
12274092,34,4728,2024-05-01 04:19:18.628451 UTC,2024-05-01 04:23:42.628451 UTC
11619438,34,246,2024-03-18 13:51:18.628451 UTC,2024-03-18 13:51:26.628451 UTC
13155827,34,10563,2024-06-29 00:28:18.628451 UTC,2024-06-29 00:30:14.628451 UTC
10116469,34,4013,2023-12-09 09:03:18.628451 UTC,2023-12-09 09:14:01.628451 UTC
4858876,34,1015,2023-08-16 13:23:19.789965 UTC,2023-08-16 13:26:39.789965 UTC
4937384,34,4100,2023-10-15 02:47:19.789965 UTC,2023-10-15 02:50:54.789965 UTC
12307448,34,5724,2024-05-03 09:36:18.628451 UTC,2024-05-03 09:50:12.628451 UTC
6830168,34,5978,2023-07-25 04:50:33.269681 UTC,2023-07-25 04:52:02.269681 UTC
9917264,34,8174,2023-09-29 17:08:18.628451 UTC,2023-09-29 17:16:47.628451 UTC
8978910,34,2231,2023-11-15 12:51:34.749663 UTC,2023-11-15 13:04:03.749663 UTC
9899705,34,7028,2023-09-16 06:09:18.628451 UTC,2023-09-16 06:23:22.628451 UTC
11231408,34,4585,2024-02-21 17:21:18.628451 UTC,2024-02-21 17:22:41.628451 UTC
9891690,34,1706,2023-09-10 00:45:18.628451 UTC,2023-09-10 00:55:04.628451 UTC
12157239,34,7660,2024-04-23 09:23:18.628451 UTC,2024-04-23 09:32:58.628451 UTC
6960863,34,4828,2023-11-02 01:08:33.269681 UTC,2023-11-02 01:20:07.269681 UTC
10741007,34,5945,2024-01-20 01:06:18.628451 UTC,2024-01-20 01:09:16.628451 UTC
10527226,35,1402,2024-01-05 18:19:18.628451 UTC,2024-01-05 18:31:32.628451 UTC
11556039,35,4008,2024-03-14 08:22:18.628451 UTC,2024-03-14 08:32:55.628451 UTC
12612335,35,7465,2024-05-23 17:22:18.628451 UTC,2024-05-23 17:33:38.628451 UTC
9852058,35,6349,2023-08-10 17:05:18.628451 UTC,2023-08-10 17:07:56.628451 UTC
11334963,35,343,2024-02-28 14:41:18.628451 UTC,2024-02-28 14:44:18.628451 UTC
11305746,35,4850,2024-02-26 15:47:18.628451 UTC,2024-02-26 15:50:14.628451 UTC
3895396,35,6660,2023-09-13 07:51:30.719616 UTC,2023-09-13 07:57:13.719616 UTC
1866429,35,3180,2023-08-22 06:06:58.052641 UTC,2023-08-22 06:07:22.052641 UTC
11311689,35,6169,2024-02-27 01:23:18.628451 UTC,2024-02-27 01:37:16.628451 UTC
10650978,35,3103,2024-01-14 00:40:18.628451 UTC,2024-01-14 00:50:49.628451 UTC
10916982,35,4004,2024-01-31 17:17:18.628451 UTC,2024-01-31 17:17:24.628451 UTC
10588140,35,6634,2024-01-09 19:56:18.628451 UTC,2024-01-09 20:09:35.628451 UTC
10864319,35,47,2024-01-28 05:52:18.628451 UTC,2024-01-28 05:57:05.628451 UTC
7878678,35,6118,2023-08-31 12:02:10.93634 UTC,2023-08-31 12:03:38.93634 UTC
11555690,35,7635,2024-03-14 07:48:18.628451 UTC,2024-03-14 07:51:58.628451 UTC
12370166,35,531,2024-05-07 13:48:18.628451 UTC,2024-05-07 13:59:45.628451 UTC
8828645,35,1054,2023-07-24 05:42:34.749663 UTC,2023-07-24 05:48:59.749663 UTC
11628343,35,9802,2024-03-19 04:02:18.628451 UTC,2024-03-19 04:09:00.628451 UTC
2951088,35,3348,2023-10-25 10:07:18.81691 UTC,2023-10-25 10:17:18.81691 UTC
12863436,35,8348,2024-06-09 12:21:18.628451 UTC,2024-06-09 12:23:49.628451 UTC
10531578,35,3372,2024-01-06 01:18:18.628451 UTC,2024-01-06 01:23:46.628451 UTC
9845784,35,4143,2023-08-05 22:04:18.628451 UTC,2023-08-05 22:11:01.628451 UTC
10825481,35,6522,2024-01-25 15:41:18.628451 UTC,2024-01-25 15:47:41.628451 UTC
11781000,35,4904,2024-03-29 08:03:18.628451 UTC,2024-03-29 08:12:12.628451 UTC
1978367,35,5230,2023-11-15 03:59:58.052641 UTC,2023-11-15 04:10:56.052641 UTC
4838787,35,1687,2023-08-01 02:31:19.789965 UTC,2023-08-01 02:40:17.789965 UTC
11286810,35,2939,2024-02-25 09:25:18.628451 UTC,2024-02-25 09:37:28.628451 UTC
12319900,35,10548,2024-05-04 05:28:18.628451 UTC,2024-05-04 05:33:48.628451 UTC
12369812,35,7786,2024-05-07 13:15:18.628451 UTC,2024-05-07 13:20:26.628451 UTC
5918043,35,8073,2023-09-30 13:39:46.226714 UTC,2023-09-30 13:41:14.226714 UTC
10313352,35,607,2023-12-22 13:02:18.628451 UTC,2023-12-22 13:14:35.628451 UTC
6852788,35,1746,2023-08-11 09:34:33.269681 UTC,2023-08-11 09:44:37.269681 UTC
3852923,35,6795,2023-08-12 02:01:30.719616 UTC,2023-08-12 02:07:22.719616 UTC
11088977,35,2117,2024-02-12 05:32:18.628451 UTC,2024-02-12 05:42:02.628451 UTC
6892265,35,9663,2023-09-10 15:04:33.269681 UTC,2023-09-10 15:08:15.269681 UTC
4833347,35,4878,2023-07-28 01:33:19.789965 UTC,2023-07-28 01:44:27.789965 UTC
11311955,35,7438,2024-02-27 01:49:18.628451 UTC,2024-02-27 01:55:21.628451 UTC
1857124,35,3205,2023-08-15 03:33:58.052641 UTC,2023-08-15 03:42:36.052641 UTC
10748038,35,7782,2024-01-20 12:15:18.628451 UTC,2024-01-20 12:26:54.628451 UTC
11727901,35,1897,2024-03-25 19:31:18.628451 UTC,2024-03-25 19:40:33.628451 UTC
12182804,35,7090,2024-04-25 01:46:18.628451 UTC,2024-04-25 01:50:15.628451 UTC
6870143,35,573,2023-08-24 16:06:33.269681 UTC,2023-08-24 16:14:42.269681 UTC
10517788,35,2813,2024-01-05 02:57:18.628451 UTC,2024-01-05 03:00:10.628451 UTC
12747935,35,3725,2024-06-01 19:20:18.628451 UTC,2024-06-01 19:20:53.628451 UTC
3846162,35,6822,2023-08-06 20:32:30.719616 UTC,2023-08-06 20:41:47.719616 UTC
12978025,35,1051,2024-06-17 03:43:18.628451 UTC,2024-06-17 03:44:34.628451 UTC
9942450,35,4009,2023-10-18 17:49:18.628451 UTC,2023-10-18 17:57:30.628451 UTC
12202537,35,8471,2024-04-26 09:30:18.628451 UTC,2024-04-26 09:32:03.628451 UTC
13276075,35,4024,2024-07-06 23:51:18.628451 UTC,2024-07-06 23:56:55.628451 UTC
4977777,35,218,2023-11-14 15:46:19.789965 UTC,2023-11-14 15:52:11.789965 UTC
12348676,35,4694,2024-05-06 03:32:18.628451 UTC,2024-05-06 03:45:42.628451 UTC
10072224,35,525,2023-12-06 10:08:18.628451 UTC,2023-12-06 10:22:28.628451 UTC
10508334,35,7904,2024-01-04 11:45:18.628451 UTC,2024-01-04 11:59:02.628451 UTC
7911463,35,9113,2023-09-25 09:41:10.93634 UTC,2023-09-25 09:50:36.93634 UTC
7948769,35,7539,2023-10-23 16:37:10.93634 UTC,2023-10-23 16:42:41.93634 UTC
9945396,35,10442,2023-10-21 01:21:18.628451 UTC,2023-10-21 01:26:38.628451 UTC
13116000,35,3410,2024-06-26 08:37:18.628451 UTC,2024-06-26 08:46:19.628451 UTC
11843061,35,8892,2024-04-02 11:53:18.628451 UTC,2024-04-02 12:04:23.628451 UTC
12128409,35,6450,2024-04-21 11:26:18.628451 UTC,2024-04-21 11:36:47.628451 UTC
10107768,35,5987,2023-12-08 19:03:18.628451 UTC,2023-12-08 19:04:45.628451 UTC
8909035,35,10697,2023-09-23 05:18:34.749663 UTC,2023-09-23 05:28:17.749663 UTC
10268844,35,10424,2023-12-19 14:00:18.628451 UTC,2023-12-19 14:05:48.628451 UTC
5897925,35,5828,2023-09-15 02:40:46.226714 UTC,2023-09-15 02:50:58.226714 UTC
11575899,35,7248,2024-03-15 16:10:18.628451 UTC,2024-03-15 16:24:40.628451 UTC
12180302,35,8512,2024-04-24 21:42:18.628451 UTC,2024-04-24 21:47:04.628451 UTC
11418306,35,2391,2024-03-05 03:33:18.628451 UTC,2024-03-05 03:42:46.628451 UTC
10269735,35,7699,2023-12-19 15:28:18.628451 UTC,2023-12-19 15:29:20.628451 UTC
13337314,35,10256,2024-07-11 02:08:18.628451 UTC,2024-07-11 02:16:22.628451 UTC
12709584,35,2610,2024-05-30 05:42:18.628451 UTC,2024-05-30 05:49:38.628451 UTC
923807,35,9112,2023-10-04 16:42:47.952295 UTC,2023-10-04 16:49:21.952295 UTC
5988593,35,4077,2023-11-23 00:24:46.226714 UTC,2023-11-23 00:28:59.226714 UTC
10972896,35,5780,2024-02-04 11:05:18.628451 UTC,2024-02-04 11:06:18.628451 UTC
10229825,35,1409,2023-12-16 23:37:18.628451 UTC,2023-12-16 23:47:52.628451 UTC
12111550,35,3616,2024-04-20 08:35:18.628451 UTC,2024-04-20 08:46:58.628451 UTC
13445491,35,4038,2024-07-18 06:56:18.628451 UTC,2024-07-18 07:07:22.628451 UTC
11055527,35,5083,2024-02-09 23:42:18.628451 UTC,2024-02-09 23:50:14.628451 UTC
11827581,35,9198,2024-04-01 11:12:18.628451 UTC,2024-04-01 11:20:22.628451 UTC
11869090,35,9279,2024-04-04 05:29:18.628451 UTC,2024-04-04 05:29:48.628451 UTC
8880345,35,5720,2023-09-01 08:28:34.749663 UTC,2023-09-01 08:29:07.749663 UTC
11127962,35,10380,2024-02-14 19:36:18.628451 UTC,2024-02-14 19:39:18.628451 UTC
12873949,35,1329,2024-06-10 05:27:18.628451 UTC,2024-06-10 05:33:12.628451 UTC
10174393,35,5323,2023-12-13 06:30:18.628451 UTC,2023-12-13 06:36:00.628451 UTC
5991817,35,5969,2023-11-25 11:35:46.226714 UTC,2023-11-25 11:37:07.226714 UTC
13032916,35,6089,2024-06-20 19:36:18.628451 UTC,2024-06-20 19:45:03.628451 UTC
9959513,35,834,2023-10-31 19:11:18.628451 UTC,2023-10-31 19:23:55.628451 UTC
11672642,35,5917,2024-03-22 02:57:18.628451 UTC,2024-03-22 03:04:39.628451 UTC
12897767,35,715,2024-06-11 19:11:18.628451 UTC,2024-06-11 19:12:28.628451 UTC
12360207,35,9639,2024-05-06 21:58:18.628451 UTC,2024-05-06 22:12:01.628451 UTC
10809411,35,3110,2024-01-24 14:04:18.628451 UTC,2024-01-24 14:10:52.628451 UTC
12642662,35,3387,2024-05-25 18:15:18.628451 UTC,2024-05-25 18:30:16.628451 UTC
12830352,35,1347,2024-06-07 06:49:18.628451 UTC,2024-06-07 06:54:25.628451 UTC
12200967,35,10470,2024-04-26 07:01:18.628451 UTC,2024-04-26 07:10:50.628451 UTC
12826105,35,4684,2024-06-07 00:08:18.628451 UTC,2024-06-07 00:21:25.628451 UTC
10274675,35,766,2023-12-19 23:18:18.628451 UTC,2023-12-19 23:31:00.628451 UTC
11338580,35,5203,2024-02-28 20:35:18.628451 UTC,2024-02-28 20:46:03.628451 UTC
10186546,35,8659,2023-12-14 01:54:18.628451 UTC,2023-12-14 02:08:35.628451 UTC
12479147,35,3322,2024-05-14 20:51:18.628451 UTC,2024-05-14 20:56:02.628451 UTC
12476584,36,8059,2024-05-14 16:50:18.628451 UTC,2024-05-14 16:52:57.628451 UTC
10855648,36,7109,2024-01-27 16:09:18.628451 UTC,2024-01-27 16:10:17.628451 UTC
11507940,36,2214,2024-03-11 03:24:18.628451 UTC,2024-03-11 03:35:34.628451 UTC
2937807,36,8193,2023-10-15 06:20:18.81691 UTC,2023-10-15 06:26:36.81691 UTC
6877268,36,7252,2023-08-30 03:14:33.269681 UTC,2023-08-30 03:24:14.269681 UTC
12070615,36,2993,2024-04-17 14:38:18.628451 UTC,2024-04-17 14:52:20.628451 UTC
10566404,36,10640,2024-01-08 09:02:18.628451 UTC,2024-01-08 09:15:08.628451 UTC
12598055,36,1454,2024-05-22 18:21:18.628451 UTC,2024-05-22 18:32:41.628451 UTC
10238719,36,3649,2023-12-17 14:01:18.628451 UTC,2023-12-17 14:03:26.628451 UTC
12637711,36,1088,2024-05-25 10:13:18.628451 UTC,2024-05-25 10:17:27.628451 UTC
11413903,36,3771,2024-03-04 20:49:18.628451 UTC,2024-03-04 21:02:51.628451 UTC
11839068,36,869,2024-04-02 05:32:18.628451 UTC,2024-04-02 05:46:56.628451 UTC
10390249,36,7447,2023-12-27 16:09:18.628451 UTC,2023-12-27 16:15:34.628451 UTC
11062813,36,10389,2024-02-10 11:34:18.628451 UTC,2024-02-10 11:45:42.628451 UTC
12950863,36,1877,2024-06-15 08:13:18.628451 UTC,2024-06-15 08:23:56.628451 UTC
10087137,36,1578,2023-12-07 09:47:18.628451 UTC,2023-12-07 09:56:03.628451 UTC
7962699,36,10259,2023-11-03 05:31:10.93634 UTC,2023-11-03 05:32:40.93634 UTC
12388431,36,2467,2024-05-08 19:09:18.628451 UTC,2024-05-08 19:09:20.628451 UTC
12793877,36,1485,2024-06-04 21:02:18.628451 UTC,2024-06-04 21:07:35.628451 UTC
12254577,36,5524,2024-04-29 20:50:18.628451 UTC,2024-04-29 21:02:37.628451 UTC
905340,36,2105,2023-09-20 13:51:47.952295 UTC,2023-09-20 13:57:45.952295 UTC
11766403,36,6037,2024-03-28 08:41:18.628451 UTC,2024-03-28 08:42:42.628451 UTC
12868947,36,2704,2024-06-09 21:18:18.628451 UTC,2024-06-09 21:24:04.628451 UTC
1976378,36,8151,2023-11-13 15:57:58.052641 UTC,2023-11-13 16:12:14.052641 UTC
11293370,36,8564,2024-02-25 20:05:18.628451 UTC,2024-02-25 20:09:49.628451 UTC
10249901,36,2323,2023-12-18 07:44:18.628451 UTC,2023-12-18 07:51:05.628451 UTC
10857681,36,9510,2024-01-27 19:20:18.628451 UTC,2024-01-27 19:33:01.628451 UTC
11247976,36,6326,2024-02-22 19:40:18.628451 UTC,2024-02-22 19:46:26.628451 UTC
11688732,36,4239,2024-03-23 04:46:18.628451 UTC,2024-03-23 04:52:10.628451 UTC
13095568,36,9828,2024-06-25 00:07:18.628451 UTC,2024-06-25 00:17:24.628451 UTC
9903834,36,4336,2023-09-19 10:56:18.628451 UTC,2023-09-19 10:56:51.628451 UTC
9878659,36,5821,2023-08-31 01:05:18.628451 UTC,2023-08-31 01:11:01.628451 UTC
10088172,36,5485,2023-12-07 11:29:18.628451 UTC,2023-12-07 11:38:56.628451 UTC
12463492,36,9073,2024-05-13 19:34:18.628451 UTC,2024-05-13 19:44:57.628451 UTC
12243616,36,10473,2024-04-29 03:07:18.628451 UTC,2024-04-29 03:11:53.628451 UTC
7921509,36,330,2023-10-03 01:35:10.93634 UTC,2023-10-03 01:45:15.93634 UTC
10816646,36,10393,2024-01-25 01:25:18.628451 UTC,2024-01-25 01:35:45.628451 UTC
5959984,36,6554,2023-11-01 05:02:46.226714 UTC,2023-11-01 05:16:43.226714 UTC
5845003,36,1906,2023-08-05 23:07:46.226714 UTC,2023-08-05 23:09:32.226714 UTC
13169038,36,10635,2024-06-29 21:30:18.628451 UTC,2024-06-29 21:41:25.628451 UTC
6968591,36,3089,2023-11-07 20:39:33.269681 UTC,2023-11-07 20:40:39.269681 UTC
12053400,36,3354,2024-04-16 11:10:18.628451 UTC,2024-04-16 11:19:20.628451 UTC
4914505,36,4956,2023-09-27 21:10:19.789965 UTC,2023-09-27 21:25:17.789965 UTC
11340502,36,9448,2024-02-28 23:41:18.628451 UTC,2024-02-28 23:51:13.628451 UTC
12472651,36,364,2024-05-14 10:24:18.628451 UTC,2024-05-14 10:27:15.628451 UTC
10645274,36,5120,2024-01-13 15:37:18.628451 UTC,2024-01-13 15:46:54.628451 UTC
6853798,36,7326,2023-08-12 03:21:33.269681 UTC,2023-08-12 03:24:07.269681 UTC
10124376,36,8149,2023-12-09 21:44:18.628451 UTC,2023-12-09 21:52:49.628451 UTC
11497458,36,7527,2024-03-10 10:36:18.628451 UTC,2024-03-10 10:45:26.628451 UTC
12621695,36,1671,2024-05-24 08:24:18.628451 UTC,2024-05-24 08:39:06.628451 UTC
13497834,36,9114,2024-07-21 19:03:18.628451 UTC,2024-07-21 19:07:52.628451 UTC
10093804,36,6683,2023-12-07 20:35:18.628451 UTC,2023-12-07 20:45:37.628451 UTC
11571230,36,5600,2024-03-15 08:39:18.628451 UTC,2024-03-15 08:46:38.628451 UTC
6874604,36,6259,2023-08-28 01:22:33.269681 UTC,2023-08-28 01:28:58.269681 UTC
13109107,36,5108,2024-06-25 21:30:18.628451 UTC,2024-06-25 21:31:20.628451 UTC
11773330,36,934,2024-03-28 19:51:18.628451 UTC,2024-03-28 20:02:44.628451 UTC
12724905,36,7154,2024-05-31 06:37:18.628451 UTC,2024-05-31 06:42:05.628451 UTC
12738247,36,2052,2024-06-01 03:57:18.628451 UTC,2024-06-01 03:59:19.628451 UTC
13342151,36,8710,2024-07-11 09:52:18.628451 UTC,2024-07-11 09:56:41.628451 UTC
1938802,36,8206,2023-10-16 03:08:58.052641 UTC,2023-10-16 03:11:21.052641 UTC
11387434,36,6478,2024-03-03 02:39:18.628451 UTC,2024-03-03 02:42:29.628451 UTC
10502865,36,371,2024-01-04 02:57:18.628451 UTC,2024-01-04 03:09:32.628451 UTC
10301707,36,3259,2023-12-21 18:45:18.628451 UTC,2023-12-21 18:57:17.628451 UTC
10794473,36,5365,2024-01-23 14:04:18.628451 UTC,2024-01-23 14:17:24.628451 UTC
8843559,36,85,2023-08-04 13:39:34.749663 UTC,2023-08-04 13:52:43.749663 UTC
10331294,36,459,2023-12-23 17:42:18.628451 UTC,2023-12-23 17:45:31.628451 UTC
4903312,36,3165,2023-09-19 12:16:19.789965 UTC,2023-09-19 12:24:42.789965 UTC
7979056,36,5058,2023-11-15 14:14:10.93634 UTC,2023-11-15 14:14:24.93634 UTC
969246,36,4647,2023-11-08 05:24:47.952295 UTC,2023-11-08 05:34:51.952295 UTC
13034035,36,4599,2024-06-20 21:23:18.628451 UTC,2024-06-20 21:29:19.628451 UTC
10686224,36,10511,2024-01-16 09:33:18.628451 UTC,2024-01-16 09:44:37.628451 UTC
4982528,36,5500,2023-11-18 06:26:19.789965 UTC,2023-11-18 06:32:04.789965 UTC
2962119,36,208,2023-11-02 20:07:18.81691 UTC,2023-11-02 20:19:08.81691 UTC
2898405,36,5135,2023-09-15 04:09:18.81691 UTC,2023-09-15 04:09:38.81691 UTC
3936355,36,10687,2023-10-14 10:28:30.719616 UTC,2023-10-14 10:29:30.719616 UTC
10058113,36,8576,2023-12-05 11:55:18.628451 UTC,2023-12-05 12:05:00.628451 UTC
13454404,36,1052,2024-07-18 21:18:18.628451 UTC,2024-07-18 21:21:29.628451 UTC
6877538,36,2127,2023-08-30 07:43:33.269681 UTC,2023-08-30 07:50:57.269681 UTC
3985031,36,546,2023-11-20 07:57:30.719616 UTC,2023-11-20 08:00:54.719616 UTC
10822661,36,9701,2024-01-25 11:06:18.628451 UTC,2024-01-25 11:17:16.628451 UTC
12200860,36,1918,2024-04-26 06:51:18.628451 UTC,2024-04-26 06:52:38.628451 UTC
12840930,36,7353,2024-06-07 23:57:18.628451 UTC,2024-06-08 00:04:52.628451 UTC
12950769,36,2680,2024-06-15 08:04:18.628451 UTC,2024-06-15 08:14:12.628451 UTC
12610150,36,3128,2024-05-23 13:52:18.628451 UTC,2024-05-23 13:52:58.628451 UTC
10678746,36,1911,2024-01-15 21:35:18.628451 UTC,2024-01-15 21:49:20.628451 UTC
5949959,36,4269,2023-10-24 15:15:46.226714 UTC,2023-10-24 15:23:45.226714 UTC
12465258,36,8057,2024-05-13 22:19:18.628451 UTC,2024-05-13 22:22:56.628451 UTC
928607,36,6608,2023-10-08 08:13:47.952295 UTC,2023-10-08 08:14:53.952295 UTC
12094980,36,1676,2024-04-19 06:01:18.628451 UTC,2024-04-19 06:01:40.628451 UTC
2998248,36,970,2023-11-30 06:01:18.81691 UTC,2023-11-30 06:05:33.81691 UTC
12390769,36,2285,2024-05-08 22:53:18.628451 UTC,2024-05-08 22:59:44.628451 UTC
842133,36,6569,2023-08-03 09:51:47.952295 UTC,2023-08-03 10:05:23.952295 UTC
11455896,36,7,2024-03-07 15:32:18.628451 UTC,2024-03-07 15:37:25.628451 UTC
11227388,36,2607,2024-02-21 10:56:18.628451 UTC,2024-02-21 11:02:54.628451 UTC
8889720,36,8870,2023-09-08 11:49:34.749663 UTC,2023-09-08 12:04:31.749663 UTC
10380061,36,5393,2023-12-26 23:39:18.628451 UTC,2023-12-26 23:46:16.628451 UTC
12138612,36,2421,2024-04-22 03:48:18.628451 UTC,2024-04-22 03:56:49.628451 UTC
12123726,36,3856,2024-04-21 03:50:18.628451 UTC,2024-04-21 03:56:29.628451 UTC
9969343,36,7503,2023-11-08 06:28:18.628451 UTC,2023-11-08 06:40:48.628451 UTC
12894025,36,3396,2024-06-11 13:04:18.628451 UTC,2024-06-11 13:11:44.628451 UTC
10867413,36,3958,2024-01-28 10:50:18.628451 UTC,2024-01-28 10:57:22.628451 UTC
8994405,36,970,2023-11-27 07:54:34.749663 UTC,2023-11-27 08:09:28.749663 UTC
2941847,36,1731,2023-10-18 07:37:18.81691 UTC,2023-10-18 07:40:09.81691 UTC
6876578,36,6876,2023-08-29 14:14:33.269681 UTC,2023-08-29 14:18:01.269681 UTC
12656343,36,5192,2024-05-26 16:17:18.628451 UTC,2024-05-26 16:32:03.628451 UTC
1901783,36,9453,2023-09-17 23:23:58.052641 UTC,2023-09-17 23:30:50.052641 UTC
10106877,36,1698,2023-12-08 17:34:18.628451 UTC,2023-12-08 17:37:02.628451 UTC
4879113,36,1683,2023-09-01 01:19:19.789965 UTC,2023-09-01 01:25:58.789965 UTC
10451925,36,2033,2023-12-31 18:14:18.628451 UTC,2023-12-31 18:27:40.628451 UTC
13103511,37,7885,2024-06-25 12:40:18.628451 UTC,2024-06-25 12:45:30.628451 UTC
10465685,37,6755,2024-01-01 16:11:18.628451 UTC,2024-01-01 16:20:34.628451 UTC
12321796,37,8307,2024-05-04 08:30:18.628451 UTC,2024-05-04 08:40:39.628451 UTC
12084902,37,893,2024-04-18 13:53:18.628451 UTC,2024-04-18 14:05:10.628451 UTC
11962006,37,712,2024-04-10 09:45:18.628451 UTC,2024-04-10 09:57:19.628451 UTC
9909401,37,1779,2023-09-23 16:20:18.628451 UTC,2023-09-23 16:26:23.628451 UTC
11702567,37,1788,2024-03-24 02:41:18.628451 UTC,2024-03-24 02:51:55.628451 UTC
1979117,37,2783,2023-11-15 18:04:58.052641 UTC,2023-11-15 18:11:29.052641 UTC
9993117,37,10523,2023-11-26 10:41:18.628451 UTC,2023-11-26 10:42:45.628451 UTC
9983283,37,7963,2023-11-18 23:40:18.628451 UTC,2023-11-18 23:55:13.628451 UTC
11986640,37,6189,2024-04-12 01:13:18.628451 UTC,2024-04-12 01:14:45.628451 UTC
12934275,37,5372,2024-06-14 05:38:18.628451 UTC,2024-06-14 05:43:05.628451 UTC
2983017,37,5327,2023-11-18 14:02:18.81691 UTC,2023-11-18 14:07:57.81691 UTC
8990295,37,8958,2023-11-24 03:52:34.749663 UTC,2023-11-24 04:03:08.749663 UTC
10324095,37,5927,2023-12-23 06:10:18.628451 UTC,2023-12-23 06:21:41.628451 UTC
12605048,37,3982,2024-05-23 05:29:18.628451 UTC,2024-05-23 05:29:19.628451 UTC
13355202,37,631,2024-07-12 06:36:18.628451 UTC,2024-07-12 06:40:28.628451 UTC
12470224,37,2007,2024-05-14 06:35:18.628451 UTC,2024-05-14 06:39:53.628451 UTC
12606776,37,9875,2024-05-23 08:15:18.628451 UTC,2024-05-23 08:22:02.628451 UTC
10783992,37,3193,2024-01-22 21:22:18.628451 UTC,2024-01-22 21:28:22.628451 UTC
4888188,37,5193,2023-09-07 22:22:19.789965 UTC,2023-09-07 22:33:19.789965 UTC
958330,37,7523,2023-10-31 02:01:47.952295 UTC,2023-10-31 02:15:04.952295 UTC
11628216,37,4860,2024-03-19 03:50:18.628451 UTC,2024-03-19 03:52:04.628451 UTC
12820455,37,1183,2024-06-06 15:04:18.628451 UTC,2024-06-06 15:04:49.628451 UTC
2879001,37,4448,2023-08-31 12:18:18.81691 UTC,2023-08-31 12:26:15.81691 UTC
10238342,37,8459,2023-12-17 13:24:18.628451 UTC,2023-12-17 13:38:42.628451 UTC
4874945,37,2411,2023-08-28 21:04:19.789965 UTC,2023-08-28 21:11:44.789965 UTC
11482062,37,1775,2024-03-09 09:53:18.628451 UTC,2024-03-09 09:54:46.628451 UTC
3838616,37,3373,2023-08-01 05:27:30.719616 UTC,2023-08-01 05:39:43.719616 UTC
13156037,37,1046,2024-06-29 00:47:18.628451 UTC,2024-06-29 00:51:12.628451 UTC
12849910,37,6573,2024-06-08 14:31:18.628451 UTC,2024-06-08 14:40:07.628451 UTC
10471377,37,4204,2024-01-02 01:07:18.628451 UTC,2024-01-02 01:08:11.628451 UTC
11345217,37,4564,2024-02-29 07:02:18.628451 UTC,2024-02-29 07:16:55.628451 UTC
6970321,37,6183,2023-11-09 04:22:33.269681 UTC,2023-11-09 04:27:06.269681 UTC
12592066,37,7925,2024-05-22 08:46:18.628451 UTC,2024-05-22 08:59:36.628451 UTC
12128670,37,4375,2024-04-21 11:54:18.628451 UTC,2024-04-21 12:08:01.628451 UTC
12232587,37,1819,2024-04-28 09:28:18.628451 UTC,2024-04-28 09:28:34.628451 UTC
12546660,37,1873,2024-05-19 08:45:18.628451 UTC,2024-05-19 08:47:45.628451 UTC
1899296,37,2406,2023-09-16 03:12:58.052641 UTC,2023-09-16 03:22:24.052641 UTC
11504605,37,7969,2024-03-10 21:56:18.628451 UTC,2024-03-10 22:02:52.628451 UTC
11634047,37,10360,2024-03-19 13:17:18.628451 UTC,2024-03-19 13:26:18.628451 UTC
9943195,37,10685,2023-10-19 07:38:18.628451 UTC,2023-10-19 07:40:05.628451 UTC
11362895,37,6167,2024-03-01 11:16:18.628451 UTC,2024-03-01 11:30:44.628451 UTC
984581,37,6206,2023-11-19 20:53:47.952295 UTC,2023-11-19 21:02:43.952295 UTC
7988745,37,91,2023-11-23 01:09:10.93634 UTC,2023-11-23 01:12:22.93634 UTC
5844418,37,7348,2023-08-05 11:39:46.226714 UTC,2023-08-05 11:48:28.226714 UTC
10454291,37,3268,2023-12-31 21:55:18.628451 UTC,2023-12-31 22:09:15.628451 UTC
10128369,37,3473,2023-12-10 04:08:18.628451 UTC,2023-12-10 04:12:16.628451 UTC
8939519,37,1768,2023-10-16 06:11:34.749663 UTC,2023-10-16 06:23:01.749663 UTC
3919241,37,1216,2023-10-01 09:23:30.719616 UTC,2023-10-01 09:26:01.719616 UTC
4859469,37,8799,2023-08-17 00:06:19.789965 UTC,2023-08-17 00:09:47.789965 UTC
11682046,37,129,2024-03-22 18:03:18.628451 UTC,2024-03-22 18:15:33.628451 UTC
8929788,37,10103,2023-10-08 21:21:34.749663 UTC,2023-10-08 21:33:47.749663 UTC
9905554,37,4858,2023-09-20 18:19:18.628451 UTC,2023-09-20 18:32:39.628451 UTC
7990693,37,6480,2023-11-24 13:45:10.93634 UTC,2023-11-24 13:45:58.93634 UTC
5989870,37,1810,2023-11-24 00:33:46.226714 UTC,2023-11-24 00:43:36.226714 UTC
10240528,37,5121,2023-12-17 16:57:18.628451 UTC,2023-12-17 17:10:27.628451 UTC
983901,37,10289,2023-11-19 08:51:47.952295 UTC,2023-11-19 08:52:46.952295 UTC
4883140,37,5239,2023-09-04 02:45:19.789965 UTC,2023-09-04 02:52:07.789965 UTC
10433513,37,7464,2023-12-30 12:41:18.628451 UTC,2023-12-30 12:51:22.628451 UTC
1994913,37,6184,2023-11-27 18:14:58.052641 UTC,2023-11-27 18:15:14.052641 UTC
12061787,37,9689,2024-04-17 00:27:18.628451 UTC,2024-04-17 00:29:11.628451 UTC
12087600,37,7871,2024-04-18 18:20:18.628451 UTC,2024-04-18 18:32:15.628451 UTC
10606643,37,189,2024-01-11 01:38:18.628451 UTC,2024-01-11 01:44:22.628451 UTC
12949793,37,9097,2024-06-15 06:29:18.628451 UTC,2024-06-15 06:30:09.628451 UTC
10373868,37,6459,2023-12-26 13:31:18.628451 UTC,2023-12-26 13:34:30.628451 UTC
10759028,37,4264,2024-01-21 06:00:18.628451 UTC,2024-01-21 06:02:47.628451 UTC
10422175,37,6210,2023-12-29 18:51:18.628451 UTC,2023-12-29 18:58:31.628451 UTC
4908321,37,9975,2023-09-23 05:19:19.789965 UTC,2023-09-23 05:27:33.789965 UTC
2912721,37,7332,2023-09-26 04:45:18.81691 UTC,2023-09-26 04:54:20.81691 UTC
11029020,37,6710,2024-02-08 05:09:18.628451 UTC,2024-02-08 05:19:40.628451 UTC
11000841,37,7904,2024-02-06 07:55:18.628451 UTC,2024-02-06 08:10:10.628451 UTC
10691217,37,2311,2024-01-16 17:32:18.628451 UTC,2024-01-16 17:44:01.628451 UTC
9992819,37,6565,2023-11-26 04:58:18.628451 UTC,2023-11-26 05:07:51.628451 UTC
11885073,37,1291,2024-04-05 07:13:18.628451 UTC,2024-04-05 07:22:57.628451 UTC
2847727,37,9426,2023-08-08 01:06:18.81691 UTC,2023-08-08 01:15:35.81691 UTC
1915025,37,8833,2023-09-28 00:30:58.052641 UTC,2023-09-28 00:33:53.052641 UTC
13474759,37,10521,2024-07-20 05:49:18.628451 UTC,2024-07-20 05:57:35.628451 UTC
7839076,37,5169,2023-08-01 13:34:10.93634 UTC,2023-08-01 13:43:10.93634 UTC
11387453,37,9597,2024-03-03 02:42:18.628451 UTC,2024-03-03 02:44:39.628451 UTC
11244172,37,8644,2024-02-22 13:33:18.628451 UTC,2024-02-22 13:44:33.628451 UTC
6972816,37,10455,2023-11-11 01:43:33.269681 UTC,2023-11-11 01:57:07.269681 UTC
9883756,37,8008,2023-09-03 23:19:18.628451 UTC,2023-09-03 23:19:20.628451 UTC
11258266,37,3445,2024-02-23 12:14:18.628451 UTC,2024-02-23 12:16:56.628451 UTC
12425798,37,10385,2024-05-11 07:07:18.628451 UTC,2024-05-11 07:20:25.628451 UTC
12425977,37,8547,2024-05-11 07:25:18.628451 UTC,2024-05-11 07:38:30.628451 UTC
10226563,37,6568,2023-12-16 18:24:18.628451 UTC,2023-12-16 18:27:03.628451 UTC
8976425,37,1633,2023-11-13 14:15:34.749663 UTC,2023-11-13 14:19:23.749663 UTC
11474500,37,4553,2024-03-08 21:39:18.628451 UTC,2024-03-08 21:52:04.628451 UTC
10862086,37,425,2024-01-28 02:24:18.628451 UTC,2024-01-28 02:31:51.628451 UTC
12371282,37,6374,2024-05-07 15:34:18.628451 UTC,2024-05-07 15:45:22.628451 UTC
11185326,37,5061,2024-02-18 15:29:18.628451 UTC,2024-02-18 15:42:24.628451 UTC
11395746,37,7570,2024-03-03 15:46:18.628451 UTC,2024-03-03 15:54:15.628451 UTC
9922835,37,872,2023-10-03 19:48:18.628451 UTC,2023-10-03 19:48:43.628451 UTC
11681974,37,9521,2024-03-22 17:55:18.628451 UTC,2024-03-22 17:58:57.628451 UTC
6864108,37,7080,2023-08-20 02:57:33.269681 UTC,2023-08-20 02:57:57.269681 UTC
10123064,37,841,2023-12-09 19:37:18.628451 UTC,2023-12-09 19:40:25.628451 UTC
8941687,37,4509,2023-10-17 23:02:34.749663 UTC,2023-10-17 23:06:58.749663 UTC
11527484,37,9235,2024-03-12 10:30:18.628451 UTC,2024-03-12 10:30:44.628451 UTC
7937997,37,4801,2023-10-15 13:06:10.93634 UTC,2023-10-15 13:18:30.93634 UTC
12971055,37,2333,2024-06-16 16:30:18.628451 UTC,2024-06-16 16:30:50.628451 UTC
10744511,37,7700,2024-01-20 06:43:18.628451 UTC,2024-01-20 06:49:06.628451 UTC
12905743,37,2031,2024-06-12 07:59:18.628451 UTC,2024-06-12 08:06:53.628451 UTC
11150204,37,6468,2024-02-16 06:52:18.628451 UTC,2024-02-16 07:00:50.628451 UTC
13133998,37,9689,2024-06-27 13:37:18.628451 UTC,2024-06-27 13:49:04.628451 UTC
10526771,37,10506,2024-01-05 17:31:18.628451 UTC,2024-01-05 17:45:41.628451 UTC
1949424,37,2889,2023-10-24 03:36:58.052641 UTC,2023-10-24 03:51:29.052641 UTC
966989,37,9305,2023-11-06 13:21:47.952295 UTC,2023-11-06 13:27:49.952295 UTC
5889987,37,5597,2023-09-09 01:12:46.226714 UTC,2023-09-09 01:25:55.226714 UTC
4951917,37,8278,2023-10-25 23:13:19.789965 UTC,2023-10-25 23:17:25.789965 UTC
12102149,37,1554,2024-04-19 17:39:18.628451 UTC,2024-04-19 17:46:24.628451 UTC
12750895,37,4481,2024-06-02 00:07:18.628451 UTC,2024-06-02 00:08:19.628451 UTC
4882733,37,2944,2023-09-03 19:59:19.789965 UTC,2023-09-03 20:03:45.789965 UTC
3841567,37,8218,2023-08-03 09:52:30.719616 UTC,2023-08-03 10:01:25.719616 UTC
13469079,37,6603,2024-07-19 20:41:18.628451 UTC,2024-07-19 20:45:19.628451 UTC
6878097,37,5860,2023-08-30 17:54:33.269681 UTC,2023-08-30 17:59:57.269681 UTC
10301510,37,2783,2023-12-21 18:26:18.628451 UTC,2023-12-21 18:32:40.628451 UTC
11701065,37,8524,2024-03-24 00:14:18.628451 UTC,2024-03-24 00:23:56.628451 UTC
12752972,38,5866,2024-06-02 03:24:18.628451 UTC,2024-06-02 03:31:51.628451 UTC
11975727,38,2529,2024-04-11 07:31:18.628451 UTC,2024-04-11 07:34:19.628451 UTC
10778967,38,2669,2024-01-22 13:24:18.628451 UTC,2024-01-22 13:25:29.628451 UTC
10587928,38,619,2024-01-09 19:35:18.628451 UTC,2024-01-09 19:50:12.628451 UTC
13523515,38,9192,2024-07-23 11:54:18.628451 UTC,2024-07-23 11:57:54.628451 UTC
3959474,38,7482,2023-10-31 19:47:30.719616 UTC,2023-10-31 19:48:01.719616 UTC
12869756,38,10201,2024-06-09 22:36:18.628451 UTC,2024-06-09 22:47:44.628451 UTC
11277176,38,2479,2024-02-24 18:04:18.628451 UTC,2024-02-24 18:15:37.628451 UTC
9954722,38,3861,2023-10-28 02:18:18.628451 UTC,2023-10-28 02:24:40.628451 UTC
10834448,38,6737,2024-01-26 05:52:18.628451 UTC,2024-01-26 06:05:55.628451 UTC
12858112,38,8339,2024-06-09 03:34:18.628451 UTC,2024-06-09 03:35:02.628451 UTC
7952927,38,3134,2023-10-26 18:11:10.93634 UTC,2023-10-26 18:16:18.93634 UTC
12742815,38,8470,2024-06-01 11:07:18.628451 UTC,2024-06-01 11:09:19.628451 UTC
5843181,38,6416,2023-08-04 12:23:46.226714 UTC,2023-08-04 12:26:36.226714 UTC
12355462,38,6940,2024-05-06 14:31:18.628451 UTC,2024-05-06 14:34:17.628451 UTC
13052449,38,3476,2024-06-22 03:05:18.628451 UTC,2024-06-22 03:06:14.628451 UTC
12110655,38,10429,2024-04-20 07:06:18.628451 UTC,2024-04-20 07:11:34.628451 UTC
12876832,38,2897,2024-06-10 10:00:18.628451 UTC,2024-06-10 10:01:11.628451 UTC
12046180,38,3831,2024-04-15 23:40:18.628451 UTC,2024-04-15 23:46:05.628451 UTC
12941391,38,2340,2024-06-14 17:03:18.628451 UTC,2024-06-14 17:15:30.628451 UTC
11261019,38,8116,2024-02-23 16:25:18.628451 UTC,2024-02-23 16:38:09.628451 UTC
11221546,38,3657,2024-02-21 01:22:18.628451 UTC,2024-02-21 01:28:25.628451 UTC
5837951,38,1432,2023-07-31 11:08:46.226714 UTC,2023-07-31 11:18:41.226714 UTC
10497036,38,540,2024-01-03 17:42:18.628451 UTC,2024-01-03 17:49:41.628451 UTC
12832148,38,1814,2024-06-07 09:46:18.628451 UTC,2024-06-07 09:46:25.628451 UTC
11074516,38,10007,2024-02-11 06:09:18.628451 UTC,2024-02-11 06:19:14.628451 UTC
13514536,38,4763,2024-07-22 21:39:18.628451 UTC,2024-07-22 21:39:54.628451 UTC
5895047,38,2094,2023-09-12 22:06:46.226714 UTC,2023-09-12 22:21:36.226714 UTC
2929053,38,3780,2023-10-08 15:23:18.81691 UTC,2023-10-08 15:27:00.81691 UTC
13416094,38,4852,2024-07-16 08:06:18.628451 UTC,2024-07-16 08:16:46.628451 UTC
13338551,38,4407,2024-07-11 04:09:18.628451 UTC,2024-07-11 04:13:52.628451 UTC
12710434,38,9212,2024-05-30 07:10:18.628451 UTC,2024-05-30 07:12:12.628451 UTC
13481526,38,9042,2024-07-20 16:33:18.628451 UTC,2024-07-20 16:40:41.628451 UTC
12639689,38,8211,2024-05-25 13:22:18.628451 UTC,2024-05-25 13:24:48.628451 UTC
10391315,38,488,2023-12-27 17:50:18.628451 UTC,2023-12-27 17:55:02.628451 UTC
4855719,38,89,2023-08-14 04:11:19.789965 UTC,2023-08-14 04:25:47.789965 UTC
10078303,38,3164,2023-12-06 19:50:18.628451 UTC,2023-12-06 19:58:38.628451 UTC
997666,38,2673,2023-11-29 18:22:47.952295 UTC,2023-11-29 18:30:30.952295 UTC
12563124,38,8855,2024-05-20 10:48:18.628451 UTC,2024-05-20 10:50:43.628451 UTC
10797766,38,9064,2024-01-23 19:18:18.628451 UTC,2024-01-23 19:30:23.628451 UTC
833349,38,8398,2023-07-27 18:56:47.952295 UTC,2023-07-27 19:09:44.952295 UTC
12802666,38,1595,2024-06-05 10:57:18.628451 UTC,2024-06-05 11:02:53.628451 UTC
13091213,38,2225,2024-06-24 17:23:18.628451 UTC,2024-06-24 17:32:10.628451 UTC
841168,38,8339,2023-08-02 16:24:47.952295 UTC,2023-08-02 16:34:17.952295 UTC
10228569,38,609,2023-12-16 21:41:18.628451 UTC,2023-12-16 21:51:37.628451 UTC
11043898,38,6956,2024-02-09 05:02:18.628451 UTC,2024-02-09 05:13:33.628451 UTC
6939518,38,3523,2023-10-16 18:54:33.269681 UTC,2023-10-16 19:08:45.269681 UTC
1987865,38,8613,2023-11-22 09:06:58.052641 UTC,2023-11-22 09:19:58.052641 UTC
12444504,38,7190,2024-05-12 13:02:18.628451 UTC,2024-05-12 13:16:32.628451 UTC
7842533,38,9003,2023-08-04 04:07:10.93634 UTC,2023-08-04 04:10:47.93634 UTC
7913162,38,10574,2023-09-26 17:37:10.93634 UTC,2023-09-26 17:40:26.93634 UTC
4966189,38,1220,2023-11-05 20:20:19.789965 UTC,2023-11-05 20:34:29.789965 UTC
10656711,38,4641,2024-01-14 10:14:18.628451 UTC,2024-01-14 10:16:49.628451 UTC
988024,38,4848,2023-11-22 12:24:47.952295 UTC,2023-11-22 12:31:15.952295 UTC
12549355,38,7312,2024-05-19 13:04:18.628451 UTC,2024-05-19 13:13:12.628451 UTC
10685773,38,10502,2024-01-16 08:48:18.628451 UTC,2024-01-16 08:53:09.628451 UTC
1989719,38,4830,2023-11-23 18:27:58.052641 UTC,2023-11-23 18:29:18.052641 UTC
3979655,38,10594,2023-11-16 05:27:30.719616 UTC,2023-11-16 05:38:58.719616 UTC
10715448,38,8612,2024-01-18 08:21:18.628451 UTC,2024-01-18 08:32:32.628451 UTC
7854163,38,1900,2023-08-12 21:32:10.93634 UTC,2023-08-12 21:43:23.93634 UTC
10796222,38,10234,2024-01-23 16:54:18.628451 UTC,2024-01-23 17:07:28.628451 UTC
3988274,38,359,2023-11-22 18:59:30.719616 UTC,2023-11-22 19:10:53.719616 UTC
4858855,38,8052,2023-08-16 13:06:19.789965 UTC,2023-08-16 13:20:45.789965 UTC
10858856,38,9604,2024-01-27 21:12:18.628451 UTC,2024-01-27 21:19:02.628451 UTC
11952008,38,2039,2024-04-09 17:58:18.628451 UTC,2024-04-09 18:05:09.628451 UTC
10139023,38,4535,2023-12-10 21:22:18.628451 UTC,2023-12-10 21:32:23.628451 UTC
12727919,38,5462,2024-05-31 11:37:18.628451 UTC,2024-05-31 11:37:45.628451 UTC
10857804,38,3300,2024-01-27 19:32:18.628451 UTC,2024-01-27 19:33:45.628451 UTC
4985182,38,5495,2023-11-20 05:54:19.789965 UTC,2023-11-20 05:57:45.789965 UTC
2884048,38,10466,2023-09-04 05:34:18.81691 UTC,2023-09-04 05:38:35.81691 UTC
12829588,38,7289,2024-06-07 05:37:18.628451 UTC,2024-06-07 05:38:28.628451 UTC
10805415,38,6669,2024-01-24 07:32:18.628451 UTC,2024-01-24 07:46:22.628451 UTC
10199230,38,5823,2023-12-14 22:28:18.628451 UTC,2023-12-14 22:41:56.628451 UTC
8993562,38,7082,2023-11-26 16:08:34.749663 UTC,2023-11-26 16:15:22.749663 UTC
10968076,38,8135,2024-02-04 03:20:18.628451 UTC,2024-02-04 03:26:36.628451 UTC
11276186,38,10182,2024-02-24 16:29:18.628451 UTC,2024-02-24 16:44:06.628451 UTC
12449233,38,4687,2024-05-12 20:31:18.628451 UTC,2024-05-12 20:38:16.628451 UTC
12292235,38,8922,2024-05-02 09:12:18.628451 UTC,2024-05-02 09:26:46.628451 UTC
11429974,38,8506,2024-03-05 22:22:18.628451 UTC,2024-03-05 22:29:26.628451 UTC
10842795,38,8985,2024-01-26 19:08:18.628451 UTC,2024-01-26 19:11:25.628451 UTC
12641878,38,8271,2024-05-25 17:03:18.628451 UTC,2024-05-25 17:07:31.628451 UTC
10633100,38,8177,2024-01-12 20:01:18.628451 UTC,2024-01-12 20:06:35.628451 UTC
12375881,38,10288,2024-05-07 22:58:18.628451 UTC,2024-05-07 23:12:19.628451 UTC
13165243,38,5281,2024-06-29 15:30:18.628451 UTC,2024-06-29 15:30:23.628451 UTC
12016486,38,4794,2024-04-14 00:20:18.628451 UTC,2024-04-14 00:33:09.628451 UTC
10720222,38,2313,2024-01-18 15:54:18.628451 UTC,2024-01-18 16:00:59.628451 UTC
11040163,38,3091,2024-02-08 22:57:18.628451 UTC,2024-02-08 23:04:01.628451 UTC
7861659,38,6202,2023-08-18 13:59:10.93634 UTC,2023-08-18 14:14:03.93634 UTC
10091564,38,607,2023-12-07 16:53:18.628451 UTC,2023-12-07 17:06:52.628451 UTC
12049073,38,8548,2024-04-16 04:19:18.628451 UTC,2024-04-16 04:29:34.628451 UTC
3862910,38,5253,2023-08-19 16:05:30.719616 UTC,2023-08-19 16:14:33.719616 UTC
11619041,38,5083,2024-03-18 13:14:18.628451 UTC,2024-03-18 13:22:15.628451 UTC
12196307,38,3927,2024-04-25 23:43:18.628451 UTC,2024-04-25 23:52:31.628451 UTC
13139446,38,5709,2024-06-27 22:33:18.628451 UTC,2024-06-27 22:34:35.628451 UTC
12582071,38,718,2024-05-21 16:56:18.628451 UTC,2024-05-21 17:04:26.628451 UTC
5864047,38,9396,2023-08-20 09:19:46.226714 UTC,2023-08-20 09:25:05.226714 UTC
11967039,38,8849,2024-04-10 17:42:18.628451 UTC,2024-04-10 17:52:00.628451 UTC
10340703,38,2719,2023-12-24 08:44:18.628451 UTC,2023-12-24 08:47:56.628451 UTC
7905040,38,1985,2023-09-20 13:16:10.93634 UTC,2023-09-20 13:21:08.93634 UTC
11053394,39,3897,2024-02-09 20:20:18.628451 UTC,2024-02-09 20:23:46.628451 UTC
10423657,39,7450,2023-12-29 21:08:18.628451 UTC,2023-12-29 21:10:57.628451 UTC
3837035,39,7589,2023-07-31 00:37:30.719616 UTC,2023-07-31 00:50:21.719616 UTC
11899266,39,10083,2024-04-06 06:06:18.628451 UTC,2024-04-06 06:18:11.628451 UTC
13250592,39,6007,2024-07-05 06:59:18.628451 UTC,2024-07-05 07:09:59.628451 UTC
13064258,39,3881,2024-06-22 21:57:18.628451 UTC,2024-06-22 21:59:47.628451 UTC
11901626,39,10309,2024-04-06 09:57:18.628451 UTC,2024-04-06 10:07:49.628451 UTC
2851347,39,2393,2023-08-10 18:03:18.81691 UTC,2023-08-10 18:14:56.81691 UTC
4828517,39,2307,2023-07-24 09:23:19.789965 UTC,2023-07-24 09:32:03.789965 UTC
12404668,39,4400,2024-05-09 21:23:18.628451 UTC,2024-05-09 21:25:52.628451 UTC
13392318,39,7338,2024-07-14 18:22:18.628451 UTC,2024-07-14 18:30:17.628451 UTC
874195,39,1765,2023-08-27 20:44:47.952295 UTC,2023-08-27 20:59:03.952295 UTC
13205336,39,10167,2024-07-02 07:04:18.628451 UTC,2024-07-02 07:06:12.628451 UTC
2950313,39,1903,2023-10-24 20:14:18.81691 UTC,2023-10-24 20:15:33.81691 UTC
13524391,39,6464,2024-07-23 13:19:18.628451 UTC,2024-07-23 13:26:50.628451 UTC
13015205,39,8773,2024-06-19 15:05:18.628451 UTC,2024-06-19 15:11:55.628451 UTC
4864536,39,10492,2023-08-20 20:53:19.789965 UTC,2023-08-20 20:58:24.789965 UTC
11699967,39,515,2024-03-23 22:32:18.628451 UTC,2024-03-23 22:32:57.628451 UTC
13175587,39,3108,2024-06-30 07:56:18.628451 UTC,2024-06-30 08:05:33.628451 UTC
11575627,39,1496,2024-03-15 15:42:18.628451 UTC,2024-03-15 15:46:00.628451 UTC
3852366,39,3974,2023-08-11 15:12:30.719616 UTC,2023-08-11 15:26:39.719616 UTC
11420212,39,8317,2024-03-05 06:37:18.628451 UTC,2024-03-05 06:51:06.628451 UTC
1970985,39,4878,2023-11-09 11:57:58.052641 UTC,2023-11-09 12:07:20.052641 UTC
5857953,39,6531,2023-08-15 18:22:46.226714 UTC,2023-08-15 18:35:35.226714 UTC
2950802,39,902,2023-10-25 05:12:18.81691 UTC,2023-10-25 05:27:05.81691 UTC
12556083,39,8292,2024-05-19 23:37:18.628451 UTC,2024-05-19 23:48:53.628451 UTC
10403655,39,3637,2023-12-28 13:30:18.628451 UTC,2023-12-28 13:31:35.628451 UTC
1893791,39,4778,2023-09-11 23:20:58.052641 UTC,2023-09-11 23:25:26.052641 UTC
10150804,39,3469,2023-12-11 16:44:18.628451 UTC,2023-12-11 16:49:49.628451 UTC
13199873,39,10108,2024-07-01 22:19:18.628451 UTC,2024-07-01 22:19:26.628451 UTC
12586109,39,2712,2024-05-21 23:22:18.628451 UTC,2024-05-21 23:26:18.628451 UTC
11651155,39,2484,2024-03-20 16:32:18.628451 UTC,2024-03-20 16:36:01.628451 UTC
11208694,39,5126,2024-02-20 04:56:18.628451 UTC,2024-02-20 05:10:34.628451 UTC
13299591,39,8739,2024-07-08 13:38:18.628451 UTC,2024-07-08 13:47:58.628451 UTC
913021,39,9366,2023-09-26 11:57:47.952295 UTC,2023-09-26 11:57:59.952295 UTC
896161,39,9335,2023-09-13 15:50:47.952295 UTC,2023-09-13 15:58:11.952295 UTC
12839614,39,17,2024-06-07 21:42:18.628451 UTC,2024-06-07 21:50:03.628451 UTC
12925822,39,4035,2024-06-13 15:57:18.628451 UTC,2024-06-13 16:07:29.628451 UTC
13318232,39,1796,2024-07-09 19:24:18.628451 UTC,2024-07-09 19:35:17.628451 UTC
10751234,39,2739,2024-01-20 17:24:18.628451 UTC,2024-01-20 17:38:08.628451 UTC
5991845,39,8939,2023-11-25 11:55:46.226714 UTC,2023-11-25 12:00:45.226714 UTC
10867202,39,7000,2024-01-28 10:31:18.628451 UTC,2024-01-28 10:32:05.628451 UTC
11353480,39,1181,2024-02-29 20:20:18.628451 UTC,2024-02-29 20:25:58.628451 UTC
9935654,39,7508,2023-10-13 13:55:18.628451 UTC,2023-10-13 14:07:32.628451 UTC
1933902,39,779,2023-10-12 10:17:58.052641 UTC,2023-10-12 10:19:24.052641 UTC
10448565,39,462,2023-12-31 13:02:18.628451 UTC,2023-12-31 13:14:45.628451 UTC
13134837,39,10126,2024-06-27 14:56:18.628451 UTC,2024-06-27 14:58:52.628451 UTC
10599925,39,7200,2024-01-10 14:57:18.628451 UTC,2024-01-10 15:07:08.628451 UTC
7835367,39,3589,2023-07-29 19:29:10.93634 UTC,2023-07-29 19:43:21.93634 UTC
12178720,39,7651,2024-04-24 19:19:18.628451 UTC,2024-04-24 19:20:41.628451 UTC
11971997,39,6779,2024-04-11 01:41:18.628451 UTC,2024-04-11 01:45:26.628451 UTC
11849919,39,5991,2024-04-02 23:02:18.628451 UTC,2024-04-02 23:13:36.628451 UTC
11889001,39,2713,2024-04-05 13:34:18.628451 UTC,2024-04-05 13:42:52.628451 UTC
9915864,39,7489,2023-09-28 14:33:18.628451 UTC,2023-09-28 14:37:00.628451 UTC
11022992,39,8280,2024-02-07 19:20:18.628451 UTC,2024-02-07 19:34:50.628451 UTC
12915797,39,1635,2024-06-13 00:07:18.628451 UTC,2024-06-13 00:15:59.628451 UTC
11619713,39,250,2024-03-18 14:15:18.628451 UTC,2024-03-18 14:24:29.628451 UTC
12426154,39,5964,2024-05-11 07:40:18.628451 UTC,2024-05-11 07:44:06.628451 UTC
11072801,39,1910,2024-02-11 03:21:18.628451 UTC,2024-02-11 03:26:19.628451 UTC
13239716,39,6677,2024-07-04 13:39:18.628451 UTC,2024-07-04 13:46:15.628451 UTC
8976355,39,656,2023-11-13 12:55:34.749663 UTC,2023-11-13 12:57:05.749663 UTC
10050610,39,1200,2023-12-04 23:36:18.628451 UTC,2023-12-04 23:39:31.628451 UTC
11675063,39,8144,2024-03-22 06:44:18.628451 UTC,2024-03-22 06:58:35.628451 UTC
4935830,39,1877,2023-10-13 21:46:19.789965 UTC,2023-10-13 21:56:30.789965 UTC
12436055,39,7486,2024-05-11 23:38:18.628451 UTC,2024-05-11 23:44:15.628451 UTC
12394488,39,8799,2024-05-09 04:45:18.628451 UTC,2024-05-09 04:45:39.628451 UTC
12516098,39,9459,2024-05-17 07:50:18.628451 UTC,2024-05-17 07:51:35.628451 UTC
13238949,39,4022,2024-07-04 12:25:18.628451 UTC,2024-07-04 12:38:08.628451 UTC
11743441,39,1424,2024-03-26 20:16:18.628451 UTC,2024-03-26 20:29:51.628451 UTC
11433529,39,8532,2024-03-06 03:58:18.628451 UTC,2024-03-06 04:12:40.628451 UTC
11379767,39,3189,2024-03-02 14:09:18.628451 UTC,2024-03-02 14:20:06.628451 UTC
12189238,39,797,2024-04-25 12:22:18.628451 UTC,2024-04-25 12:33:13.628451 UTC
11259726,39,7249,2024-02-23 14:29:18.628451 UTC,2024-02-23 14:41:27.628451 UTC
12487424,39,5415,2024-05-15 10:05:18.628451 UTC,2024-05-15 10:06:44.628451 UTC
10609730,39,8609,2024-01-11 06:40:18.628451 UTC,2024-01-11 06:41:42.628451 UTC
11505225,39,4512,2024-03-10 22:54:18.628451 UTC,2024-03-10 23:04:23.628451 UTC
13151497,39,7052,2024-06-28 17:46:18.628451 UTC,2024-06-28 18:00:08.628451 UTC
4870296,39,6014,2023-08-25 07:29:19.789965 UTC,2023-08-25 07:40:45.789965 UTC
6866171,39,1146,2023-08-21 16:24:33.269681 UTC,2023-08-21 16:25:58.269681 UTC
3959930,39,3700,2023-11-01 03:38:30.719616 UTC,2023-11-01 03:43:32.719616 UTC
998234,39,6388,2023-11-30 05:36:47.952295 UTC,2023-11-30 05:45:25.952295 UTC
7904920,39,8265,2023-09-20 11:33:10.93634 UTC,2023-09-20 11:46:47.93634 UTC
1891642,39,6437,2023-09-10 07:50:58.052641 UTC,2023-09-10 07:52:24.052641 UTC
10536702,39,2863,2024-01-06 09:26:18.628451 UTC,2024-01-06 09:37:44.628451 UTC
12740371,39,8260,2024-06-01 07:23:18.628451 UTC,2024-06-01 07:34:50.628451 UTC
8905495,39,1058,2023-09-20 13:29:34.749663 UTC,2023-09-20 13:33:46.749663 UTC
13413544,39,5485,2024-07-16 04:09:18.628451 UTC,2024-07-16 04:09:41.628451 UTC
13058985,40,1870,2024-06-22 13:37:18.628451 UTC,2024-06-22 13:41:05.628451 UTC
10798551,40,10268,2024-01-23 20:32:18.628451 UTC,2024-01-23 20:40:54.628451 UTC
933759,40,6237,2023-10-12 07:56:47.952295 UTC,2023-10-12 08:00:34.952295 UTC
13481753,40,2365,2024-07-20 16:53:18.628451 UTC,2024-07-20 17:01:37.628451 UTC
2833077,40,5432,2023-07-28 00:05:18.81691 UTC,2023-07-28 00:19:19.81691 UTC
12307081,40,10236,2024-05-03 09:01:18.628451 UTC,2024-05-03 09:12:03.628451 UTC
8896956,40,4162,2023-09-14 00:10:34.749663 UTC,2023-09-14 00:10:59.749663 UTC
11721207,40,2876,2024-03-25 08:44:18.628451 UTC,2024-03-25 08:58:42.628451 UTC
10655289,40,5463,2024-01-14 07:53:18.628451 UTC,2024-01-14 07:55:49.628451 UTC
13456210,40,10349,2024-07-19 00:10:18.628451 UTC,2024-07-19 00:13:32.628451 UTC
11496279,40,8833,2024-03-10 08:45:18.628451 UTC,2024-03-10 08:45:57.628451 UTC
10544088,40,9089,2024-01-06 21:15:18.628451 UTC,2024-01-06 21:28:18.628451 UTC
10353294,40,1725,2023-12-25 04:59:18.628451 UTC,2023-12-25 05:06:38.628451 UTC
9930785,40,10445,2023-10-09 22:11:18.628451 UTC,2023-10-09 22:26:14.628451 UTC
10655727,40,5153,2024-01-14 08:38:18.628451 UTC,2024-01-14 08:49:06.628451 UTC
10825222,40,3231,2024-01-25 15:14:18.628451 UTC,2024-01-25 15:28:41.628451 UTC
11801794,40,6646,2024-03-30 17:33:18.628451 UTC,2024-03-30 17:41:24.628451 UTC
1932989,40,8418,2023-10-11 18:24:58.052641 UTC,2023-10-11 18:27:56.052641 UTC
4962502,40,3142,2023-11-02 23:43:19.789965 UTC,2023-11-02 23:54:11.789965 UTC
13221818,40,8538,2024-07-03 09:32:18.628451 UTC,2024-07-03 09:41:18.628451 UTC
13184003,40,9717,2024-06-30 21:05:18.628451 UTC,2024-06-30 21:10:47.628451 UTC
7855199,40,7084,2023-08-13 15:55:10.93634 UTC,2023-08-13 15:59:29.93634 UTC
2918966,40,2888,2023-10-01 01:45:18.81691 UTC,2023-10-01 01:58:09.81691 UTC
10167400,40,5275,2023-12-12 19:30:18.628451 UTC,2023-12-12 19:40:22.628451 UTC
13008562,40,1914,2024-06-19 04:30:18.628451 UTC,2024-06-19 04:41:45.628451 UTC
928320,40,2333,2023-10-08 02:49:47.952295 UTC,2023-10-08 03:03:30.952295 UTC
1875089,40,4263,2023-08-28 20:17:58.052641 UTC,2023-08-28 20:24:46.052641 UTC
6855199,40,8862,2023-08-13 05:32:33.269681 UTC,2023-08-13 05:35:05.269681 UTC
13022198,40,9479,2024-06-20 02:13:18.628451 UTC,2024-06-20 02:23:17.628451 UTC
10304946,40,3741,2023-12-21 23:43:18.628451 UTC,2023-12-21 23:53:23.628451 UTC
11316258,40,8658,2024-02-27 08:50:18.628451 UTC,2024-02-27 09:05:18.628451 UTC
11066016,40,5097,2024-02-10 16:41:18.628451 UTC,2024-02-10 16:44:56.628451 UTC
10575963,40,7227,2024-01-09 00:21:18.628451 UTC,2024-01-09 00:24:26.628451 UTC
12019930,40,5942,2024-04-14 05:54:18.628451 UTC,2024-04-14 06:06:42.628451 UTC
11156365,40,7015,2024-02-16 16:44:18.628451 UTC,2024-02-16 16:54:56.628451 UTC
12153215,40,2957,2024-04-23 03:03:18.628451 UTC,2024-04-23 03:16:27.628451 UTC
12758030,40,7741,2024-06-02 11:31:18.628451 UTC,2024-06-02 11:42:51.628451 UTC
10655781,40,7530,2024-01-14 08:42:18.628451 UTC,2024-01-14 08:50:47.628451 UTC
12593011,40,2891,2024-05-22 10:16:18.628451 UTC,2024-05-22 10:28:39.628451 UTC
13426014,40,10510,2024-07-16 23:50:18.628451 UTC,2024-07-16 23:50:22.628451 UTC
11616221,40,10599,2024-03-18 08:42:18.628451 UTC,2024-03-18 08:49:46.628451 UTC
967631,40,3814,2023-11-06 23:54:47.952295 UTC,2023-11-07 00:07:49.952295 UTC
8991932,40,1056,2023-11-25 09:52:34.749663 UTC,2023-11-25 10:04:38.749663 UTC
6875265,40,89,2023-08-28 13:41:33.269681 UTC,2023-08-28 13:42:22.269681 UTC
12699873,40,2724,2024-05-29 14:21:18.628451 UTC,2024-05-29 14:29:32.628451 UTC
12517715,40,10277,2024-05-17 10:27:18.628451 UTC,2024-05-17 10:40:07.628451 UTC
11322951,40,6229,2024-02-27 19:35:18.628451 UTC,2024-02-27 19:43:31.628451 UTC
13175616,40,7959,2024-06-30 07:59:18.628451 UTC,2024-06-30 08:13:03.628451 UTC
13397389,40,8272,2024-07-15 02:34:18.628451 UTC,2024-07-15 02:44:32.628451 UTC
10484549,40,2607,2024-01-02 22:00:18.628451 UTC,2024-01-02 22:11:03.628451 UTC
11488200,40,9764,2024-03-09 19:38:18.628451 UTC,2024-03-09 19:40:40.628451 UTC
917648,40,7217,2023-09-30 01:45:47.952295 UTC,2023-09-30 01:49:02.952295 UTC
5899589,40,8789,2023-09-16 10:35:46.226714 UTC,2023-09-16 10:45:45.226714 UTC
11587621,40,5529,2024-03-16 11:07:18.628451 UTC,2024-03-16 11:17:01.628451 UTC
4991839,40,7584,2023-11-25 08:13:19.789965 UTC,2023-11-25 08:22:44.789965 UTC
12597758,40,7410,2024-05-22 17:53:18.628451 UTC,2024-05-22 18:00:41.628451 UTC
11422844,40,7908,2024-03-05 10:51:18.628451 UTC,2024-03-05 10:58:16.628451 UTC
12263211,40,6836,2024-04-30 10:47:18.628451 UTC,2024-04-30 10:54:32.628451 UTC
10278895,40,475,2023-12-20 06:06:18.628451 UTC,2023-12-20 06:12:16.628451 UTC
12886520,40,3812,2024-06-11 01:08:18.628451 UTC,2024-06-11 01:12:30.628451 UTC
11380594,40,1009,2024-03-02 15:27:18.628451 UTC,2024-03-02 15:29:19.628451 UTC
12218072,40,6052,2024-04-27 10:23:18.628451 UTC,2024-04-27 10:36:38.628451 UTC
12479080,40,8365,2024-05-14 20:45:18.628451 UTC,2024-05-14 20:59:46.628451 UTC
11215468,40,8527,2024-02-20 15:39:18.628451 UTC,2024-02-20 15:53:17.628451 UTC
7887452,40,7046,2023-09-07 03:43:10.93634 UTC,2023-09-07 03:51:21.93634 UTC
13177252,40,2064,2024-06-30 10:32:18.628451 UTC,2024-06-30 10:37:47.628451 UTC
13165073,40,3380,2024-06-29 15:12:18.628451 UTC,2024-06-29 15:12:47.628451 UTC
10863962,40,7717,2024-01-28 05:18:18.628451 UTC,2024-01-28 05:32:10.628451 UTC
8993701,40,7739,2023-11-26 18:46:34.749663 UTC,2023-11-26 18:55:58.749663 UTC
5895613,40,8769,2023-09-13 08:30:46.226714 UTC,2023-09-13 08:40:27.226714 UTC
13427258,40,9249,2024-07-17 01:47:18.628451 UTC,2024-07-17 01:56:07.628451 UTC
10910077,40,10124,2024-01-31 06:27:18.628451 UTC,2024-01-31 06:37:05.628451 UTC
11763322,40,5523,2024-03-28 03:48:18.628451 UTC,2024-03-28 03:59:17.628451 UTC
10228455,40,3395,2023-12-16 21:30:18.628451 UTC,2023-12-16 21:43:20.628451 UTC
956558,40,10104,2023-10-29 17:47:47.952295 UTC,2023-10-29 17:55:06.952295 UTC
11460142,40,4281,2024-03-07 22:28:18.628451 UTC,2024-03-07 22:32:24.628451 UTC
12762832,40,187,2024-06-02 19:13:18.628451 UTC,2024-06-02 19:17:28.628451 UTC
7845819,40,4645,2023-08-06 14:55:10.93634 UTC,2023-08-06 15:07:34.93634 UTC
10776456,40,5231,2024-01-22 09:29:18.628451 UTC,2024-01-22 09:40:42.628451 UTC
9916047,40,9301,2023-09-28 18:09:18.628451 UTC,2023-09-28 18:22:55.628451 UTC
12359938,40,7791,2024-05-06 21:34:18.628451 UTC,2024-05-06 21:41:52.628451 UTC
10423416,40,10269,2023-12-29 20:43:18.628451 UTC,2023-12-29 20:44:12.628451 UTC
10920466,40,7139,2024-01-31 22:52:18.628451 UTC,2024-01-31 22:57:53.628451 UTC
10941185,41,3174,2024-02-02 08:28:18.628451 UTC,2024-02-02 08:41:03.628451 UTC
11288143,41,9190,2024-02-25 11:33:18.628451 UTC,2024-02-25 11:41:00.628451 UTC
922692,41,1946,2023-10-03 20:51:47.952295 UTC,2023-10-03 20:58:36.952295 UTC
11337588,41,1493,2024-02-28 18:59:18.628451 UTC,2024-02-28 19:12:22.628451 UTC
12074101,41,8844,2024-04-17 20:24:18.628451 UTC,2024-04-17 20:37:41.628451 UTC
10415506,41,6355,2023-12-29 08:09:18.628451 UTC,2023-12-29 08:22:27.628451 UTC
5853510,41,7373,2023-08-12 10:10:46.226714 UTC,2023-08-12 10:20:38.226714 UTC
5974773,41,3735,2023-11-12 12:40:46.226714 UTC,2023-11-12 12:46:54.226714 UTC
9850181,41,3921,2023-08-09 05:35:18.628451 UTC,2023-08-09 05:49:54.628451 UTC
13442868,41,8490,2024-07-18 02:37:18.628451 UTC,2024-07-18 02:52:12.628451 UTC
11284011,41,9967,2024-02-25 04:54:18.628451 UTC,2024-02-25 05:03:36.628451 UTC
10619011,41,2411,2024-01-11 21:34:18.628451 UTC,2024-01-11 21:42:15.628451 UTC
10143443,41,3207,2023-12-11 04:33:18.628451 UTC,2023-12-11 04:44:25.628451 UTC
11304736,41,3899,2024-02-26 14:10:18.628451 UTC,2024-02-26 14:21:39.628451 UTC
4975830,41,4012,2023-11-13 03:30:19.789965 UTC,2023-11-13 03:30:26.789965 UTC
12416561,41,138,2024-05-10 16:28:18.628451 UTC,2024-05-10 16:36:38.628451 UTC
12801522,41,1512,2024-06-05 09:12:18.628451 UTC,2024-06-05 09:13:40.628451 UTC
12031307,41,1727,2024-04-15 00:00:18.628451 UTC,2024-04-15 00:09:27.628451 UTC
12520513,41,8969,2024-05-17 14:55:18.628451 UTC,2024-05-17 14:55:59.628451 UTC
11686086,41,4572,2024-03-23 00:37:18.628451 UTC,2024-03-23 00:42:23.628451 UTC
11136723,41,5822,2024-02-15 09:44:18.628451 UTC,2024-02-15 09:48:46.628451 UTC
13297437,41,809,2024-07-08 10:16:18.628451 UTC,2024-07-08 10:26:57.628451 UTC
12358048,41,1896,2024-05-06 18:32:18.628451 UTC,2024-05-06 18:44:45.628451 UTC
12515867,41,6246,2024-05-17 07:28:18.628451 UTC,2024-05-17 07:29:08.628451 UTC
10230545,41,9580,2023-12-17 00:44:18.628451 UTC,2023-12-17 00:58:39.628451 UTC
10121630,41,8949,2023-12-09 17:18:18.628451 UTC,2023-12-09 17:25:49.628451 UTC
11687042,41,7922,2024-03-23 02:11:18.628451 UTC,2024-03-23 02:15:53.628451 UTC
11364168,41,6486,2024-03-01 13:14:18.628451 UTC,2024-03-01 13:26:00.628451 UTC
2958782,41,1985,2023-10-31 06:44:18.81691 UTC,2023-10-31 06:50:31.81691 UTC
13130961,41,1506,2024-06-27 08:37:18.628451 UTC,2024-06-27 08:47:56.628451 UTC
3999683,41,10327,2023-12-01 08:36:30.719616 UTC,2023-12-01 08:42:21.719616 UTC
11639953,41,3327,2024-03-19 22:37:18.628451 UTC,2024-03-19 22:51:59.628451 UTC
1920825,41,4872,2023-10-02 10:55:58.052641 UTC,2023-10-02 10:58:38.052641 UTC
10570837,41,6156,2024-01-08 16:01:18.628451 UTC,2024-01-08 16:12:32.628451 UTC
13404175,41,5941,2024-07-15 13:14:18.628451 UTC,2024-07-15 13:28:33.628451 UTC
12185727,41,9513,2024-04-25 06:31:18.628451 UTC,2024-04-25 06:42:01.628451 UTC
7985315,41,9731,2023-11-20 10:37:10.93634 UTC,2023-11-20 10:40:39.93634 UTC
1941743,41,5340,2023-10-18 07:43:58.052641 UTC,2023-10-18 07:52:19.052641 UTC
11146390,41,8338,2024-02-16 00:48:18.628451 UTC,2024-02-16 00:52:18.628451 UTC
853550,41,6697,2023-08-12 03:46:47.952295 UTC,2023-08-12 03:56:55.952295 UTC
13340824,41,7997,2024-07-11 07:43:18.628451 UTC,2024-07-11 07:51:33.628451 UTC
9859589,41,9377,2023-08-16 09:51:18.628451 UTC,2023-08-16 09:58:05.628451 UTC
10781924,41,2884,2024-01-22 18:01:18.628451 UTC,2024-01-22 18:15:38.628451 UTC
10601633,41,2698,2024-01-10 17:36:18.628451 UTC,2024-01-10 17:46:07.628451 UTC
2864251,41,7188,2023-08-20 09:09:18.81691 UTC,2023-08-20 09:13:38.81691 UTC
12744345,41,6289,2024-06-01 13:33:18.628451 UTC,2024-06-01 13:48:01.628451 UTC
12489783,41,7288,2024-05-15 13:48:18.628451 UTC,2024-05-15 14:02:04.628451 UTC
12982358,41,2003,2024-06-17 10:38:18.628451 UTC,2024-06-17 10:45:53.628451 UTC
12989321,41,8988,2024-06-17 21:51:18.628451 UTC,2024-06-17 21:56:32.628451 UTC
2837420,41,188,2023-07-31 06:43:18.81691 UTC,2023-07-31 06:55:17.81691 UTC
13382428,41,10452,2024-07-14 02:31:18.628451 UTC,2024-07-14 02:46:17.628451 UTC
11596146,41,943,2024-03-17 00:49:18.628451 UTC,2024-03-17 00:58:33.628451 UTC
11297712,41,4236,2024-02-26 03:05:18.628451 UTC,2024-02-26 03:08:12.628451 UTC
10457329,41,3808,2024-01-01 02:46:18.628451 UTC,2024-01-01 03:00:25.628451 UTC
11168790,41,3608,2024-02-17 12:47:18.628451 UTC,2024-02-17 12:49:03.628451 UTC
3873671,41,6474,2023-08-27 19:49:30.719616 UTC,2023-08-27 19:58:17.719616 UTC
10316079,41,7934,2023-12-22 17:22:18.628451 UTC,2023-12-22 17:28:34.628451 UTC
13486361,41,7236,2024-07-21 00:31:18.628451 UTC,2024-07-21 00:46:03.628451 UTC
11929065,41,288,2024-04-08 05:33:18.628451 UTC,2024-04-08 05:44:02.628451 UTC
999735,41,4801,2023-12-01 09:10:47.952295 UTC,2023-12-01 09:23:33.952295 UTC
5951851,41,28,2023-10-26 02:10:46.226714 UTC,2023-10-26 02:20:58.226714 UTC
11618735,41,7093,2024-03-18 12:45:18.628451 UTC,2024-03-18 12:58:50.628451 UTC
2911745,41,873,2023-09-25 10:23:18.81691 UTC,2023-09-25 10:35:18.81691 UTC
1928047,41,3025,2023-10-07 23:15:58.052641 UTC,2023-10-07 23:23:42.052641 UTC
9963603,41,7506,2023-11-03 21:11:18.628451 UTC,2023-11-03 21:20:59.628451 UTC
6935429,41,8669,2023-10-13 16:12:33.269681 UTC,2023-10-13 16:21:42.269681 UTC
13176733,41,4367,2024-06-30 09:43:18.628451 UTC,2024-06-30 09:51:01.628451 UTC
4855108,41,8213,2023-08-13 17:21:19.789965 UTC,2023-08-13 17:30:56.789965 UTC
13045968,41,5658,2024-06-21 16:32:18.628451 UTC,2024-06-21 16:38:14.628451 UTC
12794544,41,3302,2024-06-04 22:06:18.628451 UTC,2024-06-04 22:18:39.628451 UTC
888837,41,2122,2023-09-08 01:30:47.952295 UTC,2023-09-08 01:40:08.952295 UTC
7995200,41,7952,2023-11-28 00:23:10.93634 UTC,2023-11-28 00:29:09.93634 UTC
11687598,41,1933,2024-03-23 03:02:18.628451 UTC,2024-03-23 03:03:28.628451 UTC
10192237,41,8318,2023-12-14 11:04:18.628451 UTC,2023-12-14 11:16:06.628451 UTC
12447434,41,1163,2024-05-12 17:38:18.628451 UTC,2024-05-12 17:50:34.628451 UTC
6918943,41,8896,2023-10-01 03:04:33.269681 UTC,2023-10-01 03:12:43.269681 UTC
11362683,41,8049,2024-03-01 10:57:18.628451 UTC,2024-03-01 11:03:15.628451 UTC
12844809,41,3480,2024-06-08 06:13:18.628451 UTC,2024-06-08 06:20:53.628451 UTC
7844621,41,9425,2023-08-05 17:37:10.93634 UTC,2023-08-05 17:43:52.93634 UTC
11862152,41,10496,2024-04-03 18:20:18.628451 UTC,2024-04-03 18:32:42.628451 UTC
10074147,41,7885,2023-12-06 13:15:18.628451 UTC,2023-12-06 13:24:24.628451 UTC
1844351,41,6617,2023-08-05 07:46:58.052641 UTC,2023-08-05 07:47:57.052641 UTC
4911858,41,8097,2023-09-25 21:46:19.789965 UTC,2023-09-25 21:54:11.789965 UTC
10907781,41,7720,2024-01-31 02:49:18.628451 UTC,2024-01-31 02:53:39.628451 UTC
10121241,41,7729,2023-12-09 16:42:18.628451 UTC,2023-12-09 16:50:05.628451 UTC
7899995,41,4702,2023-09-16 17:20:10.93634 UTC,2023-09-16 17:20:11.93634 UTC
4982985,41,9620,2023-11-18 14:17:19.789965 UTC,2023-11-18 14:18:12.789965 UTC
12403618,41,7313,2024-05-09 19:36:18.628451 UTC,2024-05-09 19:38:36.628451 UTC
5977243,41,5741,2023-11-14 09:38:46.226714 UTC,2023-11-14 09:45:04.226714 UTC
11266074,41,6661,2024-02-24 00:31:18.628451 UTC,2024-02-24 00:37:10.628451 UTC
10343885,41,1141,2023-12-24 13:50:18.628451 UTC,2023-12-24 13:59:04.628451 UTC
859412,41,8695,2023-08-16 14:10:47.952295 UTC,2023-08-16 14:11:52.952295 UTC
2868951,42,3372,2023-08-23 21:32:18.81691 UTC,2023-08-23 21:45:49.81691 UTC
862757,42,8702,2023-08-19 05:25:47.952295 UTC,2023-08-19 05:29:01.952295 UTC
11580527,42,5299,2024-03-15 23:35:18.628451 UTC,2024-03-15 23:49:05.628451 UTC
9877452,42,10227,2023-08-30 03:40:18.628451 UTC,2023-08-30 03:46:52.628451 UTC
1949622,42,4694,2023-10-24 07:19:58.052641 UTC,2023-10-24 07:33:24.052641 UTC
1947459,42,7916,2023-10-22 16:09:58.052641 UTC,2023-10-22 16:22:43.052641 UTC
10660943,42,1679,2024-01-14 16:58:18.628451 UTC,2024-01-14 16:59:53.628451 UTC
13287188,42,10290,2024-07-07 17:35:18.628451 UTC,2024-07-07 17:45:44.628451 UTC
12773303,42,10286,2024-06-03 12:10:18.628451 UTC,2024-06-03 12:12:52.628451 UTC
2999085,42,7943,2023-11-30 21:02:18.81691 UTC,2023-11-30 21:16:00.81691 UTC
5874316,42,5525,2023-08-28 02:50:46.226714 UTC,2023-08-28 03:04:48.226714 UTC
12898674,42,10596,2024-06-11 20:38:18.628451 UTC,2024-06-11 20:45:48.628451 UTC
5848449,42,5018,2023-08-08 16:00:46.226714 UTC,2023-08-08 16:08:56.226714 UTC
2993724,42,1944,2023-11-26 19:35:18.81691 UTC,2023-11-26 19:43:11.81691 UTC
11082705,42,7019,2024-02-11 19:19:18.628451 UTC,2024-02-11 19:26:03.628451 UTC
11783567,42,9353,2024-03-29 12:14:18.628451 UTC,2024-03-29 12:15:33.628451 UTC
6915950,42,7427,2023-09-28 19:57:33.269681 UTC,2023-09-28 20:08:29.269681 UTC
12245941,42,9655,2024-04-29 06:51:18.628451 UTC,2024-04-29 06:53:32.628451 UTC
11717303,42,7659,2024-03-25 02:24:18.628451 UTC,2024-03-25 02:32:08.628451 UTC
6908953,42,5280,2023-09-23 10:03:33.269681 UTC,2023-09-23 10:18:01.269681 UTC
10868377,42,8098,2024-01-28 12:23:18.628451 UTC,2024-01-28 12:27:37.628451 UTC
10438892,42,2432,2023-12-30 21:11:18.628451 UTC,2023-12-30 21:22:03.628451 UTC
12731579,42,7693,2024-05-31 17:28:18.628451 UTC,2024-05-31 17:38:41.628451 UTC
12508081,42,5236,2024-05-16 18:51:18.628451 UTC,2024-05-16 18:52:06.628451 UTC
11614675,42,8149,2024-03-18 06:16:18.628451 UTC,2024-03-18 06:29:02.628451 UTC
881367,42,2231,2023-09-02 09:30:47.952295 UTC,2023-09-02 09:41:01.952295 UTC
12047200,42,3965,2024-04-16 01:18:18.628451 UTC,2024-04-16 01:31:41.628451 UTC
6939035,42,4016,2023-10-16 10:23:33.269681 UTC,2023-10-16 10:28:39.269681 UTC
12093491,42,2381,2024-04-19 03:38:18.628451 UTC,2024-04-19 03:50:43.628451 UTC
5888343,42,689,2023-09-07 19:45:46.226714 UTC,2023-09-07 19:47:25.226714 UTC
11065560,42,9396,2024-02-10 15:59:18.628451 UTC,2024-02-10 16:11:26.628451 UTC
10617843,42,7124,2024-01-11 19:41:18.628451 UTC,2024-01-11 19:50:26.628451 UTC
1926047,42,2651,2023-10-06 11:16:58.052641 UTC,2023-10-06 11:21:43.052641 UTC
8940623,42,3360,2023-10-17 03:22:34.749663 UTC,2023-10-17 03:25:49.749663 UTC
11250793,42,4917,2024-02-23 00:15:18.628451 UTC,2024-02-23 00:26:19.628451 UTC
13307667,42,5734,2024-07-09 02:25:18.628451 UTC,2024-07-09 02:30:26.628451 UTC
13090377,42,10462,2024-06-24 15:58:18.628451 UTC,2024-06-24 16:00:53.628451 UTC
10149997,42,5025,2023-12-11 15:23:18.628451 UTC,2023-12-11 15:34:28.628451 UTC
13310917,42,3272,2024-07-09 07:42:18.628451 UTC,2024-07-09 07:42:23.628451 UTC
12330750,42,5185,2024-05-04 22:44:18.628451 UTC,2024-05-04 22:51:50.628451 UTC
12739691,42,6924,2024-06-01 06:15:18.628451 UTC,2024-06-01 06:23:30.628451 UTC
868129,42,2871,2023-08-23 07:20:47.952295 UTC,2023-08-23 07:24:34.952295 UTC
10587349,42,1025,2024-01-09 18:37:18.628451 UTC,2024-01-09 18:47:41.628451 UTC
2947959,42,3746,2023-10-23 00:04:18.81691 UTC,2023-10-23 00:15:08.81691 UTC
5838305,42,8025,2023-07-31 17:58:46.226714 UTC,2023-07-31 18:11:43.226714 UTC
11259025,42,519,2024-02-23 13:26:18.628451 UTC,2024-02-23 13:35:31.628451 UTC
10123906,42,5478,2023-12-09 20:57:18.628451 UTC,2023-12-09 20:58:59.628451 UTC
13045421,42,1147,2024-06-21 15:42:18.628451 UTC,2024-06-21 15:52:31.628451 UTC
12424685,42,2243,2024-05-11 05:26:18.628451 UTC,2024-05-11 05:30:32.628451 UTC
10240294,42,4400,2023-12-17 16:31:18.628451 UTC,2023-12-17 16:41:50.628451 UTC
13345296,42,6884,2024-07-11 14:53:18.628451 UTC,2024-07-11 14:59:21.628451 UTC
5894097,42,10667,2023-09-12 04:45:46.226714 UTC,2023-09-12 04:51:13.226714 UTC
10925698,42,4528,2024-02-01 07:25:18.628451 UTC,2024-02-01 07:27:34.628451 UTC
11243833,42,8850,2024-02-22 13:02:18.628451 UTC,2024-02-22 13:09:30.628451 UTC
4880193,42,6849,2023-09-01 21:18:19.789965 UTC,2023-09-01 21:28:03.789965 UTC
10307549,42,9938,2023-12-22 03:47:18.628451 UTC,2023-12-22 04:00:40.628451 UTC
11024130,42,7687,2024-02-07 21:09:18.628451 UTC,2024-02-07 21:18:08.628451 UTC
12647004,42,2539,2024-05-26 01:16:18.628451 UTC,2024-05-26 01:20:15.628451 UTC
10262572,42,1145,2023-12-19 03:58:18.628451 UTC,2023-12-19 04:10:08.628451 UTC
10804097,42,10447,2024-01-24 05:26:18.628451 UTC,2024-01-24 05:33:23.628451 UTC
10847298,42,5190,2024-01-27 02:25:18.628451 UTC,2024-01-27 02:30:18.628451 UTC
12389511,42,2318,2024-05-08 20:54:18.628451 UTC,2024-05-08 20:57:40.628451 UTC
11961182,42,2553,2024-04-10 08:24:18.628451 UTC,2024-04-10 08:34:02.628451 UTC
11309351,42,1272,2024-02-26 21:35:18.628451 UTC,2024-02-26 21:49:10.628451 UTC
3983803,42,2865,2023-11-19 09:48:30.719616 UTC,2023-11-19 09:52:54.719616 UTC
12070854,42,3127,2024-04-17 15:04:18.628451 UTC,2024-04-17 15:18:21.628451 UTC
9861841,42,1060,2023-08-18 02:58:18.628451 UTC,2023-08-18 03:10:52.628451 UTC
11273891,42,8568,2024-02-24 12:47:18.628451 UTC,2024-02-24 12:56:51.628451 UTC
13026117,42,6453,2024-06-20 08:30:18.628451 UTC,2024-06-20 08:38:20.628451 UTC
903870,42,10664,2023-09-19 12:05:47.952295 UTC,2023-09-19 12:13:13.952295 UTC
2949312,42,1115,2023-10-24 01:21:18.81691 UTC,2023-10-24 01:28:53.81691 UTC
12071823,42,3764,2024-04-17 16:41:18.628451 UTC,2024-04-17 16:55:17.628451 UTC
10169765,42,3501,2023-12-12 23:12:18.628451 UTC,2023-12-12 23:15:56.628451 UTC
4884941,42,2997,2023-09-05 10:16:19.789965 UTC,2023-09-05 10:17:11.789965 UTC
11828675,42,8225,2024-04-01 12:52:18.628451 UTC,2024-04-01 13:01:49.628451 UTC
10634822,42,2492,2024-01-12 22:46:18.628451 UTC,2024-01-12 22:51:20.628451 UTC
12182840,42,729,2024-04-25 01:50:18.628451 UTC,2024-04-25 01:57:34.628451 UTC
13021590,42,4176,2024-06-20 01:15:18.628451 UTC,2024-06-20 01:15:57.628451 UTC
13328931,42,159,2024-07-10 12:43:18.628451 UTC,2024-07-10 12:46:35.628451 UTC
12386054,42,10260,2024-05-08 15:13:18.628451 UTC,2024-05-08 15:20:51.628451 UTC
10781906,42,6280,2024-01-22 18:00:18.628451 UTC,2024-01-22 18:11:06.628451 UTC
11741136,42,3984,2024-03-26 16:42:18.628451 UTC,2024-03-26 16:42:37.628451 UTC
10198193,42,2038,2023-12-14 20:48:18.628451 UTC,2023-12-14 21:02:16.628451 UTC
13522964,42,8076,2024-07-23 11:00:18.628451 UTC,2024-07-23 11:02:17.628451 UTC
10360984,42,7252,2023-12-25 17:11:18.628451 UTC,2023-12-25 17:24:31.628451 UTC
12377941,42,7676,2024-05-08 02:15:18.628451 UTC,2024-05-08 02:27:34.628451 UTC
10542627,42,4372,2024-01-06 18:59:18.628451 UTC,2024-01-06 19:13:43.628451 UTC
9932296,42,7820,2023-10-11 01:10:18.628451 UTC,2023-10-11 01:23:44.628451 UTC
10690792,43,133,2024-01-16 16:54:18.628451 UTC,2024-01-16 16:58:21.628451 UTC
11371462,43,4693,2024-03-02 00:51:18.628451 UTC,2024-03-02 01:00:09.628451 UTC
12477516,43,215,2024-05-14 18:16:18.628451 UTC,2024-05-14 18:26:12.628451 UTC
12497012,43,9677,2024-05-16 01:20:18.628451 UTC,2024-05-16 01:24:43.628451 UTC
13054992,43,10622,2024-06-22 07:15:18.628451 UTC,2024-06-22 07:27:25.628451 UTC
10767230,43,2298,2024-01-21 19:10:18.628451 UTC,2024-01-21 19:17:21.628451 UTC
3975534,43,3201,2023-11-13 01:48:30.719616 UTC,2023-11-13 02:02:00.719616 UTC
11176474,43,4991,2024-02-18 01:06:18.628451 UTC,2024-02-18 01:06:40.628451 UTC
11896435,43,10665,2024-04-06 01:32:18.628451 UTC,2024-04-06 01:44:03.628451 UTC
12531965,43,9867,2024-05-18 09:04:18.628451 UTC,2024-05-18 09:14:00.628451 UTC
3846084,43,8461,2023-08-06 18:51:30.719616 UTC,2023-08-06 18:58:24.719616 UTC
11051368,43,10502,2024-02-09 16:58:18.628451 UTC,2024-02-09 17:06:56.628451 UTC
12378712,43,10207,2024-05-08 03:28:18.628451 UTC,2024-05-08 03:34:42.628451 UTC
12925930,43,5461,2024-06-13 16:08:18.628451 UTC,2024-06-13 16:19:28.628451 UTC
8964164,43,1641,2023-11-04 02:37:34.749663 UTC,2023-11-04 02:49:04.749663 UTC
13314908,43,9995,2024-07-09 14:03:18.628451 UTC,2024-07-09 14:14:23.628451 UTC
10314629,43,1732,2023-12-22 15:03:18.628451 UTC,2023-12-22 15:17:50.628451 UTC
11376801,43,5351,2024-03-02 09:20:18.628451 UTC,2024-03-02 09:22:00.628451 UTC
5843658,43,2231,2023-08-04 21:19:46.226714 UTC,2023-08-04 21:25:37.226714 UTC
12212379,43,331,2024-04-27 01:10:18.628451 UTC,2024-04-27 01:10:21.628451 UTC
968442,43,8784,2023-11-07 15:23:47.952295 UTC,2023-11-07 15:31:51.952295 UTC
13264369,43,9456,2024-07-06 05:09:18.628451 UTC,2024-07-06 05:11:21.628451 UTC
1829239,43,10156,2023-07-24 17:31:58.052641 UTC,2023-07-24 17:39:51.052641 UTC
11382046,43,1697,2024-03-02 17:50:18.628451 UTC,2024-03-02 17:51:25.628451 UTC
12913326,43,8412,2024-06-12 20:06:18.628451 UTC,2024-06-12 20:13:58.628451 UTC
3917431,43,5767,2023-09-30 00:52:30.719616 UTC,2023-09-30 00:58:20.719616 UTC
13090100,43,8763,2024-06-24 15:34:18.628451 UTC,2024-06-24 15:40:18.628451 UTC
11344483,43,9566,2024-02-29 05:54:18.628451 UTC,2024-02-29 06:02:21.628451 UTC
9857719,43,6704,2023-08-14 23:44:18.628451 UTC,2023-08-14 23:56:43.628451 UTC
11762682,43,7971,2024-03-28 02:48:18.628451 UTC,2024-03-28 02:57:45.628451 UTC
12291104,43,8546,2024-05-02 07:19:18.628451 UTC,2024-05-02 07:20:46.628451 UTC
4921913,43,8746,2023-10-03 09:57:19.789965 UTC,2023-10-03 09:58:13.789965 UTC
13231229,43,1738,2024-07-04 00:18:18.628451 UTC,2024-07-04 00:20:17.628451 UTC
4846130,43,1019,2023-08-06 16:30:19.789965 UTC,2023-08-06 16:37:50.789965 UTC
2970915,43,2620,2023-11-09 12:22:18.81691 UTC,2023-11-09 12:23:21.81691 UTC
2855561,43,1294,2023-08-13 19:24:18.81691 UTC,2023-08-13 19:28:37.81691 UTC
9883122,43,9436,2023-09-03 11:30:18.628451 UTC,2023-09-03 11:39:09.628451 UTC
11455780,43,9321,2024-03-07 15:20:18.628451 UTC,2024-03-07 15:29:37.628451 UTC
11507031,43,10524,2024-03-11 01:55:18.628451 UTC,2024-03-11 01:55:20.628451 UTC
7907731,43,9654,2023-09-22 14:40:10.93634 UTC,2023-09-22 14:45:26.93634 UTC
2864073,43,7306,2023-08-20 06:03:18.81691 UTC,2023-08-20 06:13:32.81691 UTC
10722676,43,1897,2024-01-18 19:45:18.628451 UTC,2024-01-18 19:47:51.628451 UTC
12404410,43,6574,2024-05-09 20:57:18.628451 UTC,2024-05-09 21:02:05.628451 UTC
981125,43,4081,2023-11-17 05:11:47.952295 UTC,2023-11-17 05:12:51.952295 UTC
12720920,43,3159,2024-05-31 00:10:18.628451 UTC,2024-05-31 00:13:59.628451 UTC
10110734,43,10310,2023-12-08 23:48:18.628451 UTC,2023-12-08 23:50:30.628451 UTC
3948039,43,4766,2023-10-23 05:58:30.719616 UTC,2023-10-23 06:00:34.719616 UTC
6948591,43,3261,2023-10-23 19:04:33.269681 UTC,2023-10-23 19:16:47.269681 UTC
9969339,43,589,2023-11-08 06:21:18.628451 UTC,2023-11-08 06:29:01.628451 UTC
12367368,43,249,2024-05-07 09:22:18.628451 UTC,2024-05-07 09:26:24.628451 UTC
1930322,43,6905,2023-10-09 17:14:58.052641 UTC,2023-10-09 17:16:13.052641 UTC
13007665,43,8812,2024-06-19 03:00:18.628451 UTC,2024-06-19 03:12:16.628451 UTC
11662963,43,8336,2024-03-21 11:29:18.628451 UTC,2024-03-21 11:35:22.628451 UTC
6865106,43,4162,2023-08-20 21:02:33.269681 UTC,2023-08-20 21:09:58.269681 UTC
11041616,43,6178,2024-02-09 01:13:18.628451 UTC,2024-02-09 01:17:35.628451 UTC
10383400,43,8761,2023-12-27 05:03:18.628451 UTC,2023-12-27 05:13:47.628451 UTC
11333045,43,3547,2024-02-28 11:37:18.628451 UTC,2024-02-28 11:43:20.628451 UTC
10040091,43,2298,2023-12-04 06:50:18.628451 UTC,2023-12-04 07:05:14.628451 UTC
10023460,43,9643,2023-12-03 03:54:18.628451 UTC,2023-12-03 04:03:57.628451 UTC
2850843,43,157,2023-08-10 09:01:18.81691 UTC,2023-08-10 09:12:52.81691 UTC
934698,43,9224,2023-10-13 01:54:47.952295 UTC,2023-10-13 02:01:37.952295 UTC
13109974,43,3348,2024-06-25 22:56:18.628451 UTC,2024-06-25 23:10:21.628451 UTC
11409998,43,2274,2024-03-04 14:20:18.628451 UTC,2024-03-04 14:31:00.628451 UTC
6907928,43,47,2023-09-22 15:40:33.269681 UTC,2023-09-22 15:48:58.269681 UTC
10403153,43,9487,2023-12-28 12:45:18.628451 UTC,2023-12-28 12:57:23.628451 UTC
11174230,43,4919,2024-02-17 21:30:18.628451 UTC,2024-02-17 21:31:24.628451 UTC
11396912,43,8125,2024-03-03 17:38:18.628451 UTC,2024-03-03 17:51:32.628451 UTC
12775291,43,8031,2024-06-03 15:22:18.628451 UTC,2024-06-03 15:25:27.628451 UTC
13042992,43,2053,2024-06-21 11:40:18.628451 UTC,2024-06-21 11:40:18.628451 UTC
10302490,43,9397,2023-12-21 19:57:18.628451 UTC,2023-12-21 19:57:23.628451 UTC
12231930,43,2334,2024-04-28 08:27:18.628451 UTC,2024-04-28 08:37:27.628451 UTC
12036619,43,3235,2024-04-15 08:31:18.628451 UTC,2024-04-15 08:43:28.628451 UTC
11816322,43,4804,2024-03-31 16:59:18.628451 UTC,2024-03-31 17:01:43.628451 UTC
12000411,43,6966,2024-04-12 22:55:18.628451 UTC,2024-04-12 23:06:29.628451 UTC
13182341,43,2791,2024-06-30 18:29:18.628451 UTC,2024-06-30 18:43:02.628451 UTC
12743803,43,5648,2024-06-01 12:42:18.628451 UTC,2024-06-01 12:48:23.628451 UTC
862430,43,2727,2023-08-18 23:28:47.952295 UTC,2023-08-18 23:40:21.952295 UTC
11618625,43,5353,2024-03-18 12:33:18.628451 UTC,2024-03-18 12:43:03.628451 UTC
11972052,43,2624,2024-04-11 01:47:18.628451 UTC,2024-04-11 01:59:23.628451 UTC
9866653,43,1858,2023-08-21 19:41:18.628451 UTC,2023-08-21 19:56:10.628451 UTC
10591091,43,9780,2024-01-10 00:41:18.628451 UTC,2024-01-10 00:52:02.628451 UTC
11548852,43,10689,2024-03-13 20:49:18.628451 UTC,2024-03-13 20:56:18.628451 UTC
13099856,43,7806,2024-06-25 06:46:18.628451 UTC,2024-06-25 06:51:56.628451 UTC
3969513,43,5593,2023-11-08 11:47:30.719616 UTC,2023-11-08 12:00:55.719616 UTC
7879264,43,8034,2023-08-31 23:23:10.93634 UTC,2023-08-31 23:26:34.93634 UTC
10895649,43,10608,2024-01-30 07:47:18.628451 UTC,2024-01-30 08:00:15.628451 UTC
12834205,43,7141,2024-06-07 13:07:18.628451 UTC,2024-06-07 13:08:55.628451 UTC
11056285,43,10623,2024-02-10 00:58:18.628451 UTC,2024-02-10 01:06:38.628451 UTC
10704698,43,2757,2024-01-17 14:49:18.628451 UTC,2024-01-17 14:57:44.628451 UTC
11808777,43,6917,2024-03-31 04:44:18.628451 UTC,2024-03-31 04:49:05.628451 UTC
13519913,43,3561,2024-07-23 06:04:18.628451 UTC,2024-07-23 06:13:08.628451 UTC
11659187,43,3205,2024-03-21 05:31:18.628451 UTC,2024-03-21 05:31:44.628451 UTC
11504776,43,4292,2024-03-10 22:12:18.628451 UTC,2024-03-10 22:19:09.628451 UTC
13139373,43,7874,2024-06-27 22:25:18.628451 UTC,2024-06-27 22:37:16.628451 UTC
12521558,43,1822,2024-05-17 16:35:18.628451 UTC,2024-05-17 16:45:06.628451 UTC
13091640,43,5644,2024-06-24 18:05:18.628451 UTC,2024-06-24 18:08:12.628451 UTC
11357932,43,7040,2024-03-01 03:23:18.628451 UTC,2024-03-01 03:27:02.628451 UTC
7891520,43,2959,2023-09-10 06:35:10.93634 UTC,2023-09-10 06:44:01.93634 UTC
11065509,43,6389,2024-02-10 15:54:18.628451 UTC,2024-02-10 15:57:15.628451 UTC
11738302,44,488,2024-03-26 12:06:18.628451 UTC,2024-03-26 12:09:05.628451 UTC
956705,44,8205,2023-10-29 20:26:47.952295 UTC,2023-10-29 20:35:11.952295 UTC
13200216,44,2557,2024-07-01 22:53:18.628451 UTC,2024-07-01 23:00:18.628451 UTC
6913574,44,2132,2023-09-26 22:40:33.269681 UTC,2023-09-26 22:53:35.269681 UTC
3910677,44,1928,2023-09-24 20:48:30.719616 UTC,2023-09-24 20:59:12.719616 UTC
13523684,44,6264,2024-07-23 12:11:18.628451 UTC,2024-07-23 12:24:23.628451 UTC
11396295,44,9141,2024-03-03 16:39:18.628451 UTC,2024-03-03 16:49:51.628451 UTC
4828510,44,4949,2023-07-24 09:10:19.789965 UTC,2023-07-24 09:19:51.789965 UTC
12316880,44,10405,2024-05-04 00:36:18.628451 UTC,2024-05-04 00:44:52.628451 UTC
2884612,44,3570,2023-09-04 15:22:18.81691 UTC,2023-09-04 15:35:52.81691 UTC
10258032,44,6012,2023-12-18 20:39:18.628451 UTC,2023-12-18 20:49:10.628451 UTC
12542578,44,7214,2024-05-19 02:03:18.628451 UTC,2024-05-19 02:14:18.628451 UTC
10869596,44,8656,2024-01-28 14:21:18.628451 UTC,2024-01-28 14:32:08.628451 UTC
2957584,44,2041,2023-10-30 08:48:18.81691 UTC,2023-10-30 08:48:52.81691 UTC
12309209,44,2470,2024-05-03 12:21:18.628451 UTC,2024-05-03 12:23:54.628451 UTC
4906838,44,8604,2023-09-22 02:49:19.789965 UTC,2023-09-22 02:59:48.789965 UTC
12205252,44,6849,2024-04-26 13:48:18.628451 UTC,2024-04-26 14:01:07.628451 UTC
3834676,44,4477,2023-07-29 07:02:30.719616 UTC,2023-07-29 07:05:19.719616 UTC
7890024,44,2446,2023-09-09 02:41:10.93634 UTC,2023-09-09 02:50:51.93634 UTC
6890207,44,1477,2023-09-09 01:21:33.269681 UTC,2023-09-09 01:30:06.269681 UTC
12606657,44,1472,2024-05-23 08:03:18.628451 UTC,2024-05-23 08:07:15.628451 UTC
7895719,44,8445,2023-09-13 12:23:10.93634 UTC,2023-09-13 12:25:25.93634 UTC
12538174,44,4067,2024-05-18 18:57:18.628451 UTC,2024-05-18 19:06:02.628451 UTC
11578725,44,2618,2024-03-15 20:40:18.628451 UTC,2024-03-15 20:49:08.628451 UTC
8840453,44,1160,2023-08-02 04:40:34.749663 UTC,2023-08-02 04:51:51.749663 UTC
13284671,44,1802,2024-07-07 13:32:18.628451 UTC,2024-07-07 13:32:25.628451 UTC
11767025,44,10409,2024-03-28 09:41:18.628451 UTC,2024-03-28 09:43:36.628451 UTC
12645851,44,8026,2024-05-25 23:25:18.628451 UTC,2024-05-25 23:39:27.628451 UTC
13045145,44,2471,2024-06-21 15:12:18.628451 UTC,2024-06-21 15:18:45.628451 UTC
10687965,44,231,2024-01-16 12:26:18.628451 UTC,2024-01-16 12:26:59.628451 UTC
3852560,44,132,2023-08-11 18:47:30.719616 UTC,2023-08-11 18:55:16.719616 UTC
8847998,44,255,2023-08-07 19:31:34.749663 UTC,2023-08-07 19:35:39.749663 UTC
12322119,44,8948,2024-05-04 08:59:18.628451 UTC,2024-05-04 09:04:03.628451 UTC
12153323,44,675,2024-04-23 03:12:18.628451 UTC,2024-04-23 03:26:37.628451 UTC
10079335,44,6429,2023-12-06 21:26:18.628451 UTC,2023-12-06 21:40:24.628451 UTC
12579982,44,10059,2024-05-21 13:38:18.628451 UTC,2024-05-21 13:49:13.628451 UTC
13122137,44,1557,2024-06-26 18:24:18.628451 UTC,2024-06-26 18:24:51.628451 UTC
11200546,44,8038,2024-02-19 16:04:18.628451 UTC,2024-02-19 16:15:10.628451 UTC
12034332,44,7778,2024-04-15 04:52:18.628451 UTC,2024-04-15 04:55:50.628451 UTC
13333886,44,2464,2024-07-10 20:33:18.628451 UTC,2024-07-10 20:40:20.628451 UTC
11394438,44,3564,2024-03-03 13:38:18.628451 UTC,2024-03-03 13:48:56.628451 UTC
10377538,44,10123,2023-12-26 19:22:18.628451 UTC,2023-12-26 19:32:53.628451 UTC
11617565,44,9183,2024-03-18 10:51:18.628451 UTC,2024-03-18 10:51:37.628451 UTC
5865290,44,7643,2023-08-21 08:16:46.226714 UTC,2023-08-21 08:22:41.226714 UTC
5833888,44,5018,2023-07-28 09:41:46.226714 UTC,2023-07-28 09:51:22.226714 UTC
12570142,44,1601,2024-05-20 21:53:18.628451 UTC,2024-05-20 21:53:40.628451 UTC
12377240,44,5126,2024-05-08 01:08:18.628451 UTC,2024-05-08 01:19:44.628451 UTC
9964472,44,2823,2023-11-04 13:26:18.628451 UTC,2023-11-04 13:31:44.628451 UTC
2979037,44,717,2023-11-15 14:09:18.81691 UTC,2023-11-15 14:22:32.81691 UTC
2995295,44,1443,2023-11-28 00:03:18.81691 UTC,2023-11-28 00:05:46.81691 UTC
12490495,44,8729,2024-05-15 14:59:18.628451 UTC,2024-05-15 15:07:04.628451 UTC
3870687,44,8484,2023-08-25 14:07:30.719616 UTC,2023-08-25 14:07:53.719616 UTC
1885899,44,3885,2023-09-05 23:44:58.052641 UTC,2023-09-05 23:50:10.052641 UTC
3930893,44,4782,2023-10-10 06:13:30.719616 UTC,2023-10-10 06:18:38.719616 UTC
5865023,44,1618,2023-08-21 03:40:46.226714 UTC,2023-08-21 03:41:29.226714 UTC
10231586,44,387,2023-12-17 02:27:18.628451 UTC,2023-12-17 02:36:54.628451 UTC
5886117,44,4075,2023-09-06 03:05:46.226714 UTC,2023-09-06 03:17:21.226714 UTC
8967423,44,3323,2023-11-06 16:09:34.749663 UTC,2023-11-06 16:16:49.749663 UTC
11061638,44,8408,2024-02-10 09:38:18.628451 UTC,2024-02-10 09:43:22.628451 UTC
12720484,44,110,2024-05-30 23:29:18.628451 UTC,2024-05-30 23:33:56.628451 UTC
11195582,44,10485,2024-02-19 07:59:18.628451 UTC,2024-02-19 08:11:00.628451 UTC
12294414,44,3209,2024-05-02 12:39:18.628451 UTC,2024-05-02 12:48:44.628451 UTC
11952856,44,1720,2024-04-09 19:21:18.628451 UTC,2024-04-09 19:24:54.628451 UTC
12395859,44,6862,2024-05-09 06:59:18.628451 UTC,2024-05-09 07:11:47.628451 UTC
13233844,44,8416,2024-07-04 04:21:18.628451 UTC,2024-07-04 04:31:57.628451 UTC
11294972,44,1631,2024-02-25 22:40:18.628451 UTC,2024-02-25 22:53:46.628451 UTC
11667046,44,9046,2024-03-21 18:01:18.628451 UTC,2024-03-21 18:11:43.628451 UTC
11269650,44,10569,2024-02-24 06:15:18.628451 UTC,2024-02-24 06:17:36.628451 UTC
12616090,44,7308,2024-05-23 23:22:18.628451 UTC,2024-05-23 23:32:00.628451 UTC
13218207,44,789,2024-07-03 03:49:18.628451 UTC,2024-07-03 03:51:37.628451 UTC
10806992,44,1880,2024-01-24 10:10:18.628451 UTC,2024-01-24 10:11:41.628451 UTC
10814797,44,10574,2024-01-24 22:30:18.628451 UTC,2024-01-24 22:45:11.628451 UTC
9893000,44,2977,2023-09-11 00:23:18.628451 UTC,2023-09-11 00:37:45.628451 UTC
8996212,44,10102,2023-11-28 17:23:34.749663 UTC,2023-11-28 17:24:42.749663 UTC
11656138,44,5475,2024-03-21 00:38:18.628451 UTC,2024-03-21 00:52:56.628451 UTC
4895605,44,201,2023-09-13 13:56:19.789965 UTC,2023-09-13 14:09:05.789965 UTC
12773000,44,689,2024-06-03 11:41:18.628451 UTC,2024-06-03 11:44:42.628451 UTC
6904322,44,1238,2023-09-19 20:37:33.269681 UTC,2023-09-19 20:46:31.269681 UTC
12882590,44,4725,2024-06-10 18:56:18.628451 UTC,2024-06-10 19:09:14.628451 UTC
9968124,44,5468,2023-11-07 08:20:18.628451 UTC,2023-11-07 08:31:20.628451 UTC
10224393,44,8117,2023-12-16 14:56:18.628451 UTC,2023-12-16 14:59:45.628451 UTC
10595633,44,5387,2024-01-10 07:58:18.628451 UTC,2024-01-10 08:06:52.628451 UTC
1998974,44,1687,2023-11-30 19:37:58.052641 UTC,2023-11-30 19:52:04.052641 UTC
13474358,44,10522,2024-07-20 05:07:18.628451 UTC,2024-07-20 05:13:20.628451 UTC
12049353,44,7097,2024-04-16 04:48:18.628451 UTC,2024-04-16 04:54:25.628451 UTC
12673375,44,7827,2024-05-27 19:44:18.628451 UTC,2024-05-27 19:54:12.628451 UTC
2867806,44,2693,2023-08-23 01:03:18.81691 UTC,2023-08-23 01:14:05.81691 UTC
10155014,44,5313,2023-12-11 23:37:18.628451 UTC,2023-12-11 23:38:12.628451 UTC
12634377,44,9460,2024-05-25 04:44:18.628451 UTC,2024-05-25 04:58:25.628451 UTC
10573204,44,6045,2024-01-08 19:55:18.628451 UTC,2024-01-08 20:02:01.628451 UTC
13337884,44,7857,2024-07-11 03:05:18.628451 UTC,2024-07-11 03:16:43.628451 UTC
11131184,44,6941,2024-02-15 00:56:18.628451 UTC,2024-02-15 01:06:26.628451 UTC
12288695,44,7,2024-05-02 03:24:18.628451 UTC,2024-05-02 03:27:43.628451 UTC
11364652,44,2216,2024-03-01 14:01:18.628451 UTC,2024-03-01 14:15:32.628451 UTC
3908530,44,9292,2023-09-23 05:52:30.719616 UTC,2023-09-23 05:59:13.719616 UTC
11206767,44,1928,2024-02-20 01:53:18.628451 UTC,2024-02-20 02:07:57.628451 UTC
12142477,44,1170,2024-04-22 09:58:18.628451 UTC,2024-04-22 10:12:19.628451 UTC
11310416,44,2236,2024-02-26 23:18:18.628451 UTC,2024-02-26 23:27:27.628451 UTC
7933412,44,5874,2023-10-12 00:48:10.93634 UTC,2023-10-12 00:55:58.93634 UTC
11360793,45,5014,2024-03-01 07:59:18.628451 UTC,2024-03-01 07:59:26.628451 UTC
12558600,45,8154,2024-05-20 03:38:18.628451 UTC,2024-05-20 03:45:48.628451 UTC
8969291,45,6897,2023-11-08 02:59:34.749663 UTC,2023-11-08 03:06:56.749663 UTC
10873698,45,1426,2024-01-28 20:54:18.628451 UTC,2024-01-28 20:59:26.628451 UTC
6833296,45,4477,2023-07-27 13:56:33.269681 UTC,2023-07-27 14:00:21.269681 UTC
6905938,45,5964,2023-09-21 02:32:33.269681 UTC,2023-09-21 02:42:38.269681 UTC
13077801,45,3047,2024-06-23 20:00:18.628451 UTC,2024-06-23 20:00:27.628451 UTC
5901933,45,1926,2023-09-18 06:19:46.226714 UTC,2023-09-18 06:31:27.226714 UTC
844719,45,4454,2023-08-05 08:46:47.952295 UTC,2023-08-05 08:48:27.952295 UTC
5873129,45,7234,2023-08-27 06:12:46.226714 UTC,2023-08-27 06:26:23.226714 UTC
11550971,45,464,2024-03-14 00:18:18.628451 UTC,2024-03-14 00:21:59.628451 UTC
1952905,45,6237,2023-10-26 19:50:58.052641 UTC,2023-10-26 20:04:07.052641 UTC
13359090,45,6618,2024-07-12 12:56:18.628451 UTC,2024-07-12 13:05:43.628451 UTC
12306973,45,3179,2024-05-03 08:52:18.628451 UTC,2024-05-03 09:04:57.628451 UTC
12285666,45,5563,2024-05-01 22:35:18.628451 UTC,2024-05-01 22:42:13.628451 UTC
10786335,45,10116,2024-01-23 01:06:18.628451 UTC,2024-01-23 01:18:00.628451 UTC
11555669,45,1704,2024-03-14 07:46:18.628451 UTC,2024-03-14 07:57:01.628451 UTC
8896203,45,5276,2023-09-13 10:53:34.749663 UTC,2023-09-13 10:58:33.749663 UTC
11761625,45,827,2024-03-28 01:06:18.628451 UTC,2024-03-28 01:06:28.628451 UTC
11852264,45,2247,2024-04-03 02:43:18.628451 UTC,2024-04-03 02:49:18.628451 UTC
13195179,45,10193,2024-07-01 14:40:18.628451 UTC,2024-07-01 14:47:38.628451 UTC
12699244,45,9503,2024-05-29 13:23:18.628451 UTC,2024-05-29 13:38:01.628451 UTC
879028,45,1433,2023-08-31 13:42:47.952295 UTC,2023-08-31 13:54:25.952295 UTC
10222312,45,9508,2023-12-16 11:26:18.628451 UTC,2023-12-16 11:30:25.628451 UTC
10019134,45,7051,2023-12-02 21:07:18.628451 UTC,2023-12-02 21:21:25.628451 UTC
10204209,45,9985,2023-12-15 06:31:18.628451 UTC,2023-12-15 06:35:38.628451 UTC
10164494,45,5107,2023-12-12 14:54:18.628451 UTC,2023-12-12 14:58:04.628451 UTC
12538269,45,1419,2024-05-18 19:06:18.628451 UTC,2024-05-18 19:09:48.628451 UTC
3916986,45,4821,2023-09-29 17:06:30.719616 UTC,2023-09-29 17:08:18.719616 UTC
12733432,45,5911,2024-05-31 20:18:18.628451 UTC,2024-05-31 20:28:11.628451 UTC
8953260,45,2270,2023-10-26 20:08:34.749663 UTC,2023-10-26 20:20:42.749663 UTC
8846338,45,1512,2023-08-06 14:04:34.749663 UTC,2023-08-06 14:12:30.749663 UTC
5954388,45,1135,2023-10-27 23:02:46.226714 UTC,2023-10-27 23:17:08.226714 UTC
12351367,45,8444,2024-05-06 07:53:18.628451 UTC,2024-05-06 08:07:34.628451 UTC
13444885,45,9075,2024-07-18 06:00:18.628451 UTC,2024-07-18 06:02:22.628451 UTC
12801606,45,8367,2024-06-05 09:20:18.628451 UTC,2024-06-05 09:23:41.628451 UTC
13036483,45,6994,2024-06-21 01:13:18.628451 UTC,2024-06-21 01:14:18.628451 UTC
4928977,45,9781,2023-10-08 19:08:19.789965 UTC,2023-10-08 19:14:14.789965 UTC
10080624,45,982,2023-12-06 23:28:18.628451 UTC,2023-12-06 23:34:25.628451 UTC
5936769,45,7365,2023-10-14 16:59:46.226714 UTC,2023-10-14 17:04:06.226714 UTC
11936109,45,63,2024-04-08 16:42:18.628451 UTC,2024-04-08 16:43:39.628451 UTC
9838292,45,8578,2023-07-31 08:54:18.628451 UTC,2023-07-31 09:03:48.628451 UTC
12921458,45,1587,2024-06-13 09:04:18.628451 UTC,2024-06-13 09:05:59.628451 UTC
13169369,45,3961,2024-06-29 21:59:18.628451 UTC,2024-06-29 22:12:45.628451 UTC
10626783,45,2615,2024-01-12 09:38:18.628451 UTC,2024-01-12 09:41:15.628451 UTC
13457283,45,4014,2024-07-19 01:57:18.628451 UTC,2024-07-19 02:07:30.628451 UTC
7915786,45,6655,2023-09-28 16:16:10.93634 UTC,2023-09-28 16:25:23.93634 UTC
10191790,45,3249,2023-12-14 10:23:18.628451 UTC,2023-12-14 10:34:06.628451 UTC
10546988,45,759,2024-01-07 01:59:18.628451 UTC,2024-01-07 02:10:11.628451 UTC
10832956,45,1131,2024-01-26 03:32:18.628451 UTC,2024-01-26 03:35:26.628451 UTC
11314948,45,4547,2024-02-27 06:45:18.628451 UTC,2024-02-27 06:53:01.628451 UTC
10690876,45,1546,2024-01-16 17:03:18.628451 UTC,2024-01-16 17:16:08.628451 UTC
3845369,45,10416,2023-08-06 06:26:30.719616 UTC,2023-08-06 06:32:30.719616 UTC
13203564,45,5272,2024-07-02 04:15:18.628451 UTC,2024-07-02 04:25:34.628451 UTC
10805785,45,8583,2024-01-24 08:10:18.628451 UTC,2024-01-24 08:16:05.628451 UTC
11498803,45,5912,2024-03-10 12:38:18.628451 UTC,2024-03-10 12:41:25.628451 UTC
11538601,45,9725,2024-03-13 04:29:18.628451 UTC,2024-03-13 04:30:11.628451 UTC
1955197,45,2519,2023-10-28 12:23:58.052641 UTC,2023-10-28 12:33:34.052641 UTC
4924787,45,3877,2023-10-05 14:05:19.789965 UTC,2023-10-05 14:12:26.789965 UTC
9990647,45,2947,2023-11-24 13:36:18.628451 UTC,2023-11-24 13:40:45.628451 UTC
8830951,45,9496,2023-07-25 23:40:34.749663 UTC,2023-07-25 23:54:13.749663 UTC
11504602,45,130,2024-03-10 21:56:18.628451 UTC,2024-03-10 21:59:14.628451 UTC
5870673,45,6441,2023-08-25 09:40:46.226714 UTC,2023-08-25 09:49:37.226714 UTC
11925717,45,6072,2024-04-08 00:12:18.628451 UTC,2024-04-08 00:26:06.628451 UTC
6840097,45,5904,2023-08-01 17:03:33.269681 UTC,2023-08-01 17:09:21.269681 UTC
10288698,45,534,2023-12-20 21:58:18.628451 UTC,2023-12-20 22:03:32.628451 UTC
10334283,45,8114,2023-12-23 22:28:18.628451 UTC,2023-12-23 22:28:39.628451 UTC
13427785,45,3089,2024-07-17 02:37:18.628451 UTC,2024-07-17 02:51:11.628451 UTC
1941140,45,2625,2023-10-17 21:01:58.052641 UTC,2023-10-17 21:14:27.052641 UTC
12759570,45,6865,2024-06-02 14:02:18.628451 UTC,2024-06-02 14:05:39.628451 UTC
10874108,45,6569,2024-01-28 21:32:18.628451 UTC,2024-01-28 21:33:08.628451 UTC
10524398,45,6622,2024-01-05 13:41:18.628451 UTC,2024-01-05 13:49:43.628451 UTC
890617,45,5389,2023-09-09 09:02:47.952295 UTC,2023-09-09 09:03:01.952295 UTC
11094305,45,5807,2024-02-12 14:02:18.628451 UTC,2024-02-12 14:16:05.628451 UTC
10255484,45,3494,2023-12-18 16:43:18.628451 UTC,2023-12-18 16:47:20.628451 UTC
12059947,45,5499,2024-04-16 21:33:18.628451 UTC,2024-04-16 21:37:58.628451 UTC
11297770,45,7480,2024-02-26 03:11:18.628451 UTC,2024-02-26 03:19:01.628451 UTC
1992394,45,1985,2023-11-25 19:51:58.052641 UTC,2023-11-25 19:56:17.052641 UTC
11967370,45,4806,2024-04-10 18:14:18.628451 UTC,2024-04-10 18:17:36.628451 UTC
12084390,45,9852,2024-04-18 13:04:18.628451 UTC,2024-04-18 13:05:37.628451 UTC
10816095,45,10687,2024-01-25 00:34:18.628451 UTC,2024-01-25 00:36:08.628451 UTC
907074,45,6070,2023-09-21 22:20:47.952295 UTC,2023-09-21 22:20:54.952295 UTC
13247586,45,7849,2024-07-05 02:11:18.628451 UTC,2024-07-05 02:18:19.628451 UTC
13417601,45,8833,2024-07-16 10:30:18.628451 UTC,2024-07-16 10:43:48.628451 UTC
8999299,45,1833,2023-12-01 02:08:34.749663 UTC,2023-12-01 02:09:09.749663 UTC
4837966,45,9590,2023-07-31 12:16:19.789965 UTC,2023-07-31 12:19:43.789965 UTC
6905993,45,5231,2023-09-21 03:28:33.269681 UTC,2023-09-21 03:29:08.269681 UTC
4938426,45,4648,2023-10-15 20:42:19.789965 UTC,2023-10-15 20:45:47.789965 UTC
10565030,45,5925,2024-01-08 06:56:18.628451 UTC,2024-01-08 07:09:07.628451 UTC
6920754,45,1463,2023-10-02 12:26:33.269681 UTC,2023-10-02 12:30:08.269681 UTC
3896108,45,4180,2023-09-13 20:54:30.719616 UTC,2023-09-13 20:58:40.719616 UTC
11514863,46,10463,2024-03-11 14:35:18.628451 UTC,2024-03-11 14:42:45.628451 UTC
11007180,46,10520,2024-02-06 18:06:18.628451 UTC,2024-02-06 18:18:23.628451 UTC
11272107,46,10136,2024-02-24 10:03:18.628451 UTC,2024-02-24 10:10:29.628451 UTC
12935666,46,370,2024-06-14 07:52:18.628451 UTC,2024-06-14 08:02:21.628451 UTC
4878089,46,9832,2023-08-31 07:01:19.789965 UTC,2023-08-31 07:13:42.789965 UTC
12676233,46,6799,2024-05-28 00:27:18.628451 UTC,2024-05-28 00:34:51.628451 UTC
11134576,46,7118,2024-02-15 06:19:18.628451 UTC,2024-02-15 06:34:10.628451 UTC
13446776,46,5541,2024-07-18 08:58:18.628451 UTC,2024-07-18 09:04:57.628451 UTC
11837653,46,7561,2024-04-02 03:12:18.628451 UTC,2024-04-02 03:23:12.628451 UTC
10623484,46,2738,2024-01-12 04:30:18.628451 UTC,2024-01-12 04:44:22.628451 UTC
13152978,46,4323,2024-06-28 20:03:18.628451 UTC,2024-06-28 20:15:18.628451 UTC
11701719,46,10331,2024-03-24 01:16:18.628451 UTC,2024-03-24 01:19:23.628451 UTC
11583424,46,9213,2024-03-16 04:16:18.628451 UTC,2024-03-16 04:17:37.628451 UTC
8954135,46,1322,2023-10-27 13:22:34.749663 UTC,2023-10-27 13:36:09.749663 UTC
7848331,46,2954,2023-08-08 13:01:10.93634 UTC,2023-08-08 13:08:31.93634 UTC
6868034,46,9344,2023-08-23 00:50:33.269681 UTC,2023-08-23 00:51:52.269681 UTC
9924179,46,3450,2023-10-04 20:42:18.628451 UTC,2023-10-04 20:54:19.628451 UTC
4847814,46,7014,2023-08-08 01:04:19.789965 UTC,2023-08-08 01:10:22.789965 UTC
12936197,46,6357,2024-06-14 08:40:18.628451 UTC,2024-06-14 08:52:40.628451 UTC
12508197,46,1054,2024-05-16 19:03:18.628451 UTC,2024-05-16 19:05:31.628451 UTC
6934078,46,5422,2023-10-12 15:55:33.269681 UTC,2023-10-12 16:06:42.269681 UTC
13465555,46,2659,2024-07-19 15:11:18.628451 UTC,2024-07-19 15:15:43.628451 UTC
11607690,46,5317,2024-03-17 19:02:18.628451 UTC,2024-03-17 19:10:46.628451 UTC
6927344,46,6911,2023-10-07 12:51:33.269681 UTC,2023-10-07 12:52:15.269681 UTC
13413822,46,5100,2024-07-16 04:33:18.628451 UTC,2024-07-16 04:36:17.628451 UTC
11521354,46,6471,2024-03-12 00:42:18.628451 UTC,2024-03-12 00:56:02.628451 UTC
7887828,46,1530,2023-09-07 10:07:10.93634 UTC,2023-09-07 10:22:01.93634 UTC
12317518,46,9395,2024-05-04 01:37:18.628451 UTC,2024-05-04 01:52:01.628451 UTC
13223059,46,9746,2024-07-03 11:31:18.628451 UTC,2024-07-03 11:44:20.628451 UTC
6834402,46,1682,2023-07-28 10:34:33.269681 UTC,2023-07-28 10:34:47.269681 UTC
10930408,46,3415,2024-02-01 15:07:18.628451 UTC,2024-02-01 15:08:17.628451 UTC
10017983,46,6728,2023-12-02 19:17:18.628451 UTC,2023-12-02 19:25:03.628451 UTC
10905391,46,4873,2024-01-30 23:02:18.628451 UTC,2024-01-30 23:15:41.628451 UTC
5861608,46,345,2023-08-18 12:25:46.226714 UTC,2023-08-18 12:29:24.226714 UTC
10746194,46,2634,2024-01-20 09:22:18.628451 UTC,2024-01-20 09:30:00.628451 UTC
12155070,46,2081,2024-04-23 05:58:18.628451 UTC,2024-04-23 06:11:39.628451 UTC
13500134,46,6216,2024-07-21 22:42:18.628451 UTC,2024-07-21 22:51:51.628451 UTC
9890229,46,5118,2023-09-08 22:12:18.628451 UTC,2023-09-08 22:20:10.628451 UTC
4851274,46,4571,2023-08-10 17:18:19.789965 UTC,2023-08-10 17:24:22.789965 UTC
13254687,46,4185,2024-07-05 13:39:18.628451 UTC,2024-07-05 13:41:51.628451 UTC
12646123,46,3787,2024-05-25 23:48:18.628451 UTC,2024-05-26 00:02:36.628451 UTC
12393607,46,9704,2024-05-09 03:23:18.628451 UTC,2024-05-09 03:29:54.628451 UTC
11993131,46,10199,2024-04-12 11:26:18.628451 UTC,2024-04-12 11:32:41.628451 UTC
12631539,46,1752,2024-05-25 00:00:18.628451 UTC,2024-05-25 00:06:46.628451 UTC
10575894,46,10639,2024-01-09 00:16:18.628451 UTC,2024-01-09 00:29:58.628451 UTC
3996846,46,461,2023-11-29 05:01:30.719616 UTC,2023-11-29 05:02:49.719616 UTC
12987003,46,950,2024-06-17 18:08:18.628451 UTC,2024-06-17 18:14:11.628451 UTC
12989179,46,2666,2024-06-17 21:39:18.628451 UTC,2024-06-17 21:42:27.628451 UTC
11304974,46,3894,2024-02-26 14:36:18.628451 UTC,2024-02-26 14:48:38.628451 UTC
11157975,46,2462,2024-02-16 19:19:18.628451 UTC,2024-02-16 19:27:07.628451 UTC
7844817,46,8783,2023-08-05 21:08:10.93634 UTC,2023-08-05 21:16:36.93634 UTC
11688045,46,7018,2024-03-23 03:40:18.628451 UTC,2024-03-23 03:48:46.628451 UTC
12150906,46,4510,2024-04-22 23:22:18.628451 UTC,2024-04-22 23:24:59.628451 UTC
9901513,46,9926,2023-09-17 16:07:18.628451 UTC,2023-09-17 16:07:29.628451 UTC
926886,46,5043,2023-10-07 01:14:47.952295 UTC,2023-10-07 01:26:33.952295 UTC
13190969,46,311,2024-07-01 08:00:18.628451 UTC,2024-07-01 08:11:08.628451 UTC
12903027,46,646,2024-06-12 03:34:18.628451 UTC,2024-06-12 03:38:25.628451 UTC
10081311,46,8467,2023-12-07 00:33:18.628451 UTC,2023-12-07 00:40:48.628451 UTC
913172,46,2664,2023-09-26 14:39:47.952295 UTC,2023-09-26 14:41:50.952295 UTC
11698665,46,4701,2024-03-23 20:30:18.628451 UTC,2024-03-23 20:36:23.628451 UTC
10408315,46,1117,2023-12-28 20:50:18.628451 UTC,2023-12-28 20:55:14.628451 UTC
10076208,46,10122,2023-12-06 16:29:18.628451 UTC,2023-12-06 16:39:36.628451 UTC
11629530,46,2199,2024-03-19 05:55:18.628451 UTC,2024-03-19 06:06:54.628451 UTC
12124345,46,4431,2024-04-21 04:48:18.628451 UTC,2024-04-21 04:56:19.628451 UTC
2939585,46,2933,2023-10-16 13:50:18.81691 UTC,2023-10-16 13:53:10.81691 UTC
10288374,46,6064,2023-12-20 21:27:18.628451 UTC,2023-12-20 21:35:12.628451 UTC
3921823,46,632,2023-10-03 08:45:30.719616 UTC,2023-10-03 08:47:32.719616 UTC
12294504,46,2212,2024-05-02 12:48:18.628451 UTC,2024-05-02 12:58:38.628451 UTC
11026176,46,10409,2024-02-08 00:36:18.628451 UTC,2024-02-08 00:43:09.628451 UTC
11230319,46,2585,2024-02-21 15:36:18.628451 UTC,2024-02-21 15:47:47.628451 UTC
8886905,46,876,2023-09-06 08:39:34.749663 UTC,2023-09-06 08:43:35.749663 UTC
11079532,46,1375,2024-02-11 14:16:18.628451 UTC,2024-02-11 14:19:45.628451 UTC
4972935,46,3304,2023-11-10 23:25:19.789965 UTC,2023-11-10 23:27:10.789965 UTC
12959855,46,1330,2024-06-15 22:43:18.628451 UTC,2024-06-15 22:53:34.628451 UTC
12037554,46,7029,2024-04-15 10:00:18.628451 UTC,2024-04-15 10:04:30.628451 UTC
10345809,46,8451,2023-12-24 16:55:18.628451 UTC,2023-12-24 17:07:24.628451 UTC
11025543,46,5167,2024-02-07 23:33:18.628451 UTC,2024-02-07 23:39:12.628451 UTC
5935829,46,579,2023-10-13 23:11:46.226714 UTC,2023-10-13 23:18:55.226714 UTC
12744169,46,2051,2024-06-01 13:17:18.628451 UTC,2024-06-01 13:27:19.628451 UTC
11766110,46,2391,2024-03-28 08:14:18.628451 UTC,2024-03-28 08:26:06.628451 UTC
10316678,46,10501,2023-12-22 18:23:18.628451 UTC,2023-12-22 18:38:12.628451 UTC
10056732,46,3506,2023-12-05 09:37:18.628451 UTC,2023-12-05 09:39:40.628451 UTC
7971286,46,7025,2023-11-09 19:50:10.93634 UTC,2023-11-09 20:01:00.93634 UTC
6980114,46,3887,2023-11-16 12:01:33.269681 UTC,2023-11-16 12:12:04.269681 UTC
10277623,46,7552,2023-12-20 04:08:18.628451 UTC,2023-12-20 04:11:00.628451 UTC
10277258,46,4772,2023-12-20 03:33:18.628451 UTC,2023-12-20 03:45:14.628451 UTC
2845660,46,9203,2023-08-06 12:00:18.81691 UTC,2023-08-06 12:00:51.81691 UTC
8909501,46,5529,2023-09-23 13:33:34.749663 UTC,2023-09-23 13:34:12.749663 UTC
10335081,46,8111,2023-12-23 23:44:18.628451 UTC,2023-12-23 23:50:14.628451 UTC
9997874,46,2419,2023-11-29 23:57:18.628451 UTC,2023-11-30 00:05:13.628451 UTC
11912256,46,3335,2024-04-07 02:55:18.628451 UTC,2024-04-07 03:08:05.628451 UTC
5947775,46,9293,2023-10-22 23:25:46.226714 UTC,2023-10-22 23:35:07.226714 UTC
12900469,46,9269,2024-06-11 23:29:18.628451 UTC,2024-06-11 23:35:47.628451 UTC
7934311,46,575,2023-10-12 16:33:10.93634 UTC,2023-10-12 16:40:04.93634 UTC
13525491,46,7497,2024-07-23 15:06:18.628451 UTC,2024-07-23 15:11:34.628451 UTC
13375374,46,1227,2024-07-13 15:13:18.628451 UTC,2024-07-13 15:15:46.628451 UTC
13163754,46,9638,2024-06-29 13:09:18.628451 UTC,2024-06-29 13:11:56.628451 UTC
3971908,46,6437,2023-11-10 06:53:30.719616 UTC,2023-11-10 07:08:28.719616 UTC
8832061,46,3186,2023-07-26 20:54:34.749663 UTC,2023-07-26 21:01:19.749663 UTC
12758866,46,901,2024-06-02 12:53:18.628451 UTC,2024-06-02 13:00:24.628451 UTC
2901051,47,4199,2023-09-17 05:25:18.81691 UTC,2023-09-17 05:38:14.81691 UTC
2927687,47,683,2023-10-07 13:41:18.81691 UTC,2023-10-07 13:48:12.81691 UTC
7972017,47,8020,2023-11-10 08:44:10.93634 UTC,2023-11-10 08:49:21.93634 UTC
10790303,47,6321,2024-01-23 07:23:18.628451 UTC,2024-01-23 07:31:46.628451 UTC
2907412,47,3608,2023-09-22 01:37:18.81691 UTC,2023-09-22 01:44:03.81691 UTC
12744031,47,7595,2024-06-01 13:04:18.628451 UTC,2024-06-01 13:18:34.628451 UTC
12285040,47,6006,2024-05-01 21:37:18.628451 UTC,2024-05-01 21:47:16.628451 UTC
8998425,47,2762,2023-11-30 09:24:34.749663 UTC,2023-11-30 09:25:01.749663 UTC
11803172,47,7648,2024-03-30 19:48:18.628451 UTC,2024-03-30 19:55:52.628451 UTC
7946910,47,10667,2023-10-22 06:42:10.93634 UTC,2023-10-22 06:56:46.93634 UTC
13130582,47,2388,2024-06-27 07:59:18.628451 UTC,2024-06-27 08:07:11.628451 UTC
10669782,47,7500,2024-01-15 07:08:18.628451 UTC,2024-01-15 07:11:04.628451 UTC
12411647,47,2932,2024-05-10 08:37:18.628451 UTC,2024-05-10 08:50:28.628451 UTC
10674941,47,280,2024-01-15 15:27:18.628451 UTC,2024-01-15 15:34:08.628451 UTC
13519679,47,7313,2024-07-23 05:41:18.628451 UTC,2024-07-23 05:48:17.628451 UTC
10305173,47,113,2023-12-22 00:02:18.628451 UTC,2023-12-22 00:06:47.628451 UTC
12259101,47,5120,2024-04-30 04:12:18.628451 UTC,2024-04-30 04:12:34.628451 UTC
10789342,47,6376,2024-01-23 05:50:18.628451 UTC,2024-01-23 05:52:37.628451 UTC
11265362,47,7272,2024-02-23 23:22:18.628451 UTC,2024-02-23 23:30:20.628451 UTC
6932458,47,8382,2023-10-11 10:06:33.269681 UTC,2023-10-11 10:06:44.269681 UTC
10551234,47,10689,2024-01-07 08:42:18.628451 UTC,2024-01-07 08:43:16.628451 UTC
12610690,47,6378,2024-05-23 14:43:18.628451 UTC,2024-05-23 14:58:15.628451 UTC
12148610,47,4817,2024-04-22 19:43:18.628451 UTC,2024-04-22 19:57:56.628451 UTC
3890493,47,9174,2023-09-09 16:54:30.719616 UTC,2023-09-09 17:02:57.719616 UTC
7993346,47,3782,2023-11-26 14:09:10.93634 UTC,2023-11-26 14:11:46.93634 UTC
5846593,47,6997,2023-08-07 05:17:46.226714 UTC,2023-08-07 05:29:33.226714 UTC
10179187,47,7278,2023-12-13 14:15:18.628451 UTC,2023-12-13 14:21:12.628451 UTC
7856863,47,5035,2023-08-14 22:12:10.93634 UTC,2023-08-14 22:26:53.93634 UTC
10611390,47,9516,2024-01-11 09:20:18.628451 UTC,2024-01-11 09:22:32.628451 UTC
11724312,47,111,2024-03-25 13:45:18.628451 UTC,2024-03-25 13:52:31.628451 UTC
11425436,47,1332,2024-03-05 15:09:18.628451 UTC,2024-03-05 15:24:00.628451 UTC
10718996,47,3790,2024-01-18 13:53:18.628451 UTC,2024-01-18 14:00:57.628451 UTC
13132259,47,2999,2024-06-27 10:45:18.628451 UTC,2024-06-27 10:59:25.628451 UTC
11981907,47,3622,2024-04-11 17:33:18.628451 UTC,2024-04-11 17:45:50.628451 UTC
2855515,47,2092,2023-08-13 18:39:18.81691 UTC,2023-08-13 18:47:25.81691 UTC
11776880,47,9676,2024-03-29 01:29:18.628451 UTC,2024-03-29 01:36:19.628451 UTC
7858567,47,5465,2023-08-16 04:53:10.93634 UTC,2023-08-16 05:02:02.93634 UTC
13219657,47,537,2024-07-03 06:11:18.628451 UTC,2024-07-03 06:13:40.628451 UTC
10098440,47,7485,2023-12-08 04:07:18.628451 UTC,2023-12-08 04:10:44.628451 UTC
6915033,47,7598,2023-09-28 02:12:33.269681 UTC,2023-09-28 02:14:05.269681 UTC
10060887,47,2698,2023-12-05 16:10:18.628451 UTC,2023-12-05 16:20:09.628451 UTC
11676025,47,9766,2024-03-22 08:16:18.628451 UTC,2024-03-22 08:20:53.628451 UTC
4872018,47,579,2023-08-26 14:39:19.789965 UTC,2023-08-26 14:41:33.789965 UTC
7835127,47,4673,2023-07-29 15:06:10.93634 UTC,2023-07-29 15:19:34.93634 UTC
6921180,47,6919,2023-10-02 20:27:33.269681 UTC,2023-10-02 20:29:30.269681 UTC
992092,47,2085,2023-11-25 13:43:47.952295 UTC,2023-11-25 13:48:00.952295 UTC
12074407,47,1809,2024-04-17 20:54:18.628451 UTC,2024-04-17 21:06:34.628451 UTC
5988722,47,8419,2023-11-23 03:09:46.226714 UTC,2023-11-23 03:17:08.226714 UTC
12332642,47,6496,2024-05-05 01:45:18.628451 UTC,2024-05-05 01:51:29.628451 UTC
964240,47,8189,2023-11-04 12:38:47.952295 UTC,2023-11-04 12:48:36.952295 UTC
1972385,47,3917,2023-11-10 14:22:58.052641 UTC,2023-11-10 14:28:06.052641 UTC
10098500,47,9082,2023-12-08 04:13:18.628451 UTC,2023-12-08 04:15:04.628451 UTC
11742280,47,586,2024-03-26 18:30:18.628451 UTC,2024-03-26 18:43:01.628451 UTC
12985796,47,7522,2024-06-17 16:09:18.628451 UTC,2024-06-17 16:19:33.628451 UTC
13067345,47,2217,2024-06-23 03:00:18.628451 UTC,2024-06-23 03:03:16.628451 UTC
12191320,47,8835,2024-04-25 15:40:18.628451 UTC,2024-04-25 15:49:44.628451 UTC
10012130,47,1862,2023-12-02 09:52:18.628451 UTC,2023-12-02 09:53:08.628451 UTC
13310447,47,4407,2024-07-09 06:55:18.628451 UTC,2024-07-09 06:57:47.628451 UTC
13279230,47,9134,2024-07-07 04:53:18.628451 UTC,2024-07-07 04:57:42.628451 UTC
2964122,47,4413,2023-11-04 07:24:18.81691 UTC,2023-11-04 07:35:25.81691 UTC
12445701,47,4925,2024-05-12 14:57:18.628451 UTC,2024-05-12 14:59:28.628451 UTC
3958151,47,5690,2023-10-30 19:46:30.719616 UTC,2023-10-30 19:48:22.719616 UTC
11378199,47,2797,2024-03-02 11:36:18.628451 UTC,2024-03-02 11:38:44.628451 UTC
11708352,47,5642,2024-03-24 12:01:18.628451 UTC,2024-03-24 12:11:49.628451 UTC
8890239,47,252,2023-09-08 20:45:34.749663 UTC,2023-09-08 20:59:20.749663 UTC
12974741,47,9837,2024-06-16 22:23:18.628451 UTC,2024-06-16 22:25:38.628451 UTC
4936544,47,7682,2023-10-14 11:00:19.789965 UTC,2023-10-14 11:05:36.789965 UTC
1885784,47,1517,2023-09-05 21:21:58.052641 UTC,2023-09-05 21:25:05.052641 UTC
10099704,47,1787,2023-12-08 06:09:18.628451 UTC,2023-12-08 06:20:08.628451 UTC
7843935,47,8883,2023-08-05 05:31:10.93634 UTC,2023-08-05 05:35:05.93634 UTC
11005994,47,1750,2024-02-06 16:17:18.628451 UTC,2024-02-06 16:32:05.628451 UTC
12758402,47,337,2024-06-02 12:08:18.628451 UTC,2024-06-02 12:10:25.628451 UTC
5876916,47,3247,2023-08-30 01:52:46.226714 UTC,2023-08-30 01:59:21.226714 UTC
12562429,47,7821,2024-05-20 09:44:18.628451 UTC,2024-05-20 09:45:01.628451 UTC
13194012,47,6152,2024-07-01 12:48:18.628451 UTC,2024-07-01 12:57:42.628451 UTC
10698575,47,996,2024-01-17 05:09:18.628451 UTC,2024-01-17 05:17:11.628451 UTC
11171347,47,7797,2024-02-17 16:53:18.628451 UTC,2024-02-17 16:54:41.628451 UTC
11399996,47,8270,2024-03-03 22:25:18.628451 UTC,2024-03-03 22:27:36.628451 UTC
12875696,47,4057,2024-06-10 08:12:18.628451 UTC,2024-06-10 08:26:47.628451 UTC
5933884,47,9449,2023-10-12 12:28:46.226714 UTC,2023-10-12 12:39:35.226714 UTC
8917962,47,9076,2023-09-30 00:07:34.749663 UTC,2023-09-30 00:08:01.749663 UTC
10444104,47,2797,2023-12-31 05:40:18.628451 UTC,2023-12-31 05:54:04.628451 UTC
6997597,47,6637,2023-11-29 18:11:33.269681 UTC,2023-11-29 18:16:59.269681 UTC
1832695,47,7414,2023-07-27 08:41:58.052641 UTC,2023-07-27 08:56:08.052641 UTC
11987966,47,3056,2024-04-12 03:24:18.628451 UTC,2024-04-12 03:26:19.628451 UTC
10031587,47,4136,2023-12-03 17:00:18.628451 UTC,2023-12-03 17:04:11.628451 UTC
4996083,47,9679,2023-11-28 14:59:19.789965 UTC,2023-11-28 15:02:21.789965 UTC
10251281,47,8611,2023-12-18 09:58:18.628451 UTC,2023-12-18 10:00:56.628451 UTC
8886985,47,3275,2023-09-06 10:09:34.749663 UTC,2023-09-06 10:15:40.749663 UTC
2897042,47,6775,2023-09-14 02:24:18.81691 UTC,2023-09-14 02:28:32.81691 UTC
6968121,47,1480,2023-11-07 11:42:33.269681 UTC,2023-11-07 11:49:22.269681 UTC
13372922,48,3422,2024-07-13 11:15:18.628451 UTC,2024-07-13 11:20:16.628451 UTC
2856231,48,4680,2023-08-14 07:39:18.81691 UTC,2023-08-14 07:41:39.81691 UTC
13057032,48,9158,2024-06-22 10:28:18.628451 UTC,2024-06-22 10:40:30.628451 UTC
11558374,48,5216,2024-03-14 12:05:18.628451 UTC,2024-03-14 12:14:38.628451 UTC
10949603,48,2615,2024-02-02 21:41:18.628451 UTC,2024-02-02 21:53:41.628451 UTC
7832526,48,759,2023-07-27 16:58:10.93634 UTC,2023-07-27 17:10:58.93634 UTC
12117275,48,3382,2024-04-20 17:38:18.628451 UTC,2024-04-20 17:45:28.628451 UTC
12147246,48,3334,2024-04-22 17:25:18.628451 UTC,2024-04-22 17:36:19.628451 UTC
11007879,48,7213,2024-02-06 19:14:18.628451 UTC,2024-02-06 19:28:46.628451 UTC
11764206,48,904,2024-03-28 05:13:18.628451 UTC,2024-03-28 05:28:04.628451 UTC
12171351,48,1652,2024-04-24 07:35:18.628451 UTC,2024-04-24 07:35:59.628451 UTC
8970256,48,6655,2023-11-08 20:13:34.749663 UTC,2023-11-08 20:22:24.749663 UTC
11923427,48,5595,2024-04-07 20:42:18.628451 UTC,2024-04-07 20:44:28.628451 UTC
11091296,48,1837,2024-02-12 09:10:18.628451 UTC,2024-02-12 09:16:44.628451 UTC
11244178,48,6847,2024-02-22 13:34:18.628451 UTC,2024-02-22 13:48:39.628451 UTC
10162665,48,6801,2023-12-12 12:02:18.628451 UTC,2023-12-12 12:09:36.628451 UTC
13514485,48,6794,2024-07-22 21:33:18.628451 UTC,2024-07-22 21:45:54.628451 UTC
10237763,48,10153,2023-12-17 12:29:18.628451 UTC,2023-12-17 12:34:06.628451 UTC
12258377,48,10553,2024-04-30 03:01:18.628451 UTC,2024-04-30 03:12:47.628451 UTC
7974013,48,10362,2023-11-11 19:52:10.93634 UTC,2023-11-11 19:54:55.93634 UTC
10063294,48,3142,2023-12-05 19:55:18.628451 UTC,2023-12-05 20:05:21.628451 UTC
11379771,48,1219,2024-03-02 14:09:18.628451 UTC,2024-03-02 14:14:56.628451 UTC
1829506,48,6967,2023-07-24 22:28:58.052641 UTC,2023-07-24 22:41:49.052641 UTC
12778739,48,7916,2024-06-03 20:47:18.628451 UTC,2024-06-03 21:00:55.628451 UTC
866288,48,6869,2023-08-21 20:49:47.952295 UTC,2023-08-21 20:51:34.952295 UTC
4839885,48,5590,2023-08-01 23:35:19.789965 UTC,2023-08-01 23:47:55.789965 UTC
10086138,48,4784,2023-12-07 08:08:18.628451 UTC,2023-12-07 08:10:22.628451 UTC
10668278,48,4502,2024-01-15 04:44:18.628451 UTC,2024-01-15 04:51:52.628451 UTC
13069115,48,4066,2024-06-23 05:53:18.628451 UTC,2024-06-23 06:05:37.628451 UTC
7870353,48,10455,2023-08-25 05:07:10.93634 UTC,2023-08-25 05:17:51.93634 UTC
12108880,48,2808,2024-04-20 04:21:18.628451 UTC,2024-04-20 04:27:03.628451 UTC
980058,48,3344,2023-11-16 10:03:47.952295 UTC,2023-11-16 10:17:49.952295 UTC
13292020,48,6425,2024-07-08 01:29:18.628451 UTC,2024-07-08 01:32:15.628451 UTC
2964578,48,3238,2023-11-04 16:20:18.81691 UTC,2023-11-04 16:33:47.81691 UTC
12904716,48,7562,2024-06-12 06:21:18.628451 UTC,2024-06-12 06:23:40.628451 UTC
8933547,48,6441,2023-10-11 18:28:34.749663 UTC,2023-10-11 18:41:41.749663 UTC
914343,48,5653,2023-09-27 12:34:47.952295 UTC,2023-09-27 12:38:08.952295 UTC
942360,48,4350,2023-10-18 20:44:47.952295 UTC,2023-10-18 20:50:07.952295 UTC
11090266,48,6352,2024-02-12 07:31:18.628451 UTC,2024-02-12 07:37:46.628451 UTC
10952197,48,2616,2024-02-03 01:53:18.628451 UTC,2024-02-03 01:54:29.628451 UTC
4962964,48,2999,2023-11-03 08:35:19.789965 UTC,2023-11-03 08:48:09.789965 UTC
10761305,48,8886,2024-01-21 09:43:18.628451 UTC,2024-01-21 09:44:13.628451 UTC
13007576,48,6802,2024-06-19 02:51:18.628451 UTC,2024-06-19 03:04:39.628451 UTC
12454505,48,658,2024-05-13 05:02:18.628451 UTC,2024-05-13 05:12:28.628451 UTC
5865733,48,7714,2023-08-21 16:08:46.226714 UTC,2023-08-21 16:20:05.226714 UTC
12532101,48,9088,2024-05-18 09:18:18.628451 UTC,2024-05-18 09:24:18.628451 UTC
12200581,48,6874,2024-04-26 06:25:18.628451 UTC,2024-04-26 06:28:21.628451 UTC
10191446,48,3850,2023-12-14 09:52:18.628451 UTC,2023-12-14 09:58:55.628451 UTC
4882929,48,1724,2023-09-03 23:20:19.789965 UTC,2023-09-03 23:24:39.789965 UTC
10558380,48,10149,2024-01-07 20:11:18.628451 UTC,2024-01-07 20:11:33.628451 UTC
11095365,48,3824,2024-02-12 15:37:18.628451 UTC,2024-02-12 15:38:39.628451 UTC
11186136,48,7800,2024-02-18 16:49:18.628451 UTC,2024-02-18 16:56:07.628451 UTC
11460358,48,10233,2024-03-07 22:48:18.628451 UTC,2024-03-07 22:56:12.628451 UTC
1910474,48,5643,2023-09-24 12:13:58.052641 UTC,2023-09-24 12:14:05.052641 UTC
10271629,48,4906,2023-12-19 18:27:18.628451 UTC,2023-12-19 18:38:32.628451 UTC
11069729,48,6142,2024-02-10 22:33:18.628451 UTC,2024-02-10 22:45:01.628451 UTC
4845625,48,4612,2023-08-06 07:15:19.789965 UTC,2023-08-06 07:23:00.789965 UTC
12985623,48,1806,2024-06-17 15:54:18.628451 UTC,2024-06-17 16:08:09.628451 UTC
13230550,48,621,2024-07-03 23:15:18.628451 UTC,2024-07-03 23:17:27.628451 UTC
11585482,48,7448,2024-03-16 07:39:18.628451 UTC,2024-03-16 07:39:54.628451 UTC
10364682,48,9809,2023-12-25 22:53:18.628451 UTC,2023-12-25 22:57:58.628451 UTC
2940703,48,5753,2023-10-17 10:59:18.81691 UTC,2023-10-17 11:12:25.81691 UTC
11292880,48,3117,2024-02-25 19:17:18.628451 UTC,2024-02-25 19:28:30.628451 UTC
12671627,48,3647,2024-05-27 16:52:18.628451 UTC,2024-05-27 17:05:15.628451 UTC
10635619,48,4116,2024-01-13 00:07:18.628451 UTC,2024-01-13 00:18:09.628451 UTC
12295120,48,4438,2024-05-02 13:46:18.628451 UTC,2024-05-02 13:47:17.628451 UTC
10903477,48,6773,2024-01-30 19:55:18.628451 UTC,2024-01-30 20:06:58.628451 UTC
6884899,48,7938,2023-09-04 23:40:33.269681 UTC,2023-09-04 23:43:56.269681 UTC
3883069,48,9123,2023-09-03 21:38:30.719616 UTC,2023-09-03 21:40:18.719616 UTC
1971362,48,4925,2023-11-09 18:36:58.052641 UTC,2023-11-09 18:37:42.052641 UTC
11721465,48,10257,2024-03-25 09:10:18.628451 UTC,2024-03-25 09:23:50.628451 UTC
12673264,48,8977,2024-05-27 19:34:18.628451 UTC,2024-05-27 19:40:42.628451 UTC
11747741,48,7863,2024-03-27 03:12:18.628451 UTC,2024-03-27 03:23:19.628451 UTC
10884269,48,5159,2024-01-29 13:46:18.628451 UTC,2024-01-29 13:50:21.628451 UTC
12430185,48,10414,2024-05-11 14:16:18.628451 UTC,2024-05-11 14:26:33.628451 UTC
10243616,48,896,2023-12-17 21:48:18.628451 UTC,2023-12-17 21:48:20.628451 UTC
12956568,48,7405,2024-06-15 17:24:18.628451 UTC,2024-06-15 17:38:58.628451 UTC
10722220,48,4305,2024-01-18 19:02:18.628451 UTC,2024-01-18 19:15:32.628451 UTC
11353412,48,3987,2024-02-29 20:12:18.628451 UTC,2024-02-29 20:14:04.628451 UTC
2920355,48,4807,2023-10-02 03:12:18.81691 UTC,2023-10-02 03:14:18.81691 UTC
10729118,48,9195,2024-01-19 05:57:18.628451 UTC,2024-01-19 06:11:42.628451 UTC
13027626,48,6200,2024-06-20 11:00:18.628451 UTC,2024-06-20 11:07:07.628451 UTC
11296977,48,4774,2024-02-26 01:50:18.628451 UTC,2024-02-26 01:53:50.628451 UTC
13256064,48,2275,2024-07-05 15:53:18.628451 UTC,2024-07-05 16:04:59.628451 UTC
10960455,48,9332,2024-02-03 15:06:18.628451 UTC,2024-02-03 15:13:56.628451 UTC
4867740,48,7472,2023-08-23 07:56:19.789965 UTC,2023-08-23 07:56:42.789965 UTC
6915155,48,3539,2023-09-28 04:37:33.269681 UTC,2023-09-28 04:50:02.269681 UTC
11694013,48,3470,2024-03-23 13:13:18.628451 UTC,2024-03-23 13:26:15.628451 UTC
12411945,48,7573,2024-05-10 09:06:18.628451 UTC,2024-05-10 09:06:47.628451 UTC
12358150,48,70,2024-05-06 18:42:18.628451 UTC,2024-05-06 18:47:48.628451 UTC
11649195,48,9203,2024-03-20 13:24:18.628451 UTC,2024-03-20 13:30:20.628451 UTC
11876797,48,3921,2024-04-04 17:56:18.628451 UTC,2024-04-04 18:02:18.628451 UTC
11155861,48,3797,2024-02-16 15:59:18.628451 UTC,2024-02-16 16:04:40.628451 UTC
11079083,48,3556,2024-02-11 13:33:18.628451 UTC,2024-02-11 13:36:30.628451 UTC
9861234,48,16,2023-08-17 15:56:18.628451 UTC,2023-08-17 15:58:09.628451 UTC
12783759,48,8792,2024-06-04 04:50:18.628451 UTC,2024-06-04 04:54:29.628451 UTC
11420501,48,9758,2024-03-05 07:06:18.628451 UTC,2024-03-05 07:15:27.628451 UTC
10839822,48,4235,2024-01-26 14:23:18.628451 UTC,2024-01-26 14:37:28.628451 UTC
12564906,48,5808,2024-05-20 13:39:18.628451 UTC,2024-05-20 13:53:21.628451 UTC
5996934,48,8236,2023-11-29 08:25:46.226714 UTC,2023-11-29 08:29:57.226714 UTC
10167532,48,9749,2023-12-12 19:43:18.628451 UTC,2023-12-12 19:51:24.628451 UTC
11942765,48,3288,2024-04-09 03:08:18.628451 UTC,2024-04-09 03:15:07.628451 UTC
12104919,48,9700,2024-04-19 22:05:18.628451 UTC,2024-04-19 22:14:45.628451 UTC
11261324,48,6349,2024-02-23 16:55:18.628451 UTC,2024-02-23 16:58:17.628451 UTC
12789571,48,9756,2024-06-04 14:16:18.628451 UTC,2024-06-04 14:19:03.628451 UTC
10392631,48,2710,2023-12-27 19:50:18.628451 UTC,2023-12-27 19:58:02.628451 UTC
8935664,49,9960,2023-10-13 09:07:34.749663 UTC,2023-10-13 09:12:40.749663 UTC
13102164,49,3698,2024-06-25 10:32:18.628451 UTC,2024-06-25 10:38:36.628451 UTC
13001791,49,9561,2024-06-18 17:30:18.628451 UTC,2024-06-18 17:35:02.628451 UTC
10435674,49,553,2023-12-30 16:11:18.628451 UTC,2023-12-30 16:17:36.628451 UTC
10045371,49,7171,2023-12-04 15:21:18.628451 UTC,2023-12-04 15:32:11.628451 UTC
1918689,49,7747,2023-09-30 20:00:58.052641 UTC,2023-09-30 20:06:16.052641 UTC
11529453,49,6005,2024-03-12 13:43:18.628451 UTC,2024-03-12 13:45:42.628451 UTC
9831311,49,3052,2023-07-26 00:17:18.628451 UTC,2023-07-26 00:22:16.628451 UTC
2968269,49,10105,2023-11-07 12:38:18.81691 UTC,2023-11-07 12:52:28.81691 UTC
11169299,49,8572,2024-02-17 13:36:18.628451 UTC,2024-02-17 13:39:02.628451 UTC
12580428,49,4442,2024-05-21 14:19:18.628451 UTC,2024-05-21 14:33:44.628451 UTC
912627,49,4833,2023-09-26 04:57:47.952295 UTC,2023-09-26 05:11:15.952295 UTC
7875185,49,10116,2023-08-28 21:32:10.93634 UTC,2023-08-28 21:36:19.93634 UTC
10275378,49,5825,2023-12-20 00:28:18.628451 UTC,2023-12-20 00:40:03.628451 UTC
12443319,49,7461,2024-05-12 11:05:18.628451 UTC,2024-05-12 11:10:35.628451 UTC
12449428,49,7993,2024-05-12 20:53:18.628451 UTC,2024-05-12 20:56:03.628451 UTC
8880176,49,28,2023-09-01 05:09:34.749663 UTC,2023-09-01 05:22:31.749663 UTC
10342683,49,8291,2023-12-24 11:50:18.628451 UTC,2023-12-24 11:55:12.628451 UTC
828822,49,7836,2023-07-24 07:46:47.952295 UTC,2023-07-24 07:53:49.952295 UTC
10513255,49,2541,2024-01-04 19:43:18.628451 UTC,2024-01-04 19:44:21.628451 UTC
12015012,49,7028,2024-04-13 21:58:18.628451 UTC,2024-04-13 22:03:01.628451 UTC
6850296,49,5304,2023-08-09 11:31:33.269681 UTC,2023-08-09 11:46:15.269681 UTC
8901442,49,6284,2023-09-17 11:23:34.749663 UTC,2023-09-17 11:26:54.749663 UTC
10343189,49,8611,2023-12-24 12:43:18.628451 UTC,2023-12-24 12:45:20.628451 UTC
13044724,49,7371,2024-06-21 14:28:18.628451 UTC,2024-06-21 14:37:36.628451 UTC
11631716,49,6816,2024-03-19 09:25:18.628451 UTC,2024-03-19 09:25:29.628451 UTC
13379118,49,3157,2024-07-13 21:18:18.628451 UTC,2024-07-13 21:18:37.628451 UTC
12297191,49,3867,2024-05-02 17:11:18.628451 UTC,2024-05-02 17:19:36.628451 UTC
1858729,49,10048,2023-08-16 09:19:58.052641 UTC,2023-08-16 09:29:19.052641 UTC
13183196,49,10399,2024-06-30 19:50:18.628451 UTC,2024-06-30 19:50:50.628451 UTC
10488380,49,3497,2024-01-03 04:03:18.628451 UTC,2024-01-03 04:08:31.628451 UTC
10940322,49,4978,2024-02-02 07:05:18.628451 UTC,2024-02-02 07:19:49.628451 UTC
11750473,49,4514,2024-03-27 07:28:18.628451 UTC,2024-03-27 07:32:44.628451 UTC
13060761,49,3582,2024-06-22 16:20:18.628451 UTC,2024-06-22 16:30:34.628451 UTC
4842885,49,4259,2023-08-04 05:49:19.789965 UTC,2023-08-04 05:59:44.789965 UTC
1903802,49,4185,2023-09-19 11:37:58.052641 UTC,2023-09-19 11:46:29.052641 UTC
11398853,49,282,2024-03-03 20:40:18.628451 UTC,2024-03-03 20:48:36.628451 UTC
9987426,49,10623,2023-11-22 02:07:18.628451 UTC,2023-11-22 02:09:39.628451 UTC
12254083,49,357,2024-04-29 20:01:18.628451 UTC,2024-04-29 20:03:24.628451 UTC
7867373,49,1665,2023-08-22 22:04:10.93634 UTC,2023-08-22 22:06:36.93634 UTC
7971841,49,10604,2023-11-10 05:28:10.93634 UTC,2023-11-10 05:33:25.93634 UTC
10603775,49,7389,2024-01-10 21:04:18.628451 UTC,2024-01-10 21:09:34.628451 UTC
10475990,49,9805,2024-01-02 08:15:18.628451 UTC,2024-01-02 08:22:26.628451 UTC
8843204,49,6287,2023-08-04 07:32:34.749663 UTC,2023-08-04 07:45:33.749663 UTC
10392168,49,26,2023-12-27 19:09:18.628451 UTC,2023-12-27 19:09:28.628451 UTC
4868971,49,6529,2023-08-24 06:18:19.789965 UTC,2023-08-24 06:23:51.789965 UTC
11161605,49,9006,2024-02-17 01:05:18.628451 UTC,2024-02-17 01:18:12.628451 UTC
11857962,49,758,2024-04-03 11:46:18.628451 UTC,2024-04-03 11:50:52.628451 UTC
13273066,49,8790,2024-07-06 19:02:18.628451 UTC,2024-07-06 19:09:24.628451 UTC
3921136,49,9669,2023-10-02 19:39:30.719616 UTC,2023-10-02 19:52:09.719616 UTC
902083,49,1171,2023-09-18 03:21:47.952295 UTC,2023-09-18 03:36:36.952295 UTC
10275940,49,5119,2023-12-20 01:24:18.628451 UTC,2023-12-20 01:29:20.628451 UTC
6975252,49,8650,2023-11-12 21:31:33.269681 UTC,2023-11-12 21:45:15.269681 UTC
11616377,49,1566,2024-03-18 08:56:18.628451 UTC,2024-03-18 09:05:04.628451 UTC
11051395,49,8127,2024-02-09 17:00:18.628451 UTC,2024-02-09 17:05:08.628451 UTC
13323418,49,10421,2024-07-10 03:57:18.628451 UTC,2024-07-10 04:06:17.628451 UTC
5994647,49,4442,2023-11-27 14:34:46.226714 UTC,2023-11-27 14:34:53.226714 UTC
7991226,49,732,2023-11-24 23:12:10.93634 UTC,2023-11-24 23:12:20.93634 UTC
11124042,49,4497,2024-02-14 13:20:18.628451 UTC,2024-02-14 13:24:58.628451 UTC
11932262,49,3768,2024-04-08 10:34:18.628451 UTC,2024-04-08 10:38:03.628451 UTC
13087634,49,4096,2024-06-24 11:35:18.628451 UTC,2024-06-24 11:37:27.628451 UTC
12358784,49,999,2024-05-06 19:41:18.628451 UTC,2024-05-06 19:45:07.628451 UTC
12554799,49,10551,2024-05-19 21:33:18.628451 UTC,2024-05-19 21:40:29.628451 UTC
898185,49,1307,2023-09-15 03:49:47.952295 UTC,2023-09-15 04:03:32.952295 UTC
13503224,49,2484,2024-07-22 03:30:18.628451 UTC,2024-07-22 03:41:13.628451 UTC
1972086,49,3843,2023-11-10 08:40:58.052641 UTC,2023-11-10 08:41:46.052641 UTC
10038640,49,685,2023-12-04 04:30:18.628451 UTC,2023-12-04 04:30:59.628451 UTC
12703977,49,10647,2024-05-29 20:51:18.628451 UTC,2024-05-29 21:00:15.628451 UTC
1975381,49,5202,2023-11-12 20:56:58.052641 UTC,2023-11-12 21:10:48.052641 UTC
3875234,49,9361,2023-08-28 23:58:30.719616 UTC,2023-08-29 00:11:19.719616 UTC
10928472,49,4599,2024-02-01 11:58:18.628451 UTC,2024-02-01 12:09:38.628451 UTC
10269759,49,3459,2023-12-19 15:31:18.628451 UTC,2023-12-19 15:33:47.628451 UTC
13234384,49,413,2024-07-04 05:13:18.628451 UTC,2024-07-04 05:21:04.628451 UTC
10151001,49,6503,2023-12-11 17:02:18.628451 UTC,2023-12-11 17:05:35.628451 UTC
13470431,49,7044,2024-07-19 22:48:18.628451 UTC,2024-07-19 22:50:18.628451 UTC
9927027,49,2438,2023-10-07 00:42:18.628451 UTC,2023-10-07 00:46:48.628451 UTC
10801981,49,7249,2024-01-24 02:05:18.628451 UTC,2024-01-24 02:09:57.628451 UTC
934011,49,4658,2023-10-12 12:52:47.952295 UTC,2023-10-12 12:58:27.952295 UTC
13499343,49,7033,2024-07-21 21:27:18.628451 UTC,2024-07-21 21:28:12.628451 UTC
12101262,49,6627,2024-04-19 16:12:18.628451 UTC,2024-04-19 16:23:50.628451 UTC
12681504,49,1960,2024-05-28 08:56:18.628451 UTC,2024-05-28 09:02:26.628451 UTC
10880846,49,9977,2024-01-29 08:23:18.628451 UTC,2024-01-29 08:30:00.628451 UTC
12540666,49,2396,2024-05-18 22:55:18.628451 UTC,2024-05-18 23:01:27.628451 UTC
11824821,49,6998,2024-04-01 06:43:18.628451 UTC,2024-04-01 06:51:37.628451 UTC
10191624,49,5653,2023-12-14 10:09:18.628451 UTC,2023-12-14 10:18:19.628451 UTC
11682820,49,1595,2024-03-22 19:19:18.628451 UTC,2024-03-22 19:23:33.628451 UTC
4858425,49,7388,2023-08-16 05:47:19.789965 UTC,2023-08-16 05:57:16.789965 UTC
10408599,49,9719,2023-12-28 21:17:18.628451 UTC,2023-12-28 21:19:27.628451 UTC
3885442,49,7786,2023-09-05 18:19:30.719616 UTC,2023-09-05 18:30:10.719616 UTC
12981065,49,5045,2024-06-17 08:36:18.628451 UTC,2024-06-17 08:38:35.628451 UTC
4944945,49,891,2023-10-20 17:20:19.789965 UTC,2023-10-20 17:32:56.789965 UTC
3849731,49,385,2023-08-09 15:04:30.719616 UTC,2023-08-09 15:17:17.719616 UTC
11696585,49,5320,2024-03-23 17:09:18.628451 UTC,2024-03-23 17:19:55.628451 UTC
2836974,49,3079,2023-07-30 23:00:18.81691 UTC,2023-07-30 23:01:03.81691 UTC
12855496,49,9281,2024-06-08 23:22:18.628451 UTC,2024-06-08 23:32:01.628451 UTC
1889146,50,9770,2023-09-08 10:19:58.052641 UTC,2023-09-08 10:33:14.052641 UTC
10171330,50,8444,2023-12-13 01:36:18.628451 UTC,2023-12-13 01:47:37.628451 UTC
12601880,50,300,2024-05-23 00:24:18.628451 UTC,2024-05-23 00:25:34.628451 UTC
13069485,50,9474,2024-06-23 06:27:18.628451 UTC,2024-06-23 06:37:11.628451 UTC
12688687,50,6348,2024-05-28 20:18:18.628451 UTC,2024-05-28 20:19:52.628451 UTC
4935469,50,5493,2023-10-13 14:49:19.789965 UTC,2023-10-13 14:51:21.789965 UTC
1969609,50,169,2023-11-08 10:38:58.052641 UTC,2023-11-08 10:44:01.052641 UTC
13349502,50,2924,2024-07-11 21:31:18.628451 UTC,2024-07-11 21:36:43.628451 UTC
12397407,50,9068,2024-05-09 09:25:18.628451 UTC,2024-05-09 09:35:00.628451 UTC
11387212,50,743,2024-03-03 02:17:18.628451 UTC,2024-03-03 02:18:05.628451 UTC
13446282,50,104,2024-07-18 08:10:18.628451 UTC,2024-07-18 08:20:27.628451 UTC
10158292,50,2658,2023-12-12 04:58:18.628451 UTC,2023-12-12 05:06:52.628451 UTC
11517556,50,3121,2024-03-11 18:51:18.628451 UTC,2024-03-11 18:54:57.628451 UTC
9924203,50,3043,2023-10-04 21:09:18.628451 UTC,2023-10-04 21:10:56.628451 UTC
10708459,50,1914,2024-01-17 21:00:18.628451 UTC,2024-01-17 21:12:52.628451 UTC
9958010,50,224,2023-10-30 14:39:18.628451 UTC,2023-10-30 14:39:59.628451 UTC
12070429,50,3251,2024-04-17 14:18:18.628451 UTC,2024-04-17 14:22:53.628451 UTC
12973112,50,1832,2024-06-16 19:47:18.628451 UTC,2024-06-16 19:57:14.628451 UTC
13082412,50,9056,2024-06-24 03:18:18.628451 UTC,2024-06-24 03:29:44.628451 UTC
11233580,50,1032,2024-02-21 20:42:18.628451 UTC,2024-02-21 20:55:11.628451 UTC
10183413,50,9318,2023-12-13 20:57:18.628451 UTC,2023-12-13 20:58:51.628451 UTC
12071552,50,54,2024-04-17 16:16:18.628451 UTC,2024-04-17 16:21:38.628451 UTC
2850927,50,10099,2023-08-10 10:28:18.81691 UTC,2023-08-10 10:28:44.81691 UTC
10791397,50,5748,2024-01-23 09:09:18.628451 UTC,2024-01-23 09:09:22.628451 UTC
985682,50,5148,2023-11-20 17:37:47.952295 UTC,2023-11-20 17:52:17.952295 UTC
11247589,50,10134,2024-02-22 19:02:18.628451 UTC,2024-02-22 19:12:56.628451 UTC
10141608,50,4328,2023-12-11 01:32:18.628451 UTC,2023-12-11 01:40:32.628451 UTC
10254647,50,10393,2023-12-18 15:24:18.628451 UTC,2023-12-18 15:32:30.628451 UTC
11385914,50,8308,2024-03-03 00:10:18.628451 UTC,2024-03-03 00:19:20.628451 UTC
13050807,50,1684,2024-06-22 00:19:18.628451 UTC,2024-06-22 00:33:12.628451 UTC
6977476,50,7015,2023-11-14 12:22:33.269681 UTC,2023-11-14 12:30:53.269681 UTC
8982592,50,1463,2023-11-18 07:50:34.749663 UTC,2023-11-18 08:05:24.749663 UTC
11265510,50,319,2024-02-23 23:37:18.628451 UTC,2024-02-23 23:44:35.628451 UTC
11333545,50,1903,2024-02-28 12:25:18.628451 UTC,2024-02-28 12:32:05.628451 UTC
832698,50,3763,2023-07-27 06:20:47.952295 UTC,2023-07-27 06:28:34.952295 UTC
7837220,50,2130,2023-07-31 04:54:10.93634 UTC,2023-07-31 05:01:31.93634 UTC
6953151,50,7281,2023-10-27 03:58:33.269681 UTC,2023-10-27 04:07:38.269681 UTC
6942497,50,7300,2023-10-19 02:06:33.269681 UTC,2023-10-19 02:12:29.269681 UTC
11726953,50,8870,2024-03-25 18:04:18.628451 UTC,2024-03-25 18:16:27.628451 UTC
11264817,50,3515,2024-02-23 22:30:18.628451 UTC,2024-02-23 22:31:38.628451 UTC
13326715,50,7284,2024-07-10 09:08:18.628451 UTC,2024-07-10 09:15:51.628451 UTC
10150236,50,9511,2023-12-11 15:47:18.628451 UTC,2023-12-11 15:49:38.628451 UTC
3992610,50,2228,2023-11-26 01:56:30.719616 UTC,2023-11-26 01:59:27.719616 UTC
6848546,50,5977,2023-08-08 05:01:33.269681 UTC,2023-08-08 05:12:38.269681 UTC
10191457,50,2209,2023-12-14 09:53:18.628451 UTC,2023-12-14 10:06:11.628451 UTC
12851636,50,6795,2024-06-08 17:12:18.628451 UTC,2024-06-08 17:19:00.628451 UTC
12656624,50,8186,2024-05-26 16:43:18.628451 UTC,2024-05-26 16:48:28.628451 UTC
12134445,50,1513,2024-04-21 21:07:18.628451 UTC,2024-04-21 21:21:10.628451 UTC
10022891,50,2969,2023-12-03 03:02:18.628451 UTC,2023-12-03 03:09:43.628451 UTC
13171380,50,1624,2024-06-30 01:06:18.628451 UTC,2024-06-30 01:12:43.628451 UTC
