order_item_id,order_id,menu_id,quantity,item_price,item_total
27983423,12435440,1,5,3.99,19.95
6736420,2995546,1,1,2.99,2.99
15676950,6968121,1,1,2.99,2.99
22487628,9994749,1,1,2.99,2.99
6584873,2928401,1,1,2.99,2.99
13441521,5974773,1,1,2.99,2.99
17685109,7860840,1,1,2.99,2.99
15517400,6897195,1,1,2.99,2.99
4295298,1910474,1,1,2.99,2.99
15637722,6950695,1,1,2.99,2.99
8884089,3949644,1,1,2.99,2.99
23757047,10558541,1,1,3.99,3.99
24956846,11091296,1,1,3.99,3.99
28224941,12542578,1,1,3.99,3.99
22515379,10007006,1,1,3.99,3.99
27813522,12360043,1,1,3.99,3.99
25526967,11344307,1,1,3.99,3.99
26472544,11764206,1,1,3.99,3.99
23910649,10626608,1,1,3.99,3.99
29362715,13048162,1,1,3.99,3.99
25350938,11266074,1,1,3.99,3.99
23529528,10457329,1,1,3.99,3.99
26376136,11721207,1,2,3.99,7.98
30445849,13529795,1,4,3.99,15.96
23535331,10459955,2,5,4.99,24.95
24466765,10873698,2,5,4.99,24.95
4441338,1975381,2,3,3.99,11.97
26065930,11583424,2,3,4.99,14.97
28376697,12610150,2,3,4.99,14.97
17983416,7993312,2,1,3.99,3.99
11183891,4972935,2,1,3.99,3.99
13272052,5899589,2,1,3.99,3.99
4195884,1866429,2,1,3.99,3.99
6540993,2908983,2,1,3.99,3.99
6399779,2846221,2,1,3.99,3.99
15633029,6948591,2,1,3.99,3.99
15544021,6908984,2,1,3.99,3.99
1923855,856032,2,1,3.99,3.99
4146122,1844351,2,1,3.99,3.99
17686235,7861329,2,1,3.99,3.99
8892263,3953293,2,4,3.99,15.96
1905558,847972,2,4,3.99,15.96
25002140,11111403,2,1,4.99,4.99
25895858,11507940,2,1,4.99,4.99
30190163,13416094,2,1,4.99,4.99
22911131,10182509,2,1,4.99,4.99
23561853,10471735,2,1,4.99,4.99
29214170,12982243,2,1,4.99,4.99
24343987,10819267,2,1,4.99,4.99
23252546,10334214,2,1,4.99,4.99
23226595,10322742,2,1,4.99,4.99
23288741,10350357,2,1,4.99,4.99
29595801,13151822,2,1,4.99,4.99
25569228,11362895,2,1,4.99,4.99
30218064,13428640,2,1,4.99,4.99
22997970,10220975,2,1,4.99,4.99
29328942,13033123,2,1,4.99,4.99
26818685,11917938,2,1,4.99,4.99
28966505,12872185,2,1,4.99,4.99
25947488,11530719,2,1,4.99,4.99
28152796,12510539,2,1,4.99,4.99
24452239,10867202,2,1,4.99,4.99
26129002,11611589,2,1,4.99,4.99
29017145,12894630,2,2,4.99,9.98
26094041,11595875,2,2,4.99,9.98
27329199,12145078,2,2,4.99,9.98
27813249,12359909,2,2,4.99,9.98
26375957,11721129,2,4,4.99,19.96
28105814,12489783,2,4,4.99,19.96
2133656,949517,3,5,4.99,24.95
13370042,5943156,3,5,4.99,24.95
29644865,13173616,3,3,5.99,17.97
26954250,11978349,3,3,5.99,17.97
24039698,10684069,3,3,5.99,17.97
20125051,8945405,3,1,4.99,4.99
20083374,8926921,3,1,4.99,4.99
20078813,8924870,3,1,4.99,4.99
20078812,8924870,3,1,4.99,4.99
2085792,928035,3,1,4.99,4.99
22427780,9968124,3,1,4.99,4.99
10980614,4882733,3,1,4.99,4.99
1968279,875737,3,1,4.99,4.99
4330398,1926047,3,1,4.99,4.99
4349330,1934452,3,1,4.99,4.99
10947099,4867740,3,1,4.99,4.99
6450923,2868951,3,1,4.99,4.99
15634721,6949348,3,1,4.99,4.99
29962140,13314523,3,1,5.99,5.99
25437825,11304782,3,1,5.99,5.99
29270085,13007084,3,1,5.99,5.99
27825595,12365449,3,1,5.99,5.99
28077796,12477335,3,1,5.99,5.99
25263571,11227388,3,1,5.99,5.99
24914957,11072801,3,1,5.99,5.99
30190162,13416094,3,1,5.99,5.99
27801134,12354455,3,1,5.99,5.99
22602318,10045573,3,1,5.99,5.99
22742703,10107768,3,1,5.99,5.99
24106030,10713727,3,1,5.99,5.99
24170633,10742437,3,1,5.99,5.99
27396682,12174912,3,1,5.99,5.99
29971005,13318434,3,1,5.99,5.99
23700218,10533288,3,1,5.99,5.99
25569232,11362895,3,1,5.99,5.99
26059949,11580783,3,1,5.99,5.99
30229883,13433859,3,1,5.99,5.99
29020223,12896027,3,1,5.99,5.99
27035573,12014602,3,1,5.99,5.99
24169244,10741815,3,1,5.99,5.99
24120471,10720222,3,1,5.99,5.99
27658666,12291104,3,1,5.99,5.99
30281895,13457004,3,1,5.99,5.99
15659877,6960540,3,2,4.99,9.98
11205800,4982528,3,2,4.99,9.98
13363072,5940035,3,2,4.99,9.98
22943145,10196736,3,2,5.99,11.98
22610364,10049173,3,2,5.99,11.98
23917470,10629624,3,2,5.99,11.98
28420861,12629659,3,2,5.99,11.98
27809836,12358354,3,2,5.99,11.98
29999533,13331101,3,2,5.99,11.98
22939196,10194935,3,2,5.99,11.98
23046964,10242689,3,4,5.99,23.96
23046967,10242689,3,4,5.99,23.96
24929154,11079083,3,4,5.99,23.96
29630003,13166959,3,4,5.99,23.96
25710819,11425698,4,3,2.99,8.97
13380225,5947597,4,1,2.99,2.99
27469408,12207194,4,1,2.99,2.99
26615578,11827581,4,1,2.99,2.99
22574034,10033029,4,1,2.99,2.99
27672182,12297191,4,1,2.99,2.99
30070098,13362666,4,1,2.99,2.99
24204305,10757241,4,1,2.99,2.99
23583723,10481453,4,1,2.99,2.99
30050506,13353936,4,1,2.99,2.99
29964371,13315538,4,1,2.99,2.99
22800689,10133388,4,1,2.99,2.99
13452154,5979532,4,1,2.99,2.99
29524765,13120245,4,1,2.99,2.99
25188042,11193998,4,1,2.99,2.99
28892887,12839614,4,1,2.99,2.99
1928962,858263,4,1,2.99,2.99
25102952,11156365,4,1,2.99,2.99
28111191,12492120,4,1,2.99,2.99
26778211,11899922,4,1,2.99,2.99
28930826,12856353,4,1,2.99,2.99
27872129,12386203,4,1,2.99,2.99
25845555,11485671,4,1,2.99,2.99
28999204,12886580,4,1,2.99,2.99
23675961,10522449,4,1,2.99,2.99
17715949,7874457,4,1,2.99,2.99
6420623,2855561,4,1,2.99,2.99
30292408,13461625,4,1,2.99,2.99
29302866,13021590,4,1,2.99,2.99
23985243,10659702,4,1,2.99,2.99
30075083,13364890,4,1,2.99,2.99
25566310,11361615,4,1,2.99,2.99
26070599,11585482,4,1,2.99,2.99
2214936,985682,4,1,2.99,2.99
6635813,2951088,4,1,2.99,2.99
17860067,7938492,4,1,2.99,2.99
29678188,13188421,4,1,2.99,2.99
2212400,984575,4,1,2.99,2.99
28709370,12758121,4,1,2.99,2.99
22251390,9889992,4,1,2.99,2.99
23092129,10262572,4,2,2.99,5.98
10884399,4839885,4,2,2.99,5.98
29493397,13106201,4,2,2.99,5.98
25714760,11427447,4,2,2.99,5.98
22114486,9829217,4,2,2.99,5.98
24816169,11029020,4,2,2.99,5.98
24499566,10888283,4,2,2.99,5.98
29329514,13033378,4,4,2.99,11.96
13229964,5880891,5,5,3.99,19.95
22609939,10048990,5,1,3.99,3.99
25716826,11428380,5,1,3.99,3.99
25035355,11126213,5,1,3.99,3.99
29947172,13307892,5,1,3.99,3.99
23253039,10334443,5,1,3.99,3.99
27627876,12277585,5,1,3.99,3.99
4305514,1915025,5,1,3.99,3.99
23719225,10541702,5,1,3.99,3.99
10974904,4880193,5,1,3.99,3.99
25446765,11308729,5,1,3.99,3.99
25489497,11327590,5,1,3.99,3.99
27538603,12237945,5,1,3.99,3.99
26888731,11949205,5,1,3.99,3.99
29273461,13008562,5,1,3.99,3.99
26456919,11757260,5,1,3.99,3.99
24095514,10708974,5,1,3.99,3.99
30302070,13465964,5,1,3.99,3.99
24502536,10889581,5,1,3.99,3.99
1931562,859412,5,1,3.99,3.99
29666587,13183196,5,1,3.99,3.99
23435214,10415506,5,1,3.99,3.99
4119979,1832695,5,1,3.99,3.99
10980616,4882733,5,1,3.99,3.99
28349410,12597967,5,1,3.99,3.99
19864310,8829317,5,1,3.99,3.99
30337568,13481753,5,1,3.99,3.99
27079964,12034332,5,1,3.99,3.99
28901701,12843474,5,1,3.99,3.99
23523836,10454778,5,1,3.99,3.99
24610580,10937835,5,1,3.99,3.99
17791209,7907731,5,1,3.99,3.99
10891109,4842876,5,1,3.99,3.99
6488621,2885646,5,1,3.99,3.99
10905335,4849235,5,2,3.99,7.98
15385935,6838712,5,2,3.99,7.98
30289491,13460355,5,2,3.99,7.98
8739937,3885442,5,2,3.99,7.98
27931531,12412487,5,4,3.99,15.96
24489752,10883890,5,4,3.99,15.96
23119102,10274675,6,5,4.99,24.95
11217282,4987515,6,3,4.99,14.97
25641417,11394877,6,3,4.99,14.97
30364917,13493829,6,3,4.99,14.97
23800581,10577850,6,3,4.99,14.97
26180141,11634047,6,1,4.99,4.99
26303212,11688732,6,1,4.99,4.99
6666435,2964578,6,1,4.99,4.99
6583277,2927687,6,1,4.99,4.99
6538436,2907849,6,1,4.99,4.99
28001087,12443319,6,1,4.99,4.99
24027719,10678746,6,1,4.99,4.99
22696007,10087137,6,1,4.99,4.99
20229600,8991932,6,1,4.99,4.99
22542754,10019134,6,1,4.99,4.99
23619630,10497429,6,1,4.99,4.99
22236149,9883122,6,1,4.99,4.99
24557962,10914419,6,1,4.99,4.99
20000623,8890100,6,1,4.99,4.99
4414706,1963533,6,1,4.99,4.99
8623521,3833557,6,1,4.99,4.99
27984807,12436055,6,1,4.99,4.99
23523835,10454778,6,1,4.99,4.99
30395989,13507774,6,1,4.99,4.99
27577265,12255103,6,1,4.99,4.99
4192497,1864925,6,1,4.99,4.99
15632591,6948392,6,1,4.99,4.99
2172827,966989,6,1,4.99,4.99
28990072,12882590,6,1,4.99,4.99
23554910,10468686,6,1,4.99,4.99
2006301,892689,6,1,4.99,4.99
26286455,11681329,6,1,4.99,4.99
27275018,12120861,6,1,4.99,4.99
24753769,11001384,6,1,4.99,4.99
24998459,11109740,6,1,4.99,4.99
25917621,11517581,6,1,4.99,4.99
24504447,10890481,6,1,4.99,4.99
20020495,8898877,6,1,4.99,4.99
30098844,13375426,6,1,4.99,4.99
28506981,12667921,6,1,4.99,4.99
29225053,12987020,6,1,4.99,4.99
8793328,3909257,6,1,4.99,4.99
15557668,6915033,6,2,4.99,9.98
28948908,12864362,6,2,4.99,9.98
22117310,9830507,6,2,4.99,9.98
29386960,13058985,6,2,4.99,9.98
23298558,10354745,6,2,4.99,9.98
27366084,12161361,6,2,4.99,9.98
28668020,12739691,6,2,4.99,9.98
26665243,11849687,6,2,4.99,9.98
25466987,11317671,6,2,4.99,9.98
29527751,13121579,6,4,4.99,19.96
29716290,13205336,6,4,4.99,19.96
20246121,8999299,6,4,4.99,19.96
23810825,10582364,7,5,4.99,24.95
23815671,10584473,7,5,4.99,24.95
23119103,10274675,7,5,4.99,24.95
13146408,5843658,7,5,2.99,14.95
22113341,9828723,7,1,2.99,2.99
17919022,7964511,7,1,2.99,2.99
20044617,8909670,7,1,2.99,2.99
13492673,5997451,7,1,2.99,2.99
22365328,9940485,7,1,2.99,2.99
20014510,8896203,7,1,2.99,2.99
2153320,958330,7,1,2.99,2.99
6403929,2848061,7,1,2.99,2.99
20229602,8991932,7,1,2.99,2.99
22166302,9852058,7,1,2.99,2.99
22406006,9958495,7,1,2.99,2.99
13479786,5991817,7,1,2.99,2.99
2056495,914920,7,1,2.99,2.99
8980531,3992610,7,1,2.99,2.99
8859312,3938598,7,1,2.99,2.99
10897279,4845625,7,1,2.99,2.99
8775085,3901157,7,1,2.99,2.99
17643987,7842533,7,1,2.99,2.99
10985517,4884934,7,1,2.99,2.99
6593721,2932355,7,1,2.99,2.99
13313477,5918043,7,2,2.99,5.98
1978912,880473,7,2,2.99,5.98
10999758,4891270,7,2,2.99,5.98
15487126,6883767,7,4,2.99,11.96
25306612,11246455,7,1,4.99,4.99
26973609,11986958,7,1,4.99,4.99
30274661,13453813,7,1,4.99,4.99
27644243,12284773,7,1,4.99,4.99
23665405,10517788,7,1,4.99,4.99
28887486,12837244,7,1,4.99,4.99
25867733,11495465,7,1,4.99,4.99
25693920,11418306,7,1,4.99,4.99
26560265,11803172,7,1,4.99,4.99
30271835,13452564,7,1,4.99,4.99
24421133,10853442,7,1,4.99,4.99
28210836,12536360,7,1,4.99,4.99
23929137,10634822,7,1,4.99,4.99
23796199,10575963,7,1,4.99,4.99
26469177,11762682,7,1,4.99,4.99
27702870,12310809,7,1,4.99,4.99
24974492,11099078,7,1,4.99,4.99
29524764,13120245,7,1,4.99,4.99
27888774,12393607,7,1,4.99,4.99
26222132,11652762,7,1,4.99,4.99
29705496,13200567,7,1,4.99,4.99
25800786,11465702,7,1,4.99,4.99
26447934,11753285,7,1,4.99,4.99
27469407,12207194,7,1,4.99,4.99
26071624,11585940,7,1,4.99,4.99
27106637,12046180,7,1,4.99,4.99
27087417,12037625,7,1,4.99,4.99
29632335,13167993,7,1,4.99,4.99
23590459,10484431,7,1,4.99,4.99
28014777,12449246,7,1,4.99,4.99
25498129,11331447,7,2,4.99,9.98
23706823,10536152,7,2,4.99,9.98
22762418,10116469,7,2,4.99,9.98
27229180,12100552,7,4,4.99,19.96
17670796,7854516,8,5,3.99,19.95
28481497,12656624,8,5,5.99,29.95
6533653,2905723,8,3,3.99,11.97
22852112,10156382,8,3,5.99,17.97
29689240,13193293,8,3,5.99,17.97
4330399,1926047,8,1,3.99,3.99
6549444,2912721,8,1,3.99,3.99
22151873,9845784,8,1,3.99,3.99
6677768,2969694,8,1,3.99,3.99
19978739,8880345,8,1,3.99,3.99
8793327,3909257,8,1,3.99,3.99
2056497,914920,8,1,3.99,3.99
17890333,7951849,8,1,3.99,3.99
1920598,854566,8,1,3.99,3.99
11108424,4939602,8,2,3.99,7.98
15426113,6856573,8,2,3.99,7.98
22130818,9836496,8,2,3.99,7.98
8762207,3895396,8,4,3.99,15.96
23699165,10532822,8,1,5.99,5.99
27314731,12138612,8,1,5.99,5.99
27852060,12377240,8,1,5.99,5.99
25898977,11509318,8,1,5.99,5.99
27630301,12278668,8,1,5.99,5.99
27619946,12274092,8,1,5.99,5.99
25761818,11448471,8,1,5.99,5.99
24115095,10717734,8,1,5.99,5.99
28330933,12589875,8,1,5.99,5.99
29555646,13133992,8,1,5.99,5.99
28535588,12680764,8,1,5.99,5.99
24928153,11078609,8,1,5.99,5.99
23502806,10445529,8,1,5.99,5.99
26807740,11913101,8,1,5.99,5.99
23945728,10642155,8,1,5.99,5.99
24620822,10942344,8,1,5.99,5.99
25167347,11184880,8,1,5.99,5.99
24533209,10903477,8,1,5.99,5.99
28505281,12667160,8,1,5.99,5.99
28226806,12543422,8,1,5.99,5.99
23502208,10445254,8,2,5.99,11.98
25373639,11276186,8,2,5.99,11.98
27694535,12307081,8,2,5.99,11.98
29542963,13128343,8,2,5.99,11.98
24428135,10856483,8,2,5.99,11.98
28949394,12864578,8,2,5.99,11.98
29716289,13205336,8,4,5.99,23.96
15689741,6973795,9,3,4.99,14.97
24466768,10873698,9,5,6.99,34.95
25710817,11425698,9,3,6.99,20.97
28450050,12642662,9,3,6.99,20.97
15573052,6921881,9,1,4.99,4.99
4139094,1841218,9,1,4.99,4.99
4434555,1972385,9,1,4.99,4.99
22142320,9841532,9,1,4.99,4.99
13302738,5913282,9,1,4.99,4.99
15389023,6840097,9,1,4.99,4.99
20198899,8978160,9,1,4.99,4.99
8690645,3863542,9,1,4.99,4.99
30404170,13511391,9,1,6.99,6.99
28576985,12699244,9,1,6.99,6.99
29947171,13307892,9,1,6.99,6.99
27577989,12255418,9,1,6.99,6.99
29512228,13114651,9,1,6.99,6.99
30359264,13491340,9,1,6.99,6.99
23154201,10290354,9,1,6.99,6.99
27216593,12094980,9,1,6.99,6.99
24618242,10941185,9,1,6.99,6.99
25315484,11250368,9,1,6.99,6.99
23269808,10341887,9,1,6.99,6.99
28537232,12681504,9,1,6.99,6.99
27551202,12243505,9,1,6.99,6.99
27035572,12014602,9,1,6.99,6.99
22589803,10039980,9,1,6.99,6.99
29748335,13219501,9,1,6.99,6.99
26336474,11703541,9,1,6.99,6.99
29129556,12944713,9,1,6.99,6.99
28853621,12822172,9,1,6.99,6.99
24038124,10683376,9,1,6.99,6.99
23719998,10542046,9,1,6.99,6.99
29967686,13317019,9,1,6.99,6.99
28578615,12699960,9,1,6.99,6.99
15612709,6939518,9,2,4.99,9.98
23298556,10354745,9,2,6.99,13.98
25256955,11224464,9,2,6.99,13.98
26094039,11595875,9,2,6.99,13.98
30258943,13446776,9,2,6.99,13.98
23140211,10284144,9,2,6.99,13.98
11230324,4993280,9,4,4.99,19.96
4385690,1950516,9,4,4.99,19.96
28924997,12853729,9,4,6.99,27.96
24055910,10691217,9,4,6.99,27.96
23288742,10350357,10,1,3.25,3.25
25260257,11225932,10,1,3.25,3.25
29024118,12897767,10,1,3.25,3.25
27699311,12309209,10,1,3.25,3.25
22931387,10191457,10,1,3.25,3.25
27192807,12084390,10,1,3.25,3.25
28578416,12699873,10,1,3.25,3.25
26259341,11669292,10,1,3.25,3.25
29970523,13318232,10,1,3.25,3.25
30102817,13377159,10,1,3.25,3.25
28330935,12589875,10,1,3.25,3.25
26824781,11920655,10,1,3.25,3.25
24087562,10705437,10,1,3.25,3.25
29533935,13124332,10,1,3.25,3.25
30098799,13375410,10,1,3.25,3.25
27756189,12334497,10,1,3.25,3.25
26896994,11952856,10,1,3.25,3.25
28243603,12550972,10,1,3.25,3.25
23009303,10226005,10,1,3.25,3.25
27507598,12224267,10,1,3.25,3.25
26254518,11667175,10,1,3.25,3.25
29952906,13310447,10,1,3.25,3.25
25397611,11286810,10,1,3.25,3.25
23010628,10226563,10,1,3.25,3.25
23508997,10448266,10,1,3.25,3.25
23893949,10619187,10,1,3.25,3.25
25506283,11335134,10,1,3.25,3.25
26161518,11625881,10,1,3.25,3.25
29394831,13062499,10,1,3.25,3.25
27413013,12182137,10,1,3.25,3.25
26715402,11871893,10,1,3.25,3.25
29228533,12988563,10,1,3.25,3.25
25987128,11548266,10,1,3.25,3.25
28438841,12637711,10,1,3.25,3.25
30258942,13446776,10,2,3.25,6.5
24816170,11029020,10,2,3.25,6.5
28949396,12864578,10,2,3.25,6.5
26080611,11589920,10,2,3.25,6.5
27899100,12398202,10,2,3.25,6.5
24734369,10992718,10,4,3.25,13
27388757,12171351,10,4,3.25,13
25660735,11403490,10,5,3.25,16.25
24011996,10671705,10,5,3.25,16.25
26657951,11846422,10,5,3.25,16.25
27752540,12332896,10,5,3.25,16.25
23614356,10495125,10,5,3.25,16.25
26038549,11571230,10,5,3.25,16.25
23784688,10570837,10,3,3.25,9.75
8808722,3916046,10,3,2.99,8.97
2047219,910788,10,3,2.99,8.97
8784591,3905358,10,1,2.99,2.99
15634719,6949348,10,1,2.99,2.99
17675968,7856863,10,1,2.99,2.99
8791717,3908530,10,1,2.99,2.99
6537453,2907412,10,1,2.99,2.99
17858895,7937997,10,1,2.99,2.99
10870898,4833795,10,2,2.99,5.98
10970264,4878089,10,4,2.99,11.96
24930163,11079532,11,1,3.75,3.75
27728534,12322119,11,1,3.75,3.75
24775857,11011207,11,1,3.75,3.75
27735783,12325306,11,1,3.75,3.75
23918832,10630235,11,1,3.75,3.75
26254830,11667311,11,1,3.75,3.75
27877255,12388431,11,1,3.75,3.75
25573085,11364652,11,1,3.75,3.75
26557259,11801794,11,1,3.75,3.75
25747341,11441990,11,1,3.75,3.75
27106634,12046180,11,1,3.75,3.75
29997293,13330109,11,1,3.75,3.75
23206408,10313685,11,1,3.75,3.75
28807253,12801606,11,1,3.75,3.75
27808932,12357948,11,1,3.75,3.75
26420694,11741136,11,1,3.75,3.75
26492109,11772915,11,1,3.75,3.75
24194764,10753105,11,1,3.75,3.75
24870939,11053394,11,1,3.75,3.75
29405974,13067345,11,1,3.75,3.75
29555647,13133992,11,1,3.75,3.75
26391091,11727901,11,1,3.75,3.75
29855948,13267418,11,1,3.75,3.75
26469178,11762682,11,1,3.75,3.75
25851184,11488200,11,1,3.75,3.75
23440269,10417758,11,1,3.75,3.75
25364358,11272107,11,1,3.75,3.75
23830633,10591091,11,1,3.75,3.75
30070645,13362913,11,1,3.75,3.75
29291514,13016567,11,2,3.75,7.5
26831098,11923427,11,2,3.75,7.5
23785628,10571264,11,2,3.75,7.5
25847134,11486350,11,2,3.75,7.5
30014720,13337884,11,4,3.75,15
24155117,10735651,11,4,3.75,15
22595413,10042484,11,3,3.75,11.25
23614358,10495125,11,5,3.75,18.75
11026690,4903228,11,5,3.99,19.95
2040551,907856,11,1,3.99,3.99
6434060,2861475,11,1,3.99,3.99
17672578,7855324,11,1,3.99,3.99
4178649,1858729,11,1,3.99,3.99
13379167,5947154,11,1,3.99,3.99
1932023,859614,11,1,3.99,3.99
2042203,908582,11,1,3.99,3.99
2052178,913021,11,1,3.99,3.99
6570547,2922053,11,2,3.99,7.98
8890854,3952653,11,2,3.99,7.98
13313481,5918043,11,2,3.99,7.98
13471154,5987927,11,4,3.99,15.96
26145030,11618625,12,1,2.5,2.5
27304032,12133793,12,1,2.5,2.5
25778597,11455896,12,1,2.5,2.5
29211390,12981065,12,1,2.5,2.5
26605950,11823361,12,1,2.5,2.5
29995868,13329478,12,1,2.5,2.5
29626116,13165243,12,1,2.5,2.5
22839645,10150804,12,1,2.5,2.5
29232624,12990404,12,1,2.5,2.5
28226808,12543422,12,1,2.5,2.5
22678104,10079167,12,1,2.5,2.5
24872091,11053923,12,1,2.5,2.5
23740562,10551234,12,1,2.5,2.5
30292409,13461625,12,1,2.5,2.5
27347677,12153215,12,1,2.5,2.5
23686596,10527226,12,1,2.5,2.5
29601487,13154330,12,1,2.5,2.5
26600923,11821167,12,1,2.5,2.5
22899309,10177294,12,1,2.5,2.5
29299153,13020006,12,1,2.5,2.5
29547970,13130582,12,1,2.5,2.5
23091064,10262106,12,1,2.5,2.5
26721576,11874635,12,1,2.5,2.5
30013221,13337247,12,1,2.5,2.5
24407006,10847196,12,1,2.5,2.5
24048121,10687762,12,2,2.5,5
27163863,12071552,12,2,2.5,5
22749494,10110734,12,2,2.5,5
27930303,12411945,12,2,2.5,5
23186781,10304946,12,3,2.5,7.5
22836895,10149619,12,4,2.5,10
23646479,10509337,12,4,2.5,10
30377203,13499343,12,4,2.5,10
28283212,12568523,12,5,2.5,12.5
23181296,10302490,12,5,2.5,12.5
13355327,5936601,12,5,4.99,24.95
4112566,1829480,12,5,4.99,24.95
11168562,4966189,12,1,4.99,4.99
4252594,1891642,12,1,4.99,4.99
22427715,9968096,12,1,4.99,4.99
6395576,2844332,12,1,4.99,4.99
6473563,2879001,12,1,4.99,4.99
22495083,9998038,12,1,4.99,4.99
20011489,8894887,12,1,4.99,4.99
22255208,9891690,12,1,4.99,4.99
17910952,7960969,12,1,4.99,4.99
13454956,5980760,12,1,4.99,4.99
6522349,2900669,12,1,4.99,4.99
15387384,6839362,12,1,4.99,4.99
8629526,3836204,12,2,4.99,9.98
22406453,9958698,12,2,4.99,9.98
22222787,9877231,12,2,4.99,9.98
13469484,5987176,12,4,4.99,19.96
19915302,8852058,13,5,2.99,14.95
24043566,10685773,13,5,2.99,14.95
15689742,6973795,13,3,2.99,8.97
11020351,4900417,13,3,2.99,8.97
29980737,13322758,13,3,2.99,8.97
29980734,13322758,13,3,2.99,8.97
27521222,12230252,13,3,2.99,8.97
6576229,2924547,13,3,2.99,8.97
8854303,3936355,13,1,2.99,2.99
27877256,12388431,13,1,2.99,2.99
26919788,11963039,13,1,2.99,2.99
29218458,12984140,13,1,2.99,2.99
27047835,12020037,13,1,2.99,2.99
17797650,7910578,13,1,2.99,2.99
30398437,13508878,13,1,2.99,2.99
4446800,1977802,13,1,2.99,2.99
28480397,12656119,13,1,2.99,2.99
28912806,12848357,13,1,2.99,2.99
26146873,11619438,13,1,2.99,2.99
13285381,5905522,13,1,2.99,2.99
27646276,12285666,13,1,2.99,2.99
24223785,10765891,13,1,2.99,2.99
30106227,13378723,13,1,2.99,2.99
25181263,11191044,13,1,2.99,2.99
22743630,10108168,13,1,2.99,2.99
29920227,13295884,13,1,2.99,2.99
23802763,10578810,13,1,2.99,2.99
22613492,10050610,13,1,2.99,2.99
26090703,11594364,13,1,2.99,2.99
27304029,12133793,13,1,2.99,2.99
15588364,6928695,13,1,2.99,2.99
22637966,10061288,13,1,2.99,2.99
29451732,13087663,13,1,2.99,2.99
28986181,12880883,13,1,2.99,2.99
22397341,9954722,13,1,2.99,2.99
17795822,7909757,13,1,2.99,2.99
30280151,13456236,13,1,2.99,2.99
28274283,12564554,13,1,2.99,2.99
25484947,11325605,13,1,2.99,2.99
26518341,11784598,13,1,2.99,2.99
6522348,2900669,13,1,2.99,2.99
23273211,10343429,13,2,2.99,5.98
28566472,12694546,13,2,2.99,5.98
17896124,7954379,13,2,2.99,5.98
27576070,12254559,13,2,2.99,5.98
22704004,10090718,13,2,2.99,5.98
29084613,12924536,13,4,2.99,11.96
26334280,11702567,13,4,2.99,11.96
15540971,6907626,13,4,2.99,11.96
2212075,984426,14,5,3.99,19.95
20087641,8928795,14,3,3.99,11.97
23590721,10484549,14,1,3.99,3.99
29584350,13146813,14,1,3.99,3.99
27438313,12193311,14,1,3.99,3.99
11082535,4928151,14,1,3.99,3.99
13285380,5905522,14,1,3.99,3.99
30385593,13503096,14,1,3.99,3.99
8820302,3921136,14,1,3.99,3.99
6390080,2841816,14,1,3.99,3.99
28651098,12732194,14,1,3.99,3.99
17715951,7874457,14,1,3.99,3.99
2115418,941340,14,1,3.99,3.99
15619363,6942497,14,1,3.99,3.99
26647285,11841650,14,1,3.99,3.99
15652872,6957413,14,1,3.99,3.99
29676337,13187594,14,1,3.99,3.99
23965714,10650978,14,1,3.99,3.99
4246151,1888807,14,1,3.99,3.99
28588919,12704494,14,1,3.99,3.99
15410576,6849688,14,1,3.99,3.99
4410408,1961608,14,1,3.99,3.99
30079306,13366729,14,1,3.99,3.99
28438390,12637510,14,1,3.99,3.99
13434083,5971541,14,1,3.99,3.99
2218094,987095,14,1,3.99,3.99
8689640,3863080,14,1,3.99,3.99
26384354,11724855,14,1,3.99,3.99
28589692,12704831,14,1,3.99,3.99
26534249,11791607,14,1,3.99,3.99
29156066,12956568,14,1,3.99,3.99
11099828,4935830,14,1,3.99,3.99
24305181,10801981,14,1,3.99,3.99
25077411,11144987,14,1,3.99,3.99
22610361,10049173,14,2,3.99,7.98
26465723,11761163,14,2,3.99,7.98
6744450,2999085,14,2,3.99,7.98
25564471,11360793,14,2,3.99,7.98
29029919,12900306,14,2,3.99,7.98
23273213,10343429,14,2,3.99,7.98
26665071,11849600,14,2,3.99,7.98
26831099,11923427,14,2,3.99,7.98
26755723,11889831,14,2,3.99,7.98
23869449,10608273,14,4,3.99,15.96
22468058,9986060,15,5,4.99,24.95
28697917,12752972,15,5,4.99,24.95
24661630,10960455,15,3,4.99,14.97
22310659,9916313,15,1,4.99,4.99
17841130,7930063,15,1,4.99,4.99
24117850,10718996,15,1,4.99,4.99
23529526,10457329,15,1,4.99,4.99
24888809,11061270,15,1,4.99,4.99
22275087,9900572,15,1,4.99,4.99
26476865,11766110,15,1,4.99,4.99
20244205,8998425,15,1,4.99,4.99
13484609,5993939,15,1,4.99,4.99
13262606,5895488,15,1,4.99,4.99
30383775,13502285,15,1,4.99,4.99
23705549,10535603,15,1,4.99,4.99
22589865,10040004,15,1,4.99,4.99
11015577,4898319,15,1,4.99,4.99
23696464,10531578,15,1,4.99,4.99
26284179,11680328,15,1,4.99,4.99
22837519,10149896,15,1,4.99,4.99
15706519,6981316,15,1,4.99,4.99
28438840,12637711,15,1,4.99,4.99
20079532,8925202,15,1,4.99,4.99
10967869,4877015,15,1,4.99,4.99
26244883,11662963,15,1,4.99,4.99
28519136,12673375,15,1,4.99,4.99
30112903,13381734,15,1,4.99,4.99
24548226,10910077,15,1,4.99,4.99
30019547,13340048,15,1,4.99,4.99
28901702,12843474,15,1,4.99,4.99
25422226,11297770,15,1,4.99,4.99
4318532,1920825,15,1,4.99,4.99
27751970,12332642,15,1,4.99,4.99
25603365,11378066,15,1,4.99,4.99
28974402,12875696,15,1,4.99,4.99
26441603,11750473,15,1,4.99,4.99
4138848,1841116,15,1,4.99,4.99
17898456,7955391,15,1,4.99,4.99
24009327,10670515,15,1,4.99,4.99
13160951,5850132,15,1,4.99,4.99
25484945,11325605,15,1,4.99,4.99
25311356,11248545,15,2,4.99,9.98
24987507,11104848,15,2,4.99,9.98
29143297,12950863,15,2,4.99,9.98
26154487,11622754,15,2,4.99,9.98
1978913,880473,15,2,4.99,9.98
13326364,5923773,15,2,4.99,9.98
20169931,8965309,15,2,4.99,9.98
8762206,3895396,15,4,4.99,19.96
23724493,10544088,16,5,3.49,17.45
22777358,10123115,16,3,3.49,10.47
29537223,13125773,16,3,3.49,10.47
28780032,12789571,16,3,3.49,10.47
6707744,2983017,16,3,4.99,14.97
13491144,5996796,16,3,4.99,14.97
24714654,10984071,16,1,3.49,3.49
25920536,11518876,16,1,3.49,3.49
23590458,10484431,16,1,3.49,3.49
27819809,12362851,16,1,3.49,3.49
26919787,11963039,16,1,3.49,3.49
22931357,10191446,16,1,3.49,3.49
25170194,11186136,16,1,3.49,3.49
25851976,11488551,16,1,3.49,3.49
24776964,11011695,16,1,3.49,3.49
27794049,12351367,16,1,3.49,3.49
26805392,11912078,16,1,3.49,3.49
27112071,12048601,16,1,3.49,3.49
26441434,11750397,16,1,3.49,3.49
24901907,11067042,16,1,3.49,3.49
28657366,12734960,16,1,3.49,3.49
24517255,10896257,16,1,3.49,3.49
30411394,13514536,16,1,3.49,3.49
26451240,11754766,16,1,3.49,3.49
24877899,11056457,16,1,3.49,3.49
30122793,13386123,16,1,3.49,3.49
26615579,11827581,16,1,3.49,3.49
24475349,10877514,16,1,3.49,3.49
26271308,11674630,16,2,3.49,6.98
28420862,12629659,16,2,3.49,6.98
25747746,11442177,16,2,3.49,6.98
28071362,12474464,16,2,3.49,6.98
27931530,12412487,16,4,3.49,13.96
24552394,10911949,16,4,3.49,13.96
23183095,10303300,16,4,3.49,13.96
25547555,11353412,16,4,3.49,13.96
11190487,4975830,16,1,4.99,4.99
13272055,5899589,16,1,4.99,4.99
13178443,5857953,16,1,4.99,4.99
15385813,6838655,16,1,4.99,4.99
6450927,2868951,16,1,4.99,4.99
11136580,4951992,16,1,4.99,4.99
10970630,4878244,16,1,4.99,4.99
20116935,8941823,16,1,4.99,4.99
15445919,6865434,16,1,4.99,4.99
2099100,934011,16,1,4.99,4.99
4275590,1901783,16,1,4.99,4.99
13486223,5994647,16,1,4.99,4.99
1862451,828822,16,1,4.99,4.99
13486219,5994647,16,1,4.99,4.99
15484474,6882561,16,1,4.99,4.99
6503115,2892111,16,1,4.99,4.99
6386263,2840136,16,2,4.99,9.98
26657947,11846422,17,5,4.49,22.45
23502362,10445326,17,5,4.49,22.45
27760733,12336555,17,5,4.49,22.45
20183195,8971185,17,3,5.49,16.47
6373522,2834441,17,3,5.49,16.47
24170320,10742293,17,1,4.49,4.49
29071392,12918676,17,1,4.49,4.49
23341431,10373868,17,1,4.49,4.49
26003729,11555690,17,1,4.49,4.49
24426200,10855648,17,1,4.49,4.49
25995163,11551840,17,1,4.49,4.49
22711061,10093804,17,1,4.49,4.49
29850941,13265197,17,1,4.49,4.49
26630499,11834219,17,1,4.49,4.49
25823384,11475801,17,1,4.49,4.49
23925272,10633100,17,1,4.49,4.49
25501698,11333045,17,1,4.49,4.49
28930827,12856353,17,1,4.49,4.49
27272104,12119575,17,1,4.49,4.49
27724973,12320526,17,1,4.49,4.49
26272271,11675063,17,1,4.49,4.49
24276822,10789342,17,1,4.49,4.49
25628913,11389351,17,1,4.49,4.49
22749245,10110619,17,1,4.49,4.49
23680322,10524398,17,1,4.49,4.49
27243892,12107041,17,1,4.49,4.49
26546846,11797221,17,1,4.49,4.49
27347929,12153323,17,1,4.49,4.49
29873924,13275399,17,1,4.49,4.49
27414120,12182628,17,1,4.49,4.49
22941259,10195872,17,1,4.49,4.49
25263633,11227411,17,1,4.49,4.49
23633517,10503603,17,1,4.49,4.49
27625108,12276361,17,1,4.49,4.49
27247837,12108766,17,1,4.49,4.49
25463802,11316258,17,1,4.49,4.49
25661701,11403909,17,1,4.49,4.49
26481488,11768216,17,1,4.49,4.49
29949867,13309104,17,1,4.49,4.49
20224780,8989764,17,1,5.49,5.49
6533066,2905456,17,1,5.49,5.49
17951525,7979056,17,1,5.49,5.49
17935706,7972017,17,1,5.49,5.49
4489949,1996994,17,1,5.49,5.49
8970731,3988274,17,1,5.49,5.49
6635815,2951088,17,1,5.49,5.49
20035225,8905512,17,1,5.49,5.49
17628446,7835571,17,1,5.49,5.49
6696329,2977977,17,1,5.49,5.49
17678545,7857996,17,1,5.49,5.49
22496760,9998785,17,1,5.49,5.49
27329198,12145078,17,2,4.49,8.98
30289490,13460355,17,2,4.49,8.98
27981484,12434560,17,2,4.49,8.98
28984639,12880203,17,2,4.49,8.98
26080607,11589920,17,2,4.49,8.98
20201715,8979412,17,2,5.49,10.98
17949366,7978113,17,2,5.49,10.98
25854126,11489502,18,5,5.49,27.45
29537225,13125773,18,3,5.49,16.47
29070390,12918201,18,3,5.49,16.47
26145999,11619041,18,3,5.49,16.47
22382367,9948074,18,3,5.99,17.97
24525064,10899733,18,1,5.49,5.49
27455703,12201066,18,1,5.49,5.49
25877904,11499981,18,1,5.49,5.49
25607193,11379767,18,1,5.49,5.49
26573835,11809206,18,1,5.49,5.49
22846841,10153976,18,1,5.49,5.49
27445237,12196307,18,1,5.49,5.49
23989351,10661520,18,1,5.49,5.49
28677667,12744031,18,1,5.49,5.49
23192631,10307549,18,1,5.49,5.49
23830632,10591091,18,1,5.49,5.49
28431974,12634657,18,1,5.49,5.49
28464433,12649021,18,1,5.49,5.49
27595568,12263211,18,1,5.49,5.49
28091483,12483391,18,1,5.49,5.49
23988033,10660943,18,1,5.49,5.49
28460856,12647422,18,1,5.49,5.49
24123992,10721773,18,1,5.49,5.49
30274662,13453813,18,1,5.49,5.49
28603247,12710899,18,1,5.49,5.49
27750346,12331917,18,1,5.49,5.49
13455632,5981057,18,1,5.99,5.99
17941345,7974563,18,1,5.99,5.99
6513751,2896869,18,1,5.99,5.99
1877934,835687,18,1,5.99,5.99
19895205,8843204,18,1,5.99,5.99
15668736,6964442,18,1,5.99,5.99
4448049,1978367,18,1,5.99,5.99
13212459,5873129,18,1,5.99,5.99
6365397,2830816,18,1,5.99,5.99
13455630,5981057,18,1,5.99,5.99
28171986,12519056,18,2,5.49,10.98
29999535,13331101,18,2,5.49,10.98
28155313,12511686,18,2,5.49,10.98
27524790,12231820,18,2,5.49,10.98
20135857,8950207,18,2,5.99,11.98
6445829,2866687,18,2,5.99,11.98
24155118,10735651,18,4,5.49,21.96
30377207,13499343,18,4,5.49,21.96
25358905,11269650,19,1,4.29,4.29
29355668,13045045,19,1,4.29,4.29
29979613,13322265,19,1,4.29,4.29
22866101,10162665,19,1,4.29,4.29
23529527,10457329,19,1,4.29,4.29
23288743,10350357,19,1,4.29,4.29
26352137,11710494,19,1,4.29,4.29
23283313,10347948,19,1,4.29,4.29
26459190,11758258,19,1,4.29,4.29
29170120,12962740,19,1,4.29,4.29
28955487,12867367,19,1,4.29,4.29
24169245,10741815,19,1,4.29,4.29
30282527,13457283,19,1,4.29,4.29
26533737,11791394,19,1,4.29,4.29
24809781,11026176,19,1,4.29,4.29
22894903,10175347,19,1,4.29,4.29
23688840,10528250,19,1,4.29,4.29
29590825,13149671,19,1,4.29,4.29
26295762,11685430,19,1,4.29,4.29
23670722,10520170,19,1,4.29,4.29
26668453,11851133,19,1,4.29,4.29
26103644,11600211,19,1,4.29,4.29
27432791,12190872,19,1,4.29,4.29
24812222,11027260,19,1,4.29,4.29
27630303,12278668,19,1,4.29,4.29
25448176,11309351,19,1,4.29,4.29
28959153,12868947,19,1,4.29,4.29
22955876,10202256,19,1,4.29,4.29
28402785,12621695,19,1,4.29,4.29
25996678,11552525,19,1,4.29,4.29
28649738,12731579,19,1,4.29,4.29
29999534,13331101,19,2,4.29,8.58
29797871,13241528,19,5,4.29,21.45
28108545,12490991,19,5,4.29,21.45
29230249,12989321,19,5,4.29,21.45
8763800,3896108,19,5,3.99,19.95
28619191,12717943,19,3,4.29,12.87
27455462,12200967,19,3,4.29,12.87
17927720,7968415,19,3,3.99,11.97
17672576,7855324,19,1,3.99,3.99
22430410,9969339,19,1,3.99,3.99
4257879,1894000,19,1,3.99,3.99
4187013,1862495,19,1,3.99,3.99
11151554,4958598,19,1,3.99,3.99
8859313,3938598,19,1,3.99,3.99
22306325,9914396,19,1,3.99,3.99
22275085,9900572,19,1,3.99,3.99
2100612,934698,19,1,3.99,3.99
10985541,4884941,19,1,3.99,3.99
8907217,3959984,19,1,3.99,3.99
8796555,3910677,19,1,3.99,3.99
8954697,3981164,19,1,3.99,3.99
13344319,5931677,19,2,3.99,7.98
22237287,9883617,19,4,3.99,15.96
29619303,13162280,20,1,5.29,5.29
27755810,12334326,20,1,5.29,5.29
27755811,12334326,20,1,5.29,5.29
24190688,10751302,20,1,5.29,5.29
22627478,10056732,20,1,5.29,5.29
28709997,12758402,20,1,5.29,5.29
29270263,13007174,20,1,5.29,5.29
25890682,11505640,20,1,5.29,5.29
28148816,12508789,20,1,5.29,5.29
29451734,13087663,20,1,5.29,5.29
29271415,13007665,20,1,5.29,5.29
27051695,12021730,20,1,5.29,5.29
23518957,10452655,20,1,5.29,5.29
29127594,12943889,20,1,5.29,5.29
24530474,10902211,20,1,5.29,5.29
30061972,13359090,20,1,5.29,5.29
29225010,12987003,20,1,5.29,5.29
29299152,13020006,20,1,5.29,5.29
25132009,11169299,20,1,5.29,5.29
22930296,10190982,20,1,5.29,5.29
23644260,10508334,20,1,5.29,5.29
29967684,13317019,20,1,5.29,5.29
30257636,13446194,20,1,5.29,5.29
28369108,12606776,20,1,5.29,5.29
25845557,11485671,20,1,5.29,5.29
25624349,11387352,20,1,5.29,5.29
23320777,10364682,20,1,5.29,5.29
27525036,12231930,20,1,5.29,5.29
23549867,10466427,20,1,5.29,5.29
27366085,12161361,20,2,5.29,10.58
23617247,10496386,20,2,5.29,10.58
29273307,13008492,20,2,5.29,10.58
23019559,10230545,20,2,5.29,10.58
29651996,13176733,20,2,5.29,10.58
23896866,10620496,20,2,5.29,10.58
27157414,12068722,20,4,5.29,21.16
24210107,10759809,20,4,5.29,21.16
6548665,2912382,20,5,4.49,22.45
24259598,10781672,20,5,5.29,26.45
25453995,11311955,20,5,5.29,26.45
29767165,13227872,20,5,5.29,26.45
23295334,10353294,20,3,5.29,15.87
24851846,11044852,20,3,5.29,15.87
30138263,13392990,20,3,5.29,15.87
27521223,12230252,20,3,5.29,15.87
6399780,2846221,20,1,4.49,4.49
17725506,7878678,20,1,4.49,4.49
1918786,853782,20,1,4.49,4.49
6370575,2833077,20,1,4.49,4.49
1964902,874195,20,1,4.49,4.49
2031083,903689,20,1,4.49,4.49
6715075,2986251,20,1,4.49,4.49
17685107,7860840,20,1,4.49,4.49
17751012,7890024,20,1,4.49,4.49
17705328,7869705,20,1,4.49,4.49
11170974,4967261,20,1,4.49,4.49
8700900,3868078,20,1,4.49,4.49
6420624,2855561,20,1,4.49,4.49
17940116,7974013,20,1,4.49,4.49
6650592,2957584,20,1,4.49,4.49
15603417,6935426,20,1,4.49,4.49
15388437,6839841,20,2,4.49,8.98
15472552,6877268,20,2,4.49,8.98
15655703,6958679,20,2,4.49,8.98
8706715,3870687,20,2,4.49,8.98
25820516,11474500,21,3,6.29,18.87
30300543,13465276,21,3,6.29,18.87
24488932,10883531,21,3,6.29,18.87
22999499,10221668,21,1,6.29,6.29
26180139,11634047,21,1,6.29,6.29
22878292,10168043,21,1,6.29,6.29
29882661,13279230,21,1,6.29,6.29
24780937,11013397,21,1,6.29,6.29
28293169,12572941,21,1,6.29,6.29
30383776,13502285,21,1,6.29,6.29
24556331,10913717,21,1,6.29,6.29
22997972,10220975,21,1,6.29,6.29
27930399,12411992,21,1,6.29,6.29
27239206,12104919,21,1,6.29,6.29
23414105,10406089,21,1,6.29,6.29
26253603,11666791,21,1,6.29,6.29
26456323,11757013,21,1,6.29,6.29
23150536,10288698,21,1,6.29,6.29
23590294,10484365,21,1,6.29,6.29
28682013,12745947,21,2,6.29,12.58
22972558,10209674,21,2,6.29,12.58
26271124,11674549,21,2,6.29,12.58
29329512,13033378,21,4,6.29,25.16
23046966,10242689,21,4,6.29,25.16
28061895,12470224,21,4,6.29,25.16
25491636,11328549,21,5,6.29,31.45
2058783,915946,21,3,4.99,14.97
13192042,5864047,21,1,4.99,4.99
13386807,5950565,21,1,4.99,4.99
2031081,903689,21,1,4.99,4.99
6635817,2951088,21,1,4.99,4.99
13484610,5993939,21,1,4.99,4.99
17759910,7893934,21,1,4.99,4.99
22303778,9913260,21,1,4.99,4.99
17697381,7866188,21,1,4.99,4.99
22134963,9838292,21,1,4.99,4.99
15687517,6972816,21,1,4.99,4.99
20032483,8904226,21,1,4.99,4.99
8666922,3852923,21,1,4.99,4.99
10905825,4849458,21,1,4.99,4.99
19915310,8852061,21,1,4.99,4.99
13192039,5864047,21,1,4.99,4.99
13486221,5994647,21,1,4.99,4.99
22129222,9835793,21,1,4.99,4.99
20177907,8968820,21,2,4.99,9.98
6454221,2870400,21,2,4.99,9.98
13313478,5918043,21,2,4.99,9.98
28613980,12715624,22,5,3.99,19.95
27983421,12435440,22,5,3.99,19.95
4174324,1856876,22,3,3.49,10.47
11105704,4938426,22,3,3.49,10.47
28665166,12738441,22,3,3.99,11.97
17894222,7953531,22,1,3.49,3.49
11094217,4933279,22,1,3.49,3.49
8813336,3918123,22,1,3.49,3.49
13160949,5850132,22,1,3.49,3.49
6711902,2984851,22,1,3.49,3.49
20044423,8909583,22,1,3.49,3.49
22721571,10098440,22,1,3.99,3.99
30312068,13470431,22,1,3.99,3.99
28349646,12598055,22,1,3.99,3.99
28039694,12460410,22,1,3.99,3.99
22844370,10152876,22,1,3.99,3.99
24660130,10959798,22,1,3.99,3.99
25162562,11182765,22,1,3.99,3.99
25603367,11378066,22,1,3.99,3.99
22796693,10131632,22,1,3.99,3.99
28351437,12598829,22,1,3.99,3.99
23940943,10640021,22,1,3.99,3.99
28775469,12787501,22,1,3.99,3.99
28695239,12751815,22,1,3.99,3.99
23487869,10438892,22,1,3.99,3.99
25611598,11381722,22,1,3.99,3.99
27538411,12237857,22,1,3.99,3.99
23877373,10611808,22,1,3.99,3.99
29849931,13264775,22,1,3.99,3.99
27877258,12388431,22,1,3.99,3.99
29914366,13293258,22,1,3.99,3.99
6498026,2889814,22,2,3.49,6.98
19930444,8858738,22,2,3.49,6.98
25872292,11497458,22,2,3.99,7.98
24024544,10677322,22,2,3.99,7.98
22630619,10058113,22,2,3.99,7.98
22743213,10107984,22,2,3.99,7.98
25428884,11300768,22,2,3.99,7.98
22277200,9901513,22,4,3.49,13.96
22475003,9989169,22,4,3.49,13.96
13277273,5901933,22,4,3.49,13.96
22604518,10046549,22,4,3.99,15.96
28218648,12539836,23,5,4.99,24.95
28108546,12490991,23,5,4.99,24.95
22560521,10027085,23,5,4.99,24.95
28108451,12490948,23,5,4.99,24.95
6373523,2834441,23,3,3.99,11.97
11101484,4936544,23,3,3.99,11.97
29086935,12925608,23,3,4.99,14.97
13249950,5889787,23,1,3.99,3.99
4187015,1862495,23,1,3.99,3.99
4178187,1858528,23,1,3.99,3.99
8720535,3876801,23,1,3.99,3.99
13180847,5859048,23,1,3.99,3.99
17744109,7886965,23,1,3.99,3.99
2205627,981554,23,1,3.99,3.99
17672307,7855199,23,1,3.99,3.99
4178189,1858528,23,1,3.99,3.99
15424743,6855968,23,1,3.99,3.99
17698097,7866514,23,1,3.99,3.99
11022572,4901382,23,1,3.99,3.99
4385827,1950577,23,1,3.99,3.99
13408176,5959984,23,1,3.99,3.99
6735854,2995295,23,4,3.99,15.96
2105560,936912,23,4,3.99,15.96
23539378,10461801,23,1,4.99,4.99
26973611,11986958,23,1,4.99,4.99
30349792,13487169,23,1,4.99,4.99
26684206,11858139,23,1,4.99,4.99
28744381,12773728,23,1,4.99,4.99
27699310,12309209,23,1,4.99,4.99
24780934,11013397,23,1,4.99,4.99
24463527,10872221,23,1,4.99,4.99
24875781,11055527,23,1,4.99,4.99
26565210,11805402,23,1,4.99,4.99
25400647,11288143,23,1,4.99,4.99
27798459,12353293,23,1,4.99,4.99
29378053,13054992,23,1,4.99,4.99
29900809,13287188,23,1,4.99,4.99
23675960,10522449,23,1,4.99,4.99
25571813,11364057,23,1,4.99,4.99
23202758,10312063,23,1,4.99,4.99
26180142,11634047,23,1,4.99,4.99
23925816,10633366,23,2,4.99,9.98
27551454,12243616,23,2,4.99,9.98
25528570,11345009,23,2,4.99,9.98
24336980,10816095,23,2,4.99,9.98
23499710,10444116,23,2,4.99,9.98
22734188,10104025,23,4,4.99,19.96
1875963,834817,24,5,4.49,22.45
22578736,10035090,24,5,5.99,29.95
2047220,910788,24,3,4.49,13.47
25610405,11381203,24,3,5.99,17.97
24085932,10704698,24,3,5.99,17.97
17804465,7913576,24,1,4.49,4.49
4488699,1996442,24,1,4.49,4.49
13272054,5899589,24,1,4.49,4.49
4275592,1901783,24,1,4.49,4.49
8690304,3863382,24,1,4.49,4.49
2020068,898832,24,1,4.49,4.49
17811021,7916530,24,1,4.49,4.49
4486820,1995621,24,1,4.49,4.49
6516826,2898243,24,1,4.49,4.49
8884091,3949644,24,1,4.49,4.49
8808059,3915749,24,1,4.49,4.49
22387737,9950508,24,1,4.49,4.49
27971355,12430185,24,1,5.99,5.99
22800691,10133388,24,1,5.99,5.99
23278442,10345809,24,1,5.99,5.99
26077578,11588589,24,1,5.99,5.99
22677875,10079059,24,1,5.99,5.99
27346030,12152454,24,1,5.99,5.99
23391465,10395981,24,1,5.99,5.99
28807040,12801522,24,1,5.99,5.99
29479077,13099856,24,1,5.99,5.99
27528172,12233334,24,1,5.99,5.99
30093121,13372922,24,1,5.99,5.99
24619125,10941589,24,1,5.99,5.99
30320849,13474358,24,1,5.99,5.99
29956564,13312020,24,1,5.99,5.99
23976356,10655727,24,1,5.99,5.99
29043787,12906414,24,1,5.99,5.99
26139943,11616377,24,1,5.99,5.99
27576425,12254719,24,1,5.99,5.99
25967512,11539658,24,1,5.99,5.99
30320847,13474358,24,1,5.99,5.99
27792369,12350608,24,1,5.99,5.99
25004622,11112511,24,1,5.99,5.99
22839643,10150804,24,1,5.99,5.99
4477028,1991191,24,2,4.49,8.98
23273209,10343429,24,2,5.99,11.98
22630621,10058113,24,2,5.99,11.98
8892264,3953293,24,4,4.49,17.96
29730229,13211550,24,4,5.99,23.96
8867170,3942099,25,5,3.99,19.95
26165987,11627823,25,1,2.99,2.99
24343986,10819267,25,1,2.99,2.99
24253545,10778967,25,1,2.99,2.99
23796201,10575963,25,1,2.99,2.99
30312070,13470431,25,1,2.99,2.99
27465068,12205252,25,1,2.99,2.99
30191863,13416891,25,1,2.99,2.99
29995870,13329478,25,1,2.99,2.99
28966506,12872185,25,1,2.99,2.99
26278149,11677671,25,1,2.99,2.99
24264836,10783992,25,1,2.99,2.99
27414118,12182628,25,1,2.99,2.99
29160266,12958395,25,1,2.99,2.99
26099637,11598389,25,1,2.99,2.99
23005597,10224393,25,1,2.99,2.99
24316740,10807111,25,1,2.99,2.99
27011099,12003565,25,1,2.99,2.99
26115173,11605488,25,1,2.99,2.99
29957795,13312569,25,1,2.99,2.99
23952761,10645274,25,1,2.99,2.99
29357798,13045968,25,1,2.99,2.99
22529401,10013271,25,1,2.99,2.99
22839646,10150804,25,1,2.99,2.99
25967875,11539817,25,1,2.99,2.99
30193416,13417601,25,1,2.99,2.99
23624065,10499375,25,1,2.99,2.99
24222025,10765121,25,1,2.99,2.99
28200995,12531965,25,1,2.99,2.99
17673473,7855740,25,1,3.99,3.99
2177468,969056,25,1,3.99,3.99
13215164,5874316,25,1,3.99,3.99
13458693,5982381,25,1,3.99,3.99
22312773,9917264,25,1,3.99,3.99
19987503,8884262,25,1,3.99,3.99
15571513,6921180,25,1,3.99,3.99
4143575,1843206,25,1,3.99,3.99
15706518,6981316,25,1,3.99,3.99
1925317,856675,25,1,3.99,3.99
6715076,2986251,25,1,3.99,3.99
28348447,12597547,25,2,2.99,5.98
30341189,13483306,25,2,2.99,5.98
27002197,11999620,25,2,2.99,5.98
23227530,10323165,25,2,2.99,5.98
25688060,11415718,25,2,2.99,5.98
8739936,3885442,25,2,3.99,7.98
6729781,2992604,25,2,3.99,7.98
24989894,11105909,25,4,2.99,11.96
24042111,10685112,25,4,2.99,11.96
8613593,3829057,25,4,3.99,15.96
22226036,9878659,25,4,3.99,15.96
30184950,13413822,26,5,3.49,17.45
24642879,10952197,26,3,3.49,10.47
24914959,11072801,26,1,3.49,3.49
26222133,11652762,26,1,3.49,3.49
27213228,12093491,26,1,3.49,3.49
29824255,13253335,26,1,3.49,3.49
25956757,11534868,26,1,3.49,3.49
25568485,11362571,26,1,3.49,3.49
28300219,12576143,26,1,3.49,3.49
26470807,11763391,26,1,3.49,3.49
28243604,12550972,26,1,3.49,3.49
30148315,13397466,26,1,3.49,3.49
27253857,12111550,26,1,3.49,3.49
28438843,12637711,26,1,3.49,3.49
26895122,11952008,26,1,3.49,3.49
22747867,10110027,26,1,3.49,3.49
29110654,12936231,26,1,3.49,3.49
23872750,10609730,26,1,3.49,3.49
28841098,12816606,26,1,3.49,3.49
29368304,13050654,26,1,3.49,3.49
29964984,13315813,26,1,3.49,3.49
23680321,10524398,26,1,3.49,3.49
30136265,13392124,26,1,3.49,3.49
23905233,10624222,26,1,3.49,3.49
26915006,11960894,26,1,3.49,3.49
23631835,10502865,26,1,3.49,3.49
30320848,13474358,26,1,3.49,3.49
22501689,10000941,26,1,3.49,3.49
23946567,10642512,26,1,3.49,3.49
28286860,12570142,26,1,3.49,3.49
29416622,13072023,26,1,3.49,3.49
27493782,12218072,26,1,3.49,3.49
25300640,11243833,26,1,3.49,3.49
25626636,11388329,26,2,3.49,6.98
26755722,11889831,26,2,3.49,6.98
26879540,11945065,26,2,3.49,6.98
22866943,10163028,26,2,3.49,6.98
24079885,10702018,26,2,3.49,6.98
27113101,12049073,26,2,3.49,6.98
24210103,10759809,26,4,3.49,13.96
27086005,12036987,26,4,3.49,13.96
29159623,12958137,26,4,3.49,13.96
23512227,10449675,26,4,3.49,13.96
6583362,2927727,26,1,4.49,4.49
6489827,2886205,26,1,4.49,4.49
15668734,6964442,26,1,4.49,4.49
4205997,1870879,26,1,4.49,4.49
2076303,923807,26,1,4.49,4.49
1947033,866288,26,1,4.49,4.49
13492675,5997451,26,1,4.49,4.49
4222510,1878271,26,1,4.49,4.49
11144070,4955338,26,1,4.49,4.49
19921624,8854848,26,1,4.49,4.49
1871163,832698,26,2,4.49,8.98
28697916,12752972,27,5,3.99,19.95
25746405,11441582,27,5,3.99,19.95
11038025,4908321,27,5,4.99,24.95
22974797,10210659,27,3,3.99,11.97
26145998,11619041,27,3,3.99,11.97
23210789,10315652,27,3,3.99,11.97
30185910,13414230,27,1,3.99,3.99
26027166,11566197,27,1,3.99,3.99
28816764,12805837,27,1,3.99,3.99
29693877,13195418,27,1,3.99,3.99
27680078,12300677,27,1,3.99,3.99
24256729,10780393,27,1,3.99,3.99
28200996,12531965,27,1,3.99,3.99
26090702,11594364,27,1,3.99,3.99
22904091,10179394,27,1,3.99,3.99
27961479,12425798,27,1,3.99,3.99
25385252,11281287,27,1,3.99,3.99
25511844,11337588,27,1,3.99,3.99
26272270,11675063,27,1,3.99,3.99
24157813,10736831,27,1,3.99,3.99
27700907,12309930,27,1,3.99,3.99
24149871,10733322,27,1,3.99,3.99
27541219,12239075,27,1,3.99,3.99
26071622,11585940,27,1,3.99,3.99
27304030,12133793,27,1,3.99,3.99
24096904,10709581,27,1,3.99,3.99
29539834,13126951,27,1,3.99,3.99
27452135,12199459,27,1,3.99,3.99
24898617,11065560,27,1,3.99,3.99
25219604,11207868,27,1,3.99,3.99
23499690,10444104,27,1,3.99,3.99
22705877,10091536,27,1,3.99,3.99
30122792,13386123,27,1,3.99,3.99
29694124,13195528,27,1,3.99,3.99
27996862,12441446,27,1,3.99,3.99
23917469,10629624,27,2,3.99,7.98
27381293,12168072,27,2,3.99,7.98
25375853,11277176,27,2,3.99,7.98
24629555,10946240,27,2,3.99,7.98
27813251,12359909,27,2,3.99,7.98
26012062,11559384,27,4,3.99,15.96
15424742,6855968,27,1,4.99,4.99
20198896,8978160,27,1,4.99,4.99
8871147,3943913,27,1,4.99,4.99
19898791,8844784,27,1,4.99,4.99
13279682,5903012,27,1,4.99,4.99
20200613,8978910,27,1,4.99,4.99
15660636,6960863,27,1,4.99,4.99
2052489,913172,27,1,4.99,4.99
22489535,9995593,27,1,4.99,4.99
8815968,3919241,27,1,4.99,4.99
19904945,8847481,27,1,4.99,4.99
6677770,2969694,27,1,4.99,4.99
17678546,7857996,27,1,4.99,4.99
6593723,2932355,27,1,4.99,4.99
20137119,8950772,27,1,4.99,4.99
2236204,995128,27,1,4.99,4.99
8842345,3931021,27,2,4.99,9.98
10999755,4891270,27,2,4.99,9.98
6454223,2870400,27,2,4.99,9.98
22494756,9997874,28,1,3.75,3.75
1875308,834534,28,1,3.75,3.75
6610021,2939585,28,1,3.75,3.75
11236675,4996083,28,1,3.75,3.75
13386808,5950565,28,1,3.75,3.75
2052176,913021,28,1,3.75,3.75
8907216,3959984,28,1,3.75,3.75
22239420,9884591,28,1,3.75,3.75
2073706,922692,28,1,3.75,3.75
22140774,9840850,28,1,3.75,3.75
8843460,3931513,28,1,3.75,3.75
10928552,4859469,28,1,3.75,3.75
4293292,1909594,28,1,3.75,3.75
20032923,8904420,28,1,3.75,3.75
2149717,956705,28,2,3.75,7.5
8959262,3983182,28,2,3.75,7.5
13150988,5845695,28,4,3.75,15
11105705,4938426,28,3,3.75,11.25
27760731,12336555,28,5,2.99,14.95
24646036,10953591,28,1,2.99,2.99
23206409,10313685,28,1,2.99,2.99
27370826,12163452,28,1,2.99,2.99
30091864,13372371,28,1,2.99,2.99
29373202,13052806,28,1,2.99,2.99
29875462,13276075,28,1,2.99,2.99
30435347,13525148,28,1,2.99,2.99
25019634,11119211,28,1,2.99,2.99
29972710,13319185,28,1,2.99,2.99
24875785,11055527,28,1,2.99,2.99
25568753,11362683,28,1,2.99,2.99
24948374,11087554,28,1,2.99,2.99
24967277,11095947,28,1,2.99,2.99
24655487,10957736,28,1,2.99,2.99
22551717,10023132,28,1,2.99,2.99
26310585,11692111,28,1,2.99,2.99
29204441,12977920,28,1,2.99,2.99
26004547,11556039,28,1,2.99,2.99
28335799,12592002,28,1,2.99,2.99
27890783,12394488,28,1,2.99,2.99
23075270,10255200,28,1,2.99,2.99
29244446,12995705,28,1,2.99,2.99
24334042,10814797,28,1,2.99,2.99
28835824,12814267,28,1,2.99,2.99
27551685,12243721,28,1,2.99,2.99
28210780,12536334,28,1,2.99,2.99
25568487,11362571,28,1,2.99,2.99
28676511,12743507,28,1,2.99,2.99
29547967,13130582,28,1,2.99,2.99
28862723,12826217,28,1,2.99,2.99
26852402,11932968,28,1,2.99,2.99
26347361,11708352,28,1,2.99,2.99
28744382,12773728,28,1,2.99,2.99
30436158,13525491,28,2,2.99,5.98
27551458,12243616,28,2,2.99,5.98
25993224,11550971,28,2,2.99,5.98
27163865,12071552,28,2,2.99,5.98
24691254,10973718,28,4,2.99,11.96
24489750,10883890,28,4,2.99,11.96
4318535,1920825,29,1,4.25,4.25
17941344,7974563,29,1,4.25,4.25
22469624,9986762,29,1,4.25,4.25
11245333,4999904,29,1,4.25,4.25
10891111,4842876,29,1,4.25,4.25
10921296,4856231,29,1,4.25,4.25
8628170,3835596,29,1,4.25,4.25
8739935,3885442,29,2,4.25,8.5
13157139,5848449,29,2,4.25,8.5
22273147,9899705,29,5,4.25,21.25
25251117,11221838,29,5,3.49,17.45
27187503,12082066,29,5,3.49,17.45
24015834,10673402,29,3,3.49,10.47
30082204,13368028,29,1,3.49,3.49
23164176,10294779,29,1,3.49,3.49
28006642,12445701,29,1,3.49,3.49
24194767,10753105,29,1,3.49,3.49
23399551,10399526,29,1,3.49,3.49
27619945,12274092,29,1,3.49,3.49
25877903,11499981,29,1,3.49,3.49
24610581,10937835,29,1,3.49,3.49
23911072,10626783,29,1,3.49,3.49
27859278,12380469,29,1,3.49,3.49
28968835,12873224,29,1,3.49,3.49
23440270,10417758,29,1,3.49,3.49
22800690,10133388,29,1,3.49,3.49
23549122,10466106,29,1,3.49,3.49
23985621,10659856,29,1,3.49,3.49
30280150,13456236,29,1,3.49,3.49
30096769,13374521,29,1,3.49,3.49
27216592,12094980,29,1,3.49,3.49
22628786,10057323,29,1,3.49,3.49
25361398,11270779,29,1,3.49,3.49
24037574,10683124,29,1,3.49,3.49
23341429,10373868,29,1,3.49,3.49
28438386,12637510,29,1,3.49,3.49
30423362,13519788,29,1,3.49,3.49
23108124,10269759,29,1,3.49,3.49
25944637,11529453,29,1,3.49,3.49
30256257,13445585,29,2,3.49,6.98
27161351,12070435,29,2,3.49,6.98
25590074,11372200,29,2,3.49,6.98
30289492,13460355,29,2,3.49,6.98
28071364,12474464,29,2,3.49,6.98
23850062,10599684,29,2,3.49,6.98
27040242,12016690,29,2,3.49,6.98
25720386,11429974,29,4,3.49,13.96
22836894,10149619,29,4,3.49,13.96
26671020,11852264,29,4,3.49,13.96
27879574,12389511,29,4,3.49,13.96
20055447,8914462,30,1,4.75,4.75
1980300,881080,30,1,4.75,4.75
6411161,2851318,30,1,4.75,4.75
15433301,6859766,30,1,4.75,4.75
8955852,3981683,30,1,4.75,4.75
4139096,1841218,30,1,4.75,4.75
20144596,8954154,30,1,4.75,4.75
15445177,6865106,30,1,4.75,4.75
20070131,8921001,30,1,4.75,4.75
6729779,2992604,30,2,4.75,9.5
1862659,828914,30,2,4.75,9.5
22383003,9948367,30,4,4.75,19
22408270,9959513,30,5,4.75,23.75
25179645,11190326,30,3,3.99,11.97
27882404,12390769,30,3,3.99,11.97
24851847,11044852,30,3,3.99,11.97
26343514,11706624,30,1,3.99,3.99
30282528,13457283,30,1,3.99,3.99
23397307,10398539,30,1,3.99,3.99
22639840,10062134,30,1,3.99,3.99
30019546,13340048,30,1,3.99,3.99
29708200,13201750,30,1,3.99,3.99
25322966,11253680,30,1,3.99,3.99
29512230,13114651,30,1,3.99,3.99
28380418,12611798,30,1,3.99,3.99
23283315,10347948,30,1,3.99,3.99
29548812,13130961,30,1,3.99,3.99
29231772,12990018,30,1,3.99,3.99
28380419,12611798,30,1,3.99,3.99
29173258,12964129,30,1,3.99,3.99
25422224,11297770,30,1,3.99,3.99
26951350,11977099,30,1,3.99,3.99
26091056,11594520,30,1,3.99,3.99
27507596,12224267,30,1,3.99,3.99
25577503,11366613,30,1,3.99,3.99
24858523,11047836,30,1,3.99,3.99
25591828,11372960,30,1,3.99,3.99
22762348,10116438,30,1,3.99,3.99
29595114,13151497,30,1,3.99,3.99
29081395,12923137,30,1,3.99,3.99
23686598,10527226,30,1,3.99,3.99
23009306,10226005,30,1,3.99,3.99
28755676,12778739,30,1,3.99,3.99
24183291,10748038,30,1,3.99,3.99
22613493,10050610,30,1,3.99,3.99
26174769,11631716,30,2,3.99,7.98
29064886,12915797,30,2,3.99,7.98
24180762,10746965,30,2,3.99,7.98
4308465,1916342,31,1,3.5,3.5
13354603,5936286,31,1,3.5,3.5
11236676,4996083,31,1,3.5,3.5
13431057,5970194,31,1,3.5,3.5
8957685,3982473,31,1,3.5,3.5
20124550,8945201,31,1,3.5,3.5
8884213,3949705,31,1,3.5,3.5
8690647,3863542,31,1,3.5,3.5
4383229,1949424,31,1,3.5,3.5
15637601,6950630,31,1,3.5,3.5
15553529,6913166,31,1,3.5,3.5
20195159,8976506,31,1,3.5,3.5
20194831,8976355,31,1,3.5,3.5
15603420,6935429,31,1,3.5,3.5
17621632,7832526,31,1,3.5,3.5
11085485,4929408,31,1,3.5,3.5
2178591,969535,31,1,3.5,3.5
20201711,8979412,31,2,3.5,7
6634133,2950313,31,2,3.5,7
19966689,8874988,31,2,3.5,7
19963090,8873372,31,3,3.5,10.5
1905559,847972,31,4,3.5,14
24432382,10858371,31,5,3.49,17.45
30373871,13497834,31,5,3.49,17.45
23963540,10650026,31,1,3.49,3.49
30446918,13530280,31,1,3.49,3.49
23149975,10288439,31,1,3.49,3.49
25030417,11124042,31,1,3.49,3.49
28147256,12508081,31,1,3.49,3.49
28464434,12649021,31,1,3.49,3.49
28480395,12656119,31,1,3.49,3.49
25171668,11186772,31,1,3.49,3.49
29623406,13164088,31,1,3.49,3.49
25217055,11206767,31,1,3.49,3.49
24109904,10715448,31,1,3.49,3.49
24548228,10910077,31,1,3.49,3.49
29533932,13124332,31,1,3.49,3.49
25349343,11265362,31,1,3.49,3.49
27220299,12096616,31,1,3.49,3.49
23711902,10538406,31,1,3.49,3.49
30079307,13366729,31,1,3.49,3.49
29634667,13169038,31,1,3.49,3.49
24222023,10765121,31,1,3.49,3.49
24247831,10776456,31,1,3.49,3.49
25872288,11497458,31,2,3.49,6.98
24313709,10805785,31,2,3.49,6.98
26094040,11595875,31,2,3.49,6.98
24397030,10842758,31,2,3.49,6.98
27437289,12192884,31,4,3.49,13.96
26359059,11713579,31,4,3.49,13.96
30204328,13422522,31,4,3.49,13.96
29519097,13117743,31,4,3.49,13.96
24055909,10691217,31,4,3.49,13.96
23279848,10346439,31,4,3.49,13.96
13426060,5967991,32,1,4,4
2196868,977645,32,1,4,4
13454957,5980760,32,1,4,4
20239185,8996212,32,1,4,4
15660638,6960863,32,1,4,4
10894786,4844499,32,1,4,4
4373762,1945263,32,2,4,8
10981494,4883140,32,2,4,8
26657950,11846422,32,5,3.99,19.95
22783532,10125855,32,5,3.99,19.95
26801652,11910413,32,3,3.99,11.97
28789726,12793877,32,3,3.99,11.97
24766893,11007180,32,3,3.99,11.97
24358719,10825861,32,3,3.99,11.97
26605951,11823361,32,1,3.99,3.99
29110260,12936074,32,1,3.99,3.99
26072363,11586275,32,1,3.99,3.99
24011591,10671540,32,1,3.99,3.99
24027722,10678746,32,1,3.99,3.99
23945726,10642155,32,1,3.99,3.99
25914841,11516305,32,1,3.99,3.99
23660769,10515724,32,1,3.99,3.99
23633516,10503603,32,1,3.99,3.99
23021793,10231586,32,1,3.99,3.99
29299155,13020006,32,1,3.99,3.99
24965946,11095365,32,1,3.99,3.99
28286863,12570142,32,1,3.99,3.99
23341923,10374090,32,1,3.99,3.99
26665757,11849919,32,1,3.99,3.99
28425024,12631539,32,1,3.99,3.99
27216594,12094980,32,1,3.99,3.99
25358909,11269650,32,1,3.99,3.99
25530134,11345689,32,1,3.99,3.99
22609940,10048990,32,1,3.99,3.99
25591158,11372663,32,1,3.99,3.99
24276825,10789342,32,1,3.99,3.99
25888561,11504705,32,1,3.99,3.99
26466769,11761625,32,1,3.99,3.99
30098714,13375374,32,2,3.99,7.98
29759842,13224609,32,2,3.99,7.98
28677154,12743803,32,2,3.99,7.98
26693643,11862306,32,4,3.99,15.96
27086006,12036987,32,4,3.99,15.96
4187016,1862495,33,1,4.5,4.5
19963542,8873578,33,1,4.5,4.5
20200609,8978910,33,1,4.5,4.5
10931325,4860710,33,1,4.5,4.5
19963543,8873578,33,1,4.5,4.5
17987685,7995200,33,1,4.5,4.5
6552294,2913971,33,1,4.5,4.5
6635126,2950779,33,1,4.5,4.5
6396554,2844781,33,1,4.5,4.5
22191664,9863397,33,1,4.5,4.5
15741013,6996618,33,1,4.5,4.5
17893079,7953056,33,1,4.5,4.5
11085202,4929288,33,1,4.5,4.5
22258147,9893000,33,1,4.5,4.5
15674622,6967099,33,2,4.5,9
15612713,6939518,33,2,4.5,9
4319367,1921189,33,2,4.5,9
19906129,8847998,33,3,4.5,13.5
17914996,7962699,33,3,4.5,13.5
20220587,8987866,33,4,4.5,18
13266965,5897378,33,5,4.5,22.5
28678400,12744345,33,5,4.49,22.45
27296793,12130517,33,5,4.49,22.45
25746406,11441582,33,5,4.49,22.45
23176060,10300131,33,5,4.49,22.45
26054692,11578439,33,5,4.49,22.45
27243077,12106673,33,3,4.49,13.47
23008859,10225823,33,1,4.49,4.49
25797831,11464398,33,1,4.49,4.49
28533359,12679731,33,1,4.49,4.49
26353544,11711113,33,1,4.49,4.49
26081471,11590320,33,1,4.49,4.49
28975647,12876260,33,1,4.49,4.49
27291601,12128212,33,1,4.49,4.49
26193443,11639953,33,1,4.49,4.49
28881473,12834571,33,1,4.49,4.49
29478064,13099393,33,1,4.49,4.49
22909847,10181928,33,1,4.49,4.49
29290414,13016063,33,1,4.49,4.49
28951521,12865534,33,1,4.49,4.49
28360068,12602664,33,1,4.49,4.49
22608502,10048347,33,1,4.49,4.49
24660131,10959798,33,1,4.49,4.49
24693888,10974879,33,1,4.49,4.49
28523032,12675119,33,1,4.49,4.49
25415891,11294972,33,1,4.49,4.49
28578617,12699960,33,1,4.49,4.49
29446187,13085210,33,1,4.49,4.49
24039931,10684170,33,1,4.49,4.49
28399779,12620363,33,1,4.49,4.49
26596379,11819124,33,1,4.49,4.49
22706037,10091598,33,1,4.49,4.49
27577988,12255418,33,1,4.49,4.49
23008860,10225823,33,1,4.49,4.49
30282529,13457283,33,1,4.49,4.49
28210837,12536360,33,1,4.49,4.49
22551109,10022891,33,1,4.49,4.49
22722779,10098983,33,1,4.49,4.49
29529000,13122137,33,1,4.49,4.49
28652455,12732786,33,1,4.49,4.49
26090701,11594364,33,1,4.49,4.49
29233148,12990661,33,1,4.49,4.49
28515293,12671627,33,1,4.49,4.49
29160265,12958395,33,1,4.49,4.49
29514260,13115565,33,1,4.49,4.49
30431729,13523515,33,2,4.49,8.98
28459932,12647004,33,2,4.49,8.98
25311355,11248545,33,2,4.49,8.98
30204606,13422645,33,4,4.49,17.96
10995927,4889542,34,1,3.5,3.5
13230372,5881078,34,1,3.5,3.5
22296297,9909909,34,1,3.5,3.5
15468066,6875265,34,1,3.5,3.5
6584872,2928401,34,1,3.5,3.5
15445176,6865106,34,1,3.5,3.5
19993478,8886905,34,1,3.5,3.5
10995928,4889542,34,1,3.5,3.5
2074370,922975,34,1,3.5,3.5
22432477,9970249,34,3,3.5,10.5
22124091,9833471,34,4,3.5,14
6594336,2932640,34,4,3.5,14
24919155,11074667,34,5,4.99,24.95
23859172,10603689,34,5,4.99,24.95
25607199,11379771,34,3,4.99,14.97
26099639,11598389,34,1,4.99,4.99
23910555,10626571,34,1,4.99,4.99
25593546,11373713,34,1,4.99,4.99
29501889,13109974,34,1,4.99,4.99
24504446,10890481,34,1,4.99,4.99
29174871,12964852,34,1,4.99,4.99
26882983,11946618,34,1,4.99,4.99
24038122,10683376,34,1,4.99,4.99
23517362,10451947,34,1,4.99,4.99
25530157,11345700,34,1,4.99,4.99
23553838,10468200,34,1,4.99,4.99
29081399,12923137,34,1,4.99,4.99
29354966,13044724,34,1,4.99,4.99
24681112,10969129,34,1,4.99,4.99
27047833,12020037,34,1,4.99,4.99
27702535,12310660,34,1,4.99,4.99
25895860,11507940,34,1,4.99,4.99
27414119,12182628,34,1,4.99,4.99
27161755,12070615,34,1,4.99,4.99
26864149,11938185,34,1,4.99,4.99
29729352,13211162,34,1,4.99,4.99
29292438,13016994,34,1,4.99,4.99
27266866,12117275,34,1,4.99,4.99
28433168,12635172,34,2,4.99,9.98
29748842,13219727,34,2,4.99,9.98
23858923,10603576,34,2,4.99,9.98
29109081,12935532,34,4,4.99,19.96
24433296,10858775,34,4,4.99,19.96
13362425,5939730,35,1,4,4
22223274,9877452,35,1,4,4
4486819,1995621,35,1,4,4
17987683,7995200,35,1,4,4
17802910,7912885,35,1,4,4
2108530,938236,35,1,4,4
6390078,2841816,35,1,4,4
20025969,8901283,35,2,4,8
8942376,3975640,35,2,4,8
19896598,8843813,35,2,4,8
6586280,2929053,35,2,4,8
15572915,6921816,35,5,4,20
29110579,12936197,35,5,3.99,19.95
25453997,11311955,35,5,3.99,19.95
27760734,12336555,35,5,3.99,19.95
23655216,10513255,35,5,3.99,19.95
23031984,10236076,35,5,3.99,19.95
25820518,11474500,35,3,3.99,11.97
25584130,11369549,35,1,3.99,3.99
27525037,12231930,35,1,3.99,3.99
30317092,13472664,35,1,3.99,3.99
28951520,12865534,35,1,3.99,3.99
22628787,10057323,35,1,3.99,3.99
24464741,10872784,35,1,3.99,3.99
23985622,10659856,35,1,3.99,3.99
29240432,12993953,35,1,3.99,3.99
26135790,11614578,35,1,3.99,3.99
23468934,10430449,35,1,3.99,3.99
29905800,13289411,35,1,3.99,3.99
29512229,13114651,35,1,3.99,3.99
25171667,11186772,35,1,3.99,3.99
22610175,10049088,35,1,3.99,3.99
24965945,11095365,35,1,3.99,3.99
24258367,10781118,35,1,3.99,3.99
29081396,12923137,35,1,3.99,3.99
23440132,10417696,35,1,3.99,3.99
22589805,10039980,35,1,3.99,3.99
29429137,13077584,35,1,3.99,3.99
29147244,12952625,35,1,3.99,3.99
28946790,12863436,35,1,3.99,3.99
22528053,10012648,35,1,3.99,3.99
25104746,11157152,35,1,3.99,3.99
30412594,13515058,35,1,3.99,3.99
25446010,11308424,35,2,3.99,7.98
23092130,10262572,35,2,3.99,7.98
22806020,10135780,35,2,3.99,7.98
25644565,11396295,35,2,3.99,7.98
26665244,11849687,35,2,3.99,7.98
24714268,10983911,35,2,3.99,7.98
30337037,13481526,35,4,3.99,15.96
29329513,13033378,35,4,3.99,15.96
2158206,960482,36,1,4.5,4.5
15392204,6841511,36,1,4.5,4.5
8783418,3904865,36,1,4.5,4.5
6547216,2911745,36,1,4.5,4.5
17706780,7870353,36,1,4.5,4.5
1891567,841750,36,1,4.5,4.5
13134395,5838305,36,1,4.5,4.5
13439713,5973980,36,1,4.5,4.5
19907878,8848782,36,1,4.5,4.5
13240782,5885709,36,1,4.5,4.5
4479744,1992394,36,1,4.5,4.5
13186544,5861608,36,1,4.5,4.5
6675782,2968821,36,1,4.5,4.5
4424814,1967983,36,1,4.5,4.5
19870983,8832290,36,2,4.5,9
22286476,9905609,36,2,4.5,9
17914997,7962699,36,3,4.5,13.5
17895554,7954128,36,4,4.5,18
8651683,3846084,36,4,4.5,18
13380602,5947775,36,5,4.5,22.5
26247410,11664100,36,5,2.99,14.95
23014865,10228455,36,3,2.99,8.97
25191710,11195582,36,3,2.99,8.97
29225009,12987003,36,1,2.99,2.99
23505819,10446841,36,1,2.99,2.99
25729118,11433837,36,1,2.99,2.99
28651097,12732194,36,1,2.99,2.99
24179054,10746194,36,1,2.99,2.99
25167348,11184880,36,1,2.99,2.99
30098966,13375474,36,1,2.99,2.99
24974036,11098889,36,1,2.99,2.99
22592764,10041310,36,1,2.99,2.99
24209215,10759415,36,1,2.99,2.99
29920229,13295884,36,1,2.99,2.99
26439309,11749434,36,1,2.99,2.99
30091863,13372371,36,1,2.99,2.99
28951522,12865534,36,1,2.99,2.99
30317091,13472664,36,1,2.99,2.99
25208711,11203061,36,1,2.99,2.99
24874894,11055133,36,1,2.99,2.99
23512802,10449930,36,1,2.99,2.99
28274633,12564714,36,1,2.99,2.99
26147484,11619713,36,1,2.99,2.99
26320699,11696585,36,1,2.99,2.99
29898276,13286070,36,1,2.99,2.99
25393014,11284766,36,1,2.99,2.99
28184178,12524491,36,1,2.99,2.99
29850938,13265197,36,1,2.99,2.99
24664355,10961632,36,1,2.99,2.99
23413985,10406032,36,1,2.99,2.99
30234576,13435996,36,1,2.99,2.99
26456322,11757013,36,1,2.99,2.99
30007454,13334653,36,2,2.99,5.98
25025892,11122002,36,2,2.99,5.98
29291511,13016567,36,2,2.99,5.98
25290236,11239194,36,2,2.99,5.98
28081425,12478964,36,2,2.99,5.98
25477783,11322421,36,2,2.99,5.98
27163864,12071552,36,2,2.99,5.98
30377206,13499343,36,4,2.99,11.96
22836896,10149619,36,4,2.99,11.96
11169125,4966426,37,1,3.5,3.5
20079316,8925109,37,1,3.5,3.5
13392651,5953137,37,1,3.5,3.5
11136583,4951992,37,1,3.5,3.5
6582977,2927557,37,1,3.5,3.5
15376186,6834402,37,1,3.5,3.5
28946789,12863436,37,1,5.25,5.25
23590720,10484549,37,1,5.25,5.25
28566626,12694616,37,1,5.25,5.25
23756681,10558380,37,1,5.25,5.25
28165291,12516098,37,1,5.25,5.25
25393015,11284766,37,1,5.25,5.25
24127241,10723226,37,1,5.25,5.25
27980303,12434030,37,1,5.25,5.25
29500039,13109107,37,1,5.25,5.25
26297270,11686086,37,1,5.25,5.25
27798462,12353293,37,1,5.25,5.25
27733421,12324259,37,1,5.25,5.25
24972067,11098035,37,1,5.25,5.25
27630304,12278668,37,1,5.25,5.25
23910646,10626607,37,1,5.25,5.25
23173718,10299081,37,1,5.25,5.25
29698997,13197685,37,1,5.25,5.25
30313758,13471161,37,1,5.25,5.25
28457912,12646123,37,1,5.25,5.25
28360849,12603015,37,1,5.25,5.25
29329370,13033313,37,1,5.25,5.25
29043789,12906414,37,1,5.25,5.25
28324216,12586864,37,1,5.25,5.25
29557536,13134809,37,2,5.25,10.5
27141700,12061787,37,2,5.25,10.5
24209454,10759519,37,2,5.25,10.5
23706824,10536152,37,2,5.25,10.5
8808721,3916046,37,3,3.5,10.5
11084461,4928977,37,4,3.5,14
23978556,10656711,37,5,5.25,26.25
28108068,12490783,37,3,5.25,15.75
30191115,13416551,37,3,5.25,15.75
22852109,10156382,37,3,5.25,15.75
4239725,1885899,37,5,3.5,17.5
8855220,3936768,37,5,3.5,17.5
11009407,4895605,38,1,4,4
4397913,1956017,38,1,4,4
4473689,1989719,38,1,4,4
8689840,3863164,38,1,4,4
22198979,9866653,38,1,4,4
2209414,983219,38,1,4,4
1997584,888837,38,1,4,4
6547218,2911745,38,1,4,4
17703663,7868984,38,1,4,4
13283746,5904808,38,1,4,4
8839653,3929834,38,1,4,4
29304424,13022265,38,1,6.75,6.75
29218459,12984140,38,1,6.75,6.75
24129235,10724098,38,1,6.75,6.75
25886197,11503649,38,1,6.75,6.75
24530475,10902211,38,1,6.75,6.75
28589691,12704831,38,1,6.75,6.75
23397310,10398539,38,1,6.75,6.75
27698556,12308887,38,1,6.75,6.75
26242467,11661872,38,1,6.75,6.75
25890681,11505640,38,1,6.75,6.75
22999178,10221523,38,1,6.75,6.75
28904769,12844809,38,1,6.75,6.75
29204672,12978025,38,1,6.75,6.75
30323394,13475444,38,1,6.75,6.75
29110258,12936074,38,1,6.75,6.75
26708993,11869090,38,1,6.75,6.75
27853667,12377941,38,1,6.75,6.75
25361401,11270779,38,1,6.75,6.75
26146872,11619438,38,1,6.75,6.75
23209568,10315113,38,1,6.75,6.75
29562729,13137135,38,1,6.75,6.75
25391383,11284011,38,1,6.75,6.75
25100268,11155150,38,1,6.75,6.75
28438389,12637510,38,1,6.75,6.75
23477048,10434084,38,1,6.75,6.75
15385934,6838712,38,2,4,8
20110170,8938806,38,2,4,8
2001668,890617,38,2,4,8
20135856,8950207,38,2,4,8
22432475,9970249,38,3,4,12
26080610,11589920,38,2,6.75,13.5
29346167,13040819,38,2,6.75,13.5
27408888,12180302,38,2,6.75,13.5
25477589,11322332,38,2,6.75,13.5
26755724,11889831,38,2,6.75,13.5
2020045,898822,38,5,4,20
25290350,11239245,38,4,6.75,27
24989895,11105909,38,4,6.75,27
23233137,10325633,38,3,6.75,20.25
28789724,12793877,38,3,6.75,20.25
27752538,12332896,38,5,6.75,33.75
15474435,6878097,39,1,4.5,4.5
15468928,6875649,39,1,4.5,4.5
19915312,8852061,39,1,4.5,4.5
10963267,4874945,39,1,4.5,4.5
20234232,8993990,39,1,4.5,4.5
2052175,913021,39,1,4.5,4.5
10952569,4870179,39,1,4.5,4.5
19867986,8830951,39,1,4.5,4.5
13240783,5885709,39,1,4.5,4.5
15380962,6836490,39,1,4.5,4.5
8706542,3870609,39,2,4.5,9
11084459,4928977,39,4,4.5,18
8892265,3953293,39,4,4.5,18
15570567,6920754,39,5,4.5,22.5
22813267,10139023,39,5,7.95,39.75
22654167,10068569,39,5,7.95,39.75
23119101,10274675,39,5,7.95,39.75
30300542,13465276,39,3,7.95,23.85
23210788,10315652,39,3,7.95,23.85
27513047,12226670,39,3,7.95,23.85
22811641,10138261,39,1,7.95,7.95
27853668,12377941,39,1,7.95,7.95
23087811,10260655,39,1,7.95,7.95
29140839,12949793,39,1,7.95,7.95
24504445,10890481,39,1,7.95,7.95
24559888,10915308,39,1,7.95,7.95
25446764,11308729,39,1,7.95,7.95
26899533,11953974,39,1,7.95,7.95
27172349,12075320,39,1,7.95,7.95
24837911,11038672,39,1,7.95,7.95
28585552,12703022,39,1,7.95,7.95
25571812,11364057,39,1,7.95,7.95
27375748,12165647,39,1,7.95,7.95
30107137,13379118,39,1,7.95,7.95
28919284,12851207,39,1,7.95,7.95
25926396,11521464,39,1,7.95,7.95
26456917,11757260,39,1,7.95,7.95
23644257,10508334,39,1,7.95,7.95
28575753,12698694,39,1,7.95,7.95
24821112,11031249,39,1,7.95,7.95
25437704,11304736,39,1,7.95,7.95
23407633,10403153,39,1,7.95,7.95
30098846,13375426,39,1,7.95,7.95
22610173,10049088,39,1,7.95,7.95
26100820,11598911,39,1,7.95,7.95
27433725,12191320,39,1,7.95,7.95
22566781,10029793,39,1,7.95,7.95
22592765,10041310,39,1,7.95,7.95
28185989,12525307,39,1,7.95,7.95
24038123,10683376,39,1,7.95,7.95
27549275,12242647,39,1,7.95,7.95
22613491,10050610,39,1,7.95,7.95
23378968,10390493,39,1,7.95,7.95
27850555,12376537,39,1,7.95,7.95
30185688,13414132,39,2,7.95,15.9
28792934,12795296,39,2,7.95,15.9
28634270,12724645,39,2,7.95,15.9
26770343,11896435,39,2,7.95,15.9
23019560,10230545,39,2,7.95,15.9
27962304,12426154,39,4,7.95,31.8
23985483,10659801,39,4,7.95,31.8
22228869,9879896,40,1,3.5,3.5
22219828,9875901,40,1,3.5,3.5
6584874,2928401,40,1,3.5,3.5
2085796,928035,40,1,3.5,3.5
20229601,8991932,40,1,3.5,3.5
8775476,3901317,40,1,3.5,3.5
22219465,9875738,40,1,3.5,3.5
13327717,5924372,40,1,3.5,3.5
8970730,3988274,40,1,3.5,3.5
11191771,4976374,40,1,3.5,3.5
8653209,3846795,40,1,3.5,3.5
15473180,6877538,40,1,3.5,3.5
4177129,1858072,40,1,3.5,3.5
27821996,12363807,40,1,4.25,4.25
29451733,13087663,40,1,4.25,4.25
30091865,13372371,40,1,4.25,4.25
27940126,12416361,40,1,4.25,4.25
27538602,12237945,40,1,4.25,4.25
29081505,12923187,40,1,4.25,4.25
23205641,10313352,40,1,4.25,4.25
26546848,11797221,40,1,4.25,4.25
23643305,10507922,40,1,4.25,4.25
25698248,11420212,40,1,4.25,4.25
24029260,10679444,40,1,4.25,4.25
25895859,11507940,40,1,4.25,4.25
27685164,12302927,40,1,4.25,4.25
27625379,12276476,40,1,4.25,4.25
24424095,10854717,40,1,4.25,4.25
30325579,13476410,40,1,4.25,4.25
27824280,12364856,40,1,4.25,4.25
24223784,10765891,40,1,4.25,4.25
28626789,12721367,40,1,4.25,4.25
22621422,10054125,40,1,4.25,4.25
30045260,13351606,40,1,4.25,4.25
29749520,13220017,40,1,4.25,4.25
27922282,12408417,40,1,4.25,4.25
26561181,11803600,40,1,4.25,4.25
28956508,12867816,40,1,4.25,4.25
23624064,10499375,40,1,4.25,4.25
30323392,13475443,40,1,4.25,4.25
24473639,10876772,40,1,4.25,4.25
24428573,10856676,40,1,4.25,4.25
24190546,10751234,40,1,4.25,4.25
15411907,6850296,40,2,3.5,7
4373763,1945263,40,2,3.5,7
20116659,8941687,40,2,3.5,7
24295731,10797766,40,2,4.25,8.5
30012873,13337087,40,2,4.25,8.5
28205209,12533836,40,2,4.25,8.5
6373525,2834441,40,3,3.5,10.5
8810641,3916889,40,3,3.5,10.5
8613595,3829057,40,4,3.5,14
26607717,11824149,40,4,4.25,17
27388755,12171351,40,4,4.25,17
22638196,10061392,40,5,4.25,21.25
22783533,10125855,40,5,4.25,21.25
24661632,10960455,40,3,4.25,12.75
28995042,12884766,40,3,4.25,12.75
27882403,12390769,40,3,4.25,12.75
24440773,10862109,40,3,4.25,12.75
20070132,8921001,41,1,4,4
8808056,3915749,41,1,4,4
6737359,2995964,41,1,4,4
22303777,9913260,41,1,4,4
20016238,8896956,41,1,4,4
13192041,5864047,41,1,4,4
20167358,8964164,41,1,4,4
2065564,919026,41,1,4,4
4431445,1970985,41,1,4,4
6513754,2896869,41,1,4,4
22198980,9866653,41,1,4,4
22419398,9964472,41,1,4,4
17983484,7993346,41,1,4,4
15423052,6855199,41,1,4,4
6610019,2939585,41,1,4,4
11063782,4919826,41,1,4,4
25559794,11358742,41,1,5.75,5.75
28588729,12704417,41,1,5.75,5.75
22899307,10177294,41,1,5.75,5.75
28366310,12605528,41,1,5.75,5.75
28119379,12495710,41,1,5.75,5.75
23857163,10602818,41,1,5.75,5.75
26638271,11837653,41,1,5.75,5.75
28709175,12758030,41,1,5.75,5.75
24870941,11053394,41,1,5.75,5.75
28624344,12720266,41,1,5.75,5.75
23160586,10293126,41,1,5.75,5.75
25301384,11244172,41,1,5.75,5.75
25901729,11510531,41,1,5.75,5.75
24039569,10684014,41,1,5.75,5.75
30383777,13502285,41,1,5.75,5.75
22798811,10132566,41,1,5.75,5.75
27549274,12242647,41,1,5.75,5.75
28324175,12586851,41,1,5.75,5.75
26072361,11586275,41,1,5.75,5.75
29850942,13265197,41,1,5.75,5.75
25845556,11485671,41,1,5.75,5.75
30344958,13484980,41,1,5.75,5.75
22659069,10070701,41,1,5.75,5.75
30019636,13340095,41,1,5.75,5.75
25089165,11150222,41,1,5.75,5.75
28841100,12816606,41,1,5.75,5.75
24127240,10723226,41,1,5.75,5.75
28283115,12568479,41,1,5.75,5.75
26349169,11709169,41,1,5.75,5.75
28736506,12770266,41,1,5.75,5.75
26135999,11614675,41,2,5.75,11.5
23179508,10301707,41,2,5.75,11.5
28812541,12803934,41,2,5.75,11.5
26770345,11896435,41,2,5.75,11.5
24925462,11077434,41,2,5.75,11.5
26665245,11849687,41,2,5.75,11.5
4202891,1869494,41,5,4,20
26433064,11746647,41,4,5.75,23
29109080,12935532,41,4,5.75,23
30016183,13338551,41,3,5.75,17.25
25514045,11338580,41,5,5.75,28.75
30184952,13413822,41,5,5.75,28.75
22471072,9987426,42,1,4.5,4.5
13133570,5837951,42,1,4.5,4.5
4298570,1911908,42,1,4.5,4.5
4413792,1963109,42,1,4.5,4.5
6631859,2949312,42,1,4.5,4.5
2074369,922975,42,1,4.5,4.5
2212413,984581,42,1,4.5,4.5
8907822,3960254,42,1,4.5,4.5
15417542,6852788,42,1,4.5,4.5
17822094,7921509,42,1,4.5,4.5
17672577,7855324,42,1,4.5,4.5
22129224,9835793,42,1,4.5,4.5
6485039,2884048,42,1,4.5,4.5
17674717,7856295,42,1,4.5,4.5
15623735,6944446,42,1,4.5,4.5
4334807,1928047,42,1,4.5,4.5
22262333,9894858,42,1,4.5,4.5
24358634,10825828,42,1,6.75,6.75
23391464,10395981,42,1,6.75,6.75
23830634,10591091,42,1,6.75,6.75
22823198,10143443,42,1,6.75,6.75
23636744,10505038,42,1,6.75,6.75
23783787,10570434,42,1,6.75,6.75
27386356,12170262,42,1,6.75,6.75
23756682,10558380,42,1,6.75,6.75
27266868,12117275,42,1,6.75,6.75
22705876,10091536,42,1,6.75,6.75
27476813,12210480,42,1,6.75,6.75
24686834,10971737,42,1,6.75,6.75
23871946,10609382,42,1,6.75,6.75
25422225,11297770,42,1,6.75,6.75
29429136,13077584,42,1,6.75,6.75
26059950,11580783,42,1,6.75,6.75
24116580,10718416,42,1,6.75,6.75
23453118,10423416,42,1,6.75,6.75
25406989,11290994,42,1,6.75,6.75
28752436,12777274,42,1,6.75,6.75
27248098,12108880,42,1,6.75,6.75
29911540,13292020,42,1,6.75,6.75
29666586,13183196,42,1,6.75,6.75
23590724,10484549,42,1,6.75,6.75
28349647,12598055,42,1,6.75,6.75
13469401,5987134,42,2,4.5,9
15426116,6856573,42,2,4.5,9
29361959,13047828,42,2,6.75,13.5
25993223,11550971,42,2,6.75,13.5
30233794,13435627,42,2,6.75,13.5
24678789,10968076,42,2,6.75,13.5
2055207,914343,42,3,4.5,13.5
23801316,10578174,42,3,6.75,20.25
8756910,3893053,42,5,4.5,22.5
28613981,12715624,42,5,6.75,33.75
29797870,13241528,42,5,6.75,33.75
29683893,13190969,42,5,6.75,33.75
23815670,10584473,42,5,6.75,33.75
2155854,959451,43,1,3.5,3.5
15603416,6935426,43,1,3.5,3.5
22312772,9917264,43,1,3.5,3.5
19946352,8865881,43,1,3.5,3.5
2098537,933759,43,1,3.5,3.5
20233261,8993562,43,1,3.5,3.5
11136406,4951917,43,1,3.5,3.5
4177130,1858072,43,1,3.5,3.5
19932661,8859748,43,1,3.5,3.5
13346802,5932789,43,1,3.5,3.5
11085204,4929288,43,1,3.5,3.5
4339960,1930322,43,1,3.5,3.5
10981041,4882929,43,1,3.5,3.5
19862781,8828645,43,1,3.5,3.5
13486222,5994647,43,1,3.5,3.5
15388439,6839841,43,2,3.5,7
6566692,2920355,43,3,3.5,10.5
2243240,998234,43,4,3.5,14
8756912,3893053,43,5,3.5,17.5
2010843,894701,43,5,3.5,17.5
22468059,9986060,43,5,3.5,17.5
27783247,12346589,43,5,4.95,24.75
23590170,10484310,43,5,4.95,24.75
29016591,12894376,43,5,4.95,24.75
29077644,12921458,43,1,4.95,4.95
22819241,10141670,43,1,4.95,4.95
27016278,12005838,43,1,4.95,4.95
25693918,11418306,43,1,4.95,4.95
30114500,13382428,43,1,4.95,4.95
23990140,10661893,43,1,4.95,4.95
25513547,11338339,43,1,4.95,4.95
29923665,13297437,43,1,4.95,4.95
28621010,12718748,43,1,4.95,4.95
24444982,10863962,43,1,4.95,4.95
30190165,13416094,43,1,4.95,4.95
29009710,12891277,43,1,4.95,4.95
28639274,12726901,43,1,4.95,4.95
24194766,10753105,43,1,4.95,4.95
23633518,10503603,43,1,4.95,4.95
23254485,10335081,43,1,4.95,4.95
27666070,12294397,43,1,4.95,4.95
29163565,12959855,43,1,4.95,4.95
22608501,10048347,43,1,4.95,4.95
25171666,11186772,43,1,4.95,4.95
24543581,10908024,43,1,4.95,4.95
23391466,10395981,43,1,4.95,4.95
26300684,11687598,43,1,4.95,4.95
28072354,12474912,43,1,4.95,4.95
26439310,11749434,43,1,4.95,4.95
26320700,11696585,43,1,4.95,4.95
26182958,11635283,43,1,4.95,4.95
25422102,11297712,43,1,4.95,4.95
27381291,12168072,43,2,4.95,9.9
28105813,12489783,43,4,4.95,19.8
23274332,10343937,43,4,4.95,19.8
6516825,2898243,44,1,4,4
13402873,5957654,44,1,4,4
13264100,5896138,44,1,4,4
13342706,5930986,44,1,4,4
11026857,4903312,44,1,4,4
1975693,879028,44,1,4,4
22320806,9920868,44,1,4,4
22430411,9969339,44,1,4,4
13129277,5836064,44,1,4,4
2074371,922975,44,1,4,4
4239475,1885784,44,1,4,4
20016236,8896956,44,1,4,4
8884090,3949644,44,1,4,4
8775475,3901317,44,1,4,4
11088627,4930808,44,1,4,4
22346791,9932296,44,1,4,4
26120176,11607690,44,1,6.25,6.25
26844141,11929243,44,1,6.25,6.25
28077797,12477335,44,1,6.25,6.25
27509850,12225253,44,1,6.25,6.25
25628914,11389351,44,1,6.25,6.25
27068710,12029320,44,1,6.25,6.25
29849011,13264369,44,1,6.25,6.25
27215048,12094319,44,1,6.25,6.25
24934283,11081365,44,1,6.25,6.25
26481489,11768216,44,1,6.25,6.25
27094035,12040531,44,1,6.25,6.25
28443319,12639689,44,1,6.25,6.25
27663786,12293361,44,1,6.25,6.25
15612710,6939518,44,2,4,8
25837553,11482062,44,2,6.25,12.5
24978322,11100778,44,2,6.25,12.5
24923589,11076607,44,2,6.25,12.5
24987509,11104848,44,2,6.25,12.5
28305810,12578701,44,2,6.25,12.5
27157416,12068722,44,4,6.25,25
25641418,11394877,44,3,6.25,18.75
25610407,11381203,44,3,6.25,18.75
6698684,2979037,45,1,4.5,4.5
13207194,5870766,45,1,4.5,4.5
4432336,1971362,45,1,4.5,4.5
8911133,3961729,45,1,4.5,4.5
20019414,8898367,45,1,4.5,4.5
6665375,2964122,45,1,4.5,4.5
1918230,853550,45,1,4.5,4.5
6653338,2958782,45,1,4.5,4.5
15423054,6855199,45,1,4.5,4.5
6673436,2967763,45,1,4.5,4.5
2202356,980058,45,1,4.5,4.5
22406007,9958495,45,1,4.5,4.5
22461760,9983283,45,1,4.5,4.5
17939923,7973923,45,1,4.5,4.5
22904093,10179394,45,1,7.25,7.25
25916994,11517297,45,1,7.25,7.25
25749842,11443121,45,1,7.25,7.25
28148819,12508789,45,1,7.25,7.25
23738320,10550283,45,1,7.25,7.25
22551716,10023132,45,1,7.25,7.25
28358327,12601880,45,1,7.25,7.25
25277541,11233580,45,1,7.25,7.25
24414211,10850392,45,1,7.25,7.25
27064539,12027465,45,1,7.25,7.25
22705584,10091413,45,1,7.25,7.25
26754294,11889214,45,1,7.25,7.25
25400648,11288143,45,1,7.25,7.25
26340460,11705291,45,1,7.25,7.25
25666092,11405858,45,1,7.25,7.25
29966689,13316577,45,1,7.25,7.25
27112207,12048664,45,1,7.25,7.25
26609248,11824821,45,1,7.25,7.25
26919789,11963039,45,1,7.25,7.25
25463803,11316258,45,1,7.25,7.25
28955558,12867399,45,1,7.25,7.25
29751651,13220978,45,1,7.25,7.25
17983333,7993275,45,3,4.5,13.5
25621038,11385849,45,2,7.25,14.5
27573522,12253437,45,2,7.25,14.5
28456242,12645404,45,2,7.25,14.5
30206931,13423673,45,2,7.25,14.5
27972547,12430697,45,2,7.25,14.5
25311358,11248545,45,2,7.25,14.5
26665070,11849600,45,2,7.25,14.5
23706822,10536152,45,2,7.25,14.5
15606335,6936705,45,4,4.5,18
8641543,3841567,45,4,4.5,18
4363340,1940596,45,4,4.5,18
10909983,4851274,45,4,4.5,18
22145608,9842989,45,4,4.5,18
22295146,9909401,45,4,4.5,18
22233215,9881841,45,4,4.5,18
23655218,10513255,45,5,7.25,36.25
24043565,10685773,45,5,7.25,36.25
22990917,10217836,45,3,7.25,21.75
26146000,11619041,45,3,7.25,21.75
29070389,12918201,45,3,7.25,21.75
29693329,13195179,45,3,7.25,21.75
24264832,10783992,46,1,7.25,7.25
29087158,12925706,46,1,7.25,7.25
23975592,10655399,46,1,7.25,7.25
27813523,12360043,46,1,7.25,7.25
28731598,12768087,46,1,7.25,7.25
27768135,12339831,46,1,7.25,7.25
23712503,10538689,46,1,7.25,7.25
29539835,13126951,46,1,7.25,7.25
26169799,11629530,46,1,7.25,7.25
23980416,10657552,46,1,7.25,7.25
28390144,12616090,46,1,7.25,7.25
26399374,11731592,46,1,7.25,7.25
23796036,10575894,46,1,7.25,7.25
30332912,13479655,46,1,7.25,7.25
29947173,13307892,46,1,7.25,7.25
23155557,10290938,46,1,7.25,7.25
29524766,13120245,46,1,7.25,7.25
22724920,10099958,46,1,7.25,7.25
30385875,13503224,46,1,7.25,7.25
23518872,10452609,46,1,7.25,7.25
23247212,10331829,46,1,7.25,7.25
25964923,11538475,46,1,7.25,7.25
24260153,10781906,46,1,7.25,7.25
26469176,11762682,46,1,7.25,7.25
30075079,13364890,46,1,7.25,7.25
24365288,10828725,46,1,7.25,7.25
25412281,11293370,46,1,7.25,7.25
22714596,10095378,46,1,7.25,7.25
25502805,11333545,46,1,7.25,7.25
29268343,13006322,46,2,7.25,14.5
23128447,10278895,46,2,7.25,14.5
28767820,12784138,46,4,7.25,29
25624043,11387212,46,4,7.25,29
24889664,11061654,46,5,7.25,36.25
29932982,13301568,46,5,7.25,36.25
27713978,12315687,46,5,7.25,36.25
24466769,10873698,46,5,7.25,36.25
29221594,12985513,46,3,7.25,21.75
27566927,12250483,46,3,7.25,21.75
26386522,11725829,46,3,7.25,21.75
22402048,9956781,46,5,3.99,19.95
11101482,4936544,46,3,3.99,11.97
17842814,7930846,46,3,3.99,11.97
22325246,9922835,46,1,3.99,3.99
4115635,1830820,46,1,3.99,3.99
13434081,5971541,46,1,3.99,3.99
15447587,6866171,46,1,3.99,3.99
8990060,3996822,46,1,3.99,3.99
15518561,6897714,46,1,3.99,3.99
8900100,3956773,46,1,3.99,3.99
22139142,9840104,46,1,3.99,3.99
22334838,9927027,46,1,3.99,3.99
2174208,967631,46,1,3.99,3.99
11230169,4993216,46,1,3.99,3.99
13443088,5975458,46,1,3.99,3.99
6448353,2867806,46,1,3.99,3.99
1898232,844719,46,1,3.99,3.99
6689432,2974898,46,1,3.99,3.99
15530072,6902818,46,1,3.99,3.99
11220926,4989130,46,1,3.99,3.99
17879192,7946910,46,1,3.99,3.99
20178953,8969291,46,1,3.99,3.99
15468065,6875265,46,1,3.99,3.99
20237541,8995474,46,2,3.99,7.98
27829904,12367368,47,1,5.5,5.5
23502807,10445529,47,1,5.5,5.5
30281897,13457004,47,1,5.5,5.5
29008632,12890785,47,1,5.5,5.5
29567698,13139373,47,1,5.5,5.5
28634332,12724669,47,1,5.5,5.5
26147486,11619713,47,1,5.5,5.5
22684915,10082233,47,1,5.5,5.5
29878640,13277489,47,1,5.5,5.5
23965712,10650978,47,1,5.5,5.5
25961050,11536754,47,1,5.5,5.5
27439831,12193956,47,1,5.5,5.5
22566780,10029793,47,1,5.5,5.5
28606888,12712492,47,1,5.5,5.5
27319447,12140672,47,1,5.5,5.5
23549868,10466427,47,1,5.5,5.5
23875904,10611154,47,1,5.5,5.5
26776751,11899266,47,1,5.5,5.5
27871788,12386054,47,1,5.5,5.5
29850939,13265197,47,1,5.5,5.5
28073544,12475449,47,1,5.5,5.5
28904768,12844809,47,1,5.5,5.5
30401815,13510378,47,1,5.5,5.5
27551683,12243721,47,1,5.5,5.5
29672869,13186025,47,1,5.5,5.5
25688061,11415718,47,2,5.5,11
30431728,13523515,47,2,5.5,11
24954464,11090266,47,2,5.5,11
23512228,10449675,47,4,5.5,22
26753849,11889001,47,4,5.5,22
29750564,13220488,47,3,5.5,16.5
23655217,10513255,47,5,5.5,27.5
20053806,8913731,47,5,4.49,22.45
22140775,9840850,47,1,4.49,4.49
8751109,3890493,47,1,4.49,4.49
8663260,3851300,47,1,4.49,4.49
15423055,6855199,47,1,4.49,4.49
22162056,9850181,47,1,4.49,4.49
17791206,7907731,47,1,4.49,4.49
22379550,9946806,47,1,4.49,4.49
22493040,9997109,47,1,4.49,4.49
17919023,7964511,47,1,4.49,4.49
8796028,3910451,47,1,4.49,4.49
2097431,933271,47,1,4.49,4.49
1891569,841750,47,1,4.49,4.49
13262895,5895613,47,1,4.49,4.49
11226956,4991839,47,4,4.49,17.96
27877254,12388431,48,1,2.75,2.75
26425859,11743441,48,1,2.75,2.75
26852404,11932968,48,1,2.75,2.75
25916992,11517297,48,1,2.75,2.75
24585842,10926839,48,1,2.75,2.75
30075080,13364890,48,1,2.75,2.75
23720000,10542046,48,1,2.75,2.75
30214970,13427258,48,1,2.75,2.75
30433647,13524391,48,1,2.75,2.75
27424657,12187261,48,1,2.75,2.75
26059367,11580527,48,1,2.75,2.75
29625715,13165073,48,1,2.75,2.75
29539836,13126951,48,1,2.75,2.75
23341430,10373868,48,1,2.75,2.75
26399375,11731592,48,1,2.75,2.75
29832581,13257046,48,1,2.75,2.75
28210834,12536360,48,1,2.75,2.75
25219603,11207868,48,1,2.75,2.75
25823915,11476042,48,1,2.75,2.75
25845558,11485671,48,1,2.75,2.75
23165560,10295397,48,1,2.75,2.75
28676512,12743507,48,1,2.75,2.75
26664364,11849289,48,1,2.75,2.75
25421342,11297382,48,1,2.75,2.75
22551714,10023132,48,1,2.75,2.75
23617460,10496465,48,1,2.75,2.75
27801133,12354455,48,1,2.75,2.75
26388995,11726953,48,1,2.75,2.75
30254850,13444938,48,1,2.75,2.75
29970524,13318232,48,1,2.75,2.75
24928154,11078609,48,1,2.75,2.75
23617244,10496386,48,2,2.75,5.5
24295729,10797766,48,2,2.75,5.5
25527383,11344483,48,2,2.75,5.5
24866013,11051198,48,4,2.75,11
26714513,11871499,48,4,2.75,11
25677486,11410997,48,3,2.75,8.25
23267245,10340703,48,5,2.75,13.75
11136582,4951992,48,1,4.99,4.99
15537268,6905993,48,1,4.99,4.99
20089856,8929788,48,1,4.99,4.99
22223272,9877452,48,1,4.99,4.99
11139001,4953071,48,1,4.99,4.99
2083153,926886,48,1,4.99,4.99
19932662,8859748,48,1,4.99,4.99
20234233,8993990,48,1,4.99,4.99
15388438,6839841,48,2,4.99,9.98
20201713,8979412,48,2,4.99,9.98
20169928,8965309,48,2,4.99,9.98
10999756,4891270,48,2,4.99,9.98
23859171,10603689,49,5,4.99,24.95
24466766,10873698,49,5,4.99,24.95
25747484,11442053,49,5,4.99,24.95
25136574,11171347,49,5,4.99,24.95
22273148,9899705,49,5,2.99,14.95
22408272,9959513,49,5,2.99,14.95
8855223,3936768,49,5,2.99,14.95
22628069,10056989,49,3,4.99,14.97
17647786,7844228,49,1,2.99,2.99
4284973,1905928,49,1,2.99,2.99
13455583,5981035,49,1,2.99,2.99
13479844,5991845,49,1,2.99,2.99
4433942,1972086,49,1,2.99,2.99
22342316,9930280,49,1,2.99,2.99
22178860,9857719,49,1,2.99,2.99
17657002,7848407,49,1,2.99,2.99
20026302,8901442,49,1,2.99,2.99
15366675,6830168,49,1,2.99,2.99
11026860,4903312,49,1,2.99,2.99
17636282,7839030,49,1,2.99,2.99
13182173,5859632,49,1,2.99,2.99
17700045,7867373,49,1,2.99,2.99
10891112,4842876,49,1,2.99,2.99
6715077,2986251,49,1,2.99,2.99
17879191,7946910,49,1,2.99,2.99
17896122,7954379,49,2,2.99,5.98
19999474,8889576,49,4,2.99,11.96
30094511,13373536,49,1,4.99,4.99
25216282,11206444,49,1,4.99,4.99
25851185,11488200,49,1,4.99,4.99
25568754,11362683,49,1,4.99,4.99
29962144,13314523,49,1,4.99,4.99
22911133,10182509,49,1,4.99,4.99
25361400,11270779,49,1,4.99,4.99
26002927,11555313,49,1,4.99,4.99
26824785,11920655,49,1,4.99,4.99
22742225,10107554,49,1,4.99,4.99
24200219,10755480,49,1,4.99,4.99
27538601,12237945,49,1,4.99,4.99
27326679,12143935,49,1,4.99,4.99
28464432,12649021,49,1,4.99,4.99
25920148,11518707,49,1,4.99,4.99
27793486,12351118,49,1,4.99,4.99
28887348,12837173,49,1,4.99,4.99
30027594,13343719,49,1,4.99,4.99
25358908,11269650,49,1,4.99,4.99
22609163,10048641,49,1,4.99,4.99
23399552,10399526,49,1,4.99,4.99
24905908,11068826,49,1,4.99,4.99
25428886,11300768,49,2,4.99,9.98
27324929,12143155,49,2,4.99,9.98
24031899,10680615,49,2,4.99,9.98
24048120,10687762,49,2,4.99,9.98
28712621,12759570,49,4,4.99,19.96
28997203,12885695,49,4,4.99,19.96
24466767,10873698,50,5,5.99,29.95
23590172,10484310,50,5,5.99,29.95
15557952,6915155,50,3,3.49,10.47
28084315,12480209,50,3,5.99,17.97
27513048,12226670,50,3,5.99,17.97
6628801,2947959,50,1,3.49,3.49
22483879,9993117,50,1,3.49,3.49
8746296,3888281,50,1,3.49,3.49
10961126,4873990,50,1,3.49,3.49
22145862,9843102,50,1,3.49,3.49
13455582,5981035,50,1,3.49,3.49
22178861,9857719,50,1,3.49,3.49
1971577,877188,50,1,3.49,3.49
4432602,1971482,50,1,3.49,3.49
17987686,7995200,50,1,3.49,3.49
22406452,9958698,50,2,3.49,6.98
24870940,11053394,50,1,5.99,5.99
27370758,12163421,50,1,5.99,5.99
28039692,12460410,50,1,5.99,5.99
26475372,11765444,50,1,5.99,5.99
28506982,12667921,50,1,5.99,5.99
28606889,12712492,50,1,5.99,5.99
27508905,12224839,50,1,5.99,5.99
28955485,12867367,50,1,5.99,5.99
29416620,13072023,50,1,5.99,5.99
26824782,11920655,50,1,5.99,5.99
29716582,13205466,50,1,5.99,5.99
25005117,11112749,50,1,5.99,5.99
29878639,13277489,50,1,5.99,5.99
23165558,10295397,50,1,5.99,5.99
24029259,10679444,50,1,5.99,5.99
27414121,12182628,50,1,5.99,5.99
29457199,13090100,50,1,5.99,5.99
22633067,10059153,50,1,5.99,5.99
27190738,12083491,50,1,5.99,5.99
24445812,10864319,50,1,5.99,5.99
24630498,10946644,50,1,5.99,5.99
26343515,11706624,50,1,5.99,5.99
27640447,12283088,50,1,5.99,5.99
26584921,11814077,50,1,5.99,5.99
28743407,12773303,50,1,5.99,5.99
25259536,11225616,50,1,5.99,5.99
29651889,13176685,50,1,5.99,5.99
30423121,13519679,50,1,5.99,5.99
27724972,12320526,50,1,5.99,5.99
24632479,10947515,50,2,5.99,11.98
26831097,11923427,50,2,5.99,11.98
24210105,10759809,50,4,5.99,23.96
6738462,2996444,51,5,3.99,19.95
20103878,8935958,51,5,3.99,19.95
22408273,9959513,51,5,3.99,19.95
25253667,11222967,51,5,6.99,34.95
25485066,11325657,51,3,6.99,20.97
26643166,11839850,51,3,6.99,20.97
4257398,1893791,51,1,3.99,3.99
13178444,5857953,51,1,3.99,3.99
8730621,3881243,51,1,3.99,3.99
13458696,5982381,51,1,3.99,3.99
10875255,4835758,51,1,3.99,3.99
6742627,2998248,51,1,3.99,3.99
4178186,1858528,51,1,3.99,3.99
15456528,6870166,51,1,3.99,3.99
13299553,5911839,51,1,3.99,3.99
10906792,4849873,51,1,3.99,3.99
13402871,5957654,51,1,3.99,3.99
15655704,6958679,51,2,3.99,7.98
28686477,12747935,51,1,6.99,6.99
29357797,13045968,51,1,6.99,6.99
27396588,12174867,51,1,6.99,6.99
27490414,12216573,51,1,6.99,6.99
29377153,13054588,51,1,6.99,6.99
28752346,12777237,51,1,6.99,6.99
29756291,13223059,51,1,6.99,6.99
27211377,12092648,51,1,6.99,6.99
25508154,11335942,51,1,6.99,6.99
24787214,11016210,51,1,6.99,6.99
28275101,12564906,51,1,6.99,6.99
27235925,12103481,51,1,6.99,6.99
27810786,12358784,51,1,6.99,6.99
29873922,13275399,51,1,6.99,6.99
29046125,12907450,51,1,6.99,6.99
25428845,11300751,51,1,6.99,6.99
26824784,11920655,51,1,6.99,6.99
29351009,13042992,51,1,6.99,6.99
28230221,12544904,51,1,6.99,6.99
28775468,12787501,51,1,6.99,6.99
27871789,12386054,51,1,6.99,6.99
28165288,12516098,51,1,6.99,6.99
29371790,13052186,51,1,6.99,6.99
25400650,11288143,51,1,6.99,6.99
22844369,10152876,51,1,6.99,6.99
25722897,11431105,51,1,6.99,6.99
26182959,11635283,51,1,6.99,6.99
23917468,10629624,51,2,6.99,13.98
30116118,13383143,51,2,6.99,13.98
29361957,13047828,51,2,6.99,13.98
28148121,12508493,51,2,6.99,13.98
28928960,12855496,51,4,6.99,27.96
29519096,13117743,51,4,6.99,27.96
10945204,4866900,52,5,4.49,22.45
25675298,11409998,52,5,4.99,24.95
28613982,12715624,52,5,4.99,24.95
4404643,1958984,52,3,4.49,13.47
15399908,6844951,52,3,4.49,13.47
23456007,10424654,52,3,4.99,14.97
30273977,13453508,52,3,4.99,14.97
23618758,10497036,52,3,4.99,14.97
4196566,1866722,52,1,4.49,4.49
15652181,6957103,52,1,4.49,4.49
11122506,4945807,52,1,4.49,4.49
19996647,8888304,52,1,4.49,4.49
6742625,2998248,52,1,4.49,4.49
11021477,4900902,52,1,4.49,4.49
22138158,9839693,52,1,4.49,4.49
4192498,1864925,52,1,4.49,4.49
11211901,4985182,52,1,4.49,4.49
20241469,8997236,52,1,4.49,4.49
6489826,2886205,52,1,4.49,4.49
13458694,5982381,52,1,4.49,4.49
22796696,10131632,52,1,4.99,4.99
24753767,11001384,52,1,4.99,4.99
28390143,12616090,52,1,4.99,4.99
26259340,11669292,52,1,4.99,4.99
26447935,11753285,52,1,4.99,4.99
28438388,12637510,52,1,4.99,4.99
25077410,11144987,52,1,4.99,4.99
23149825,10288374,52,1,4.99,4.99
26147271,11619609,52,1,4.99,4.99
24037571,10683124,52,1,4.99,4.99
25446762,11308729,52,1,4.99,4.99
27467953,12206544,52,1,4.99,4.99
28519139,12673375,52,1,4.99,4.99
28235784,12547379,52,1,4.99,4.99
25102951,11156365,52,1,4.99,4.99
29415533,13071533,52,1,4.99,4.99
25339561,11261019,52,1,4.99,4.99
27520907,12230119,52,1,4.99,4.99
28360851,12603015,52,1,4.99,4.99
23508999,10448266,52,1,4.99,4.99
28771193,12785600,52,1,4.99,4.99
25425855,11299396,52,1,4.99,4.99
27940574,12416561,52,1,4.99,4.99
27751971,12332642,52,1,4.99,4.99
24646039,10953591,52,1,4.99,4.99
23871947,10609382,52,1,4.99,4.99
24200221,10755480,52,1,4.99,4.99
29071121,12918555,52,1,4.99,4.99
23680320,10524398,52,1,4.99,4.99
28686476,12747935,52,1,4.99,4.99
27619944,12274092,52,1,4.99,4.99
27747830,12330750,52,2,4.99,9.98
24629556,10946240,52,2,4.99,9.98
27004038,12000411,52,2,4.99,9.98
22624387,10055399,52,2,4.99,9.98
28792933,12795296,52,2,4.99,9.98
29540046,13127048,52,2,4.99,9.98
23617246,10496386,52,2,4.99,9.98
26782015,11901626,53,5,5.99,29.95
25572045,11364168,53,5,5.99,29.95
25598190,11375771,53,5,5.99,29.95
28644719,12729325,53,5,5.99,29.95
17819810,7920489,53,3,4.99,14.97
20183194,8971185,53,3,4.99,14.97
13246733,5888343,53,3,4.99,14.97
2040552,907856,53,1,4.99,4.99
22286367,9905554,53,1,4.99,4.99
22236150,9883122,53,1,4.99,4.99
8942141,3975534,53,1,4.99,4.99
17910953,7960969,53,1,4.99,4.99
8692804,3864487,53,1,4.99,4.99
13114269,5829371,53,1,4.99,4.99
27467868,12206510,53,1,5.99,5.99
23128142,10278759,53,1,5.99,5.99
22999497,10221668,53,1,5.99,5.99
24819063,11030313,53,1,5.99,5.99
24473924,10876905,53,1,5.99,5.99
25132011,11169299,53,1,5.99,5.99
24768478,11007879,53,1,5.99,5.99
25937247,11526236,53,1,5.99,5.99
30134377,13391288,53,1,5.99,5.99
25661700,11403909,53,1,5.99,5.99
29745334,13218207,53,1,5.99,5.99
26145031,11618625,53,1,5.99,5.99
27702532,12310660,53,1,5.99,5.99
30347996,13486361,53,1,5.99,5.99
25054035,11134576,53,1,5.99,5.99
27282913,12124345,53,1,5.99,5.99
24106031,10713727,53,1,5.99,5.99
28122341,12497012,53,1,5.99,5.99
26278146,11677671,53,1,5.99,5.99
23055001,10246265,53,1,5.99,5.99
26314891,11694013,53,1,5.99,5.99
28546469,12685659,53,1,5.99,5.99
23385200,10393255,53,1,5.99,5.99
25661699,11403909,53,1,5.99,5.99
28295340,12573924,53,1,5.99,5.99
28955839,12867518,53,1,5.99,5.99
25633786,11391536,53,1,5.99,5.99
29351013,13042992,53,1,5.99,5.99
26014236,11560347,53,1,5.99,5.99
27167684,12073217,53,1,5.99,5.99
24305180,10801981,53,1,5.99,5.99
24585839,10926839,53,1,5.99,5.99
20110168,8938806,53,2,4.99,9.98
26135998,11614675,53,2,5.99,11.98
24527367,10900783,53,2,5.99,11.98
30254724,13444885,53,2,5.99,11.98
24632480,10947515,53,2,5.99,11.98
22198938,9866634,53,4,4.99,19.96
25304836,11245677,53,4,5.99,23.96
13252641,5890983,54,5,5.49,27.45
4226376,1880003,54,5,5.49,27.45
25341137,11261688,54,5,6.99,34.95
25609070,11380594,54,5,6.99,34.95
29932983,13301568,54,5,6.99,34.95
23031982,10236076,54,5,6.99,34.95
28738567,12771153,54,5,6.99,34.95
4329233,1925524,54,3,5.49,16.47
4215411,1875089,54,1,5.49,5.49
13215165,5874316,54,1,5.49,5.49
17770525,7898627,54,1,5.49,5.49
4115638,1830820,54,1,5.49,5.49
6403930,2848061,54,1,5.49,5.49
6710426,2984202,54,1,5.49,5.49
4362349,1940174,54,1,5.49,5.49
15743151,6997597,54,1,5.49,5.49
22487625,9994749,54,1,5.49,5.49
4478685,1991910,54,1,5.49,5.49
4135978,1839873,54,1,5.49,5.49
8710427,3872298,54,1,5.49,5.49
22262335,9894858,54,1,5.49,5.49
17656854,7848331,54,1,5.49,5.49
10947473,4867909,54,1,5.49,5.49
28039691,12460410,54,1,6.99,6.99
25208824,11203115,54,1,6.99,6.99
24444834,10863899,54,1,6.99,6.99
28606890,12712492,54,1,6.99,6.99
27201796,12088430,54,1,6.99,6.99
23944433,10641584,54,1,6.99,6.99
30212156,13426014,54,1,6.99,6.99
27644856,12285040,54,1,6.99,6.99
24010848,10671208,54,1,6.99,6.99
25557938,11357932,54,1,6.99,6.99
26339761,11705001,54,1,6.99,6.99
26673908,11853574,54,1,6.99,6.99
27576426,12254719,54,1,6.99,6.99
24463528,10872221,54,1,6.99,6.99
23453120,10423416,54,1,6.99,6.99
29679654,13189076,54,1,6.99,6.99
24875783,11055527,54,1,6.99,6.99
28185988,12525307,54,1,6.99,6.99
22678469,10079335,54,1,6.99,6.99
28255114,12556083,54,1,6.99,6.99
25368504,11273891,54,1,6.99,6.99
25123309,11165389,54,1,6.99,6.99
24920980,11075458,54,1,6.99,6.99
27347927,12153323,54,1,6.99,6.99
26193441,11639953,54,1,6.99,6.99
26512414,11781959,54,1,6.99,6.99
28739864,12771734,54,1,6.99,6.99
23419097,10408315,54,1,6.99,6.99
6387472,2840663,54,2,5.49,10.98
28569482,12695916,54,2,6.99,13.98
30377623,13499528,54,2,6.99,13.98
27230804,12101262,54,2,6.99,13.98
29429597,13077801,54,2,6.99,13.98
22682762,10081284,54,2,6.99,13.98
22654480,10068703,54,4,6.99,27.96
28322487,12586109,54,4,6.99,27.96
28283214,12568523,55,5,4.99,24.95
26247414,11664100,55,5,4.99,24.95
29683894,13190969,55,5,4.99,24.95
28518884,12673264,55,3,4.99,14.97
26367402,11717303,55,3,4.99,14.97
22468056,9986060,55,5,6.99,34.95
17811299,7916648,55,5,6.99,34.95
11020354,4900417,55,3,6.99,20.97
29649404,13175617,55,1,4.99,4.99
27883570,12391285,55,1,4.99,4.99
26641398,11839068,55,1,4.99,4.99
25656291,11401487,55,1,4.99,4.99
23812922,10583279,55,1,4.99,4.99
27728533,12322119,55,1,4.99,4.99
27490417,12216573,55,1,4.99,4.99
25267645,11229167,55,1,4.99,4.99
24369720,10830700,55,1,4.99,4.99
27370825,12163452,55,1,4.99,4.99
27687533,12303978,55,1,4.99,4.99
22670348,10075737,55,1,4.99,4.99
29233147,12990661,55,1,4.99,4.99
28577807,12699590,55,1,4.99,4.99
29672870,13186025,55,1,4.99,4.99
26870448,11941014,55,1,4.99,4.99
29197279,12974741,55,1,4.99,4.99
24556329,10913717,55,1,4.99,4.99
29514258,13115565,55,1,4.99,4.99
15512105,6894861,55,1,6.99,6.99
13186543,5861608,55,1,6.99,6.99
8696616,3866178,55,1,6.99,6.99
1918783,853782,55,1,6.99,6.99
19915311,8852061,55,1,6.99,6.99
15692977,6975252,55,1,6.99,6.99
4378690,1947459,55,1,6.99,6.99
15678009,6968591,55,1,6.99,6.99
20198652,8978048,55,1,6.99,6.99
19978738,8880345,55,1,6.99,6.99
8990059,3996822,55,1,6.99,6.99
8685807,3861417,55,1,6.99,6.99
13129276,5836064,55,1,6.99,6.99
24656679,10958264,55,2,4.99,9.98
27995294,12440787,55,2,4.99,9.98
27981482,12434560,55,2,4.99,9.98
29799671,13242316,55,2,4.99,9.98
28107412,12490495,55,2,4.99,9.98
24656678,10958264,55,2,4.99,9.98
4373761,1945263,55,2,6.99,13.98
22343474,9930785,55,2,6.99,13.98
26298701,11686716,55,4,4.99,19.96
24055908,10691217,55,4,4.99,19.96
13256295,5892619,55,4,6.99,27.96
24011999,10671705,56,5,5.99,29.95
30184949,13413822,56,5,5.99,29.95
26859484,11936109,56,5,5.99,29.95
29180114,12967199,56,5,5.99,29.95
8808723,3916046,56,3,7.49,22.47
27134775,12058682,56,3,5.99,17.97
24124967,10722220,56,3,5.99,17.97
26501051,11776880,56,3,5.99,17.97
24027720,10678746,56,1,5.99,5.99
24190690,10751302,56,1,5.99,5.99
25737365,11437550,56,1,5.99,5.99
25605199,11378879,56,1,5.99,5.99
26263500,11671163,56,1,5.99,5.99
29234234,12991173,56,1,5.99,5.99
26352140,11710494,56,1,5.99,5.99
27627877,12277585,56,1,5.99,5.99
25196683,11197798,56,1,5.99,5.99
24205684,10757861,56,1,5.99,5.99
22931389,10191457,56,1,5.99,5.99
24031072,10680264,56,1,5.99,5.99
30280086,13456210,56,1,5.99,5.99
23700219,10533288,56,1,5.99,5.99
29232622,12990404,56,1,5.99,5.99
28557512,12690571,56,1,5.99,5.99
25693917,11418306,56,1,5.99,5.99
28281280,12567671,56,1,5.99,5.99
24889626,11061638,56,1,5.99,5.99
28234200,12546660,56,1,5.99,5.99
29140106,12949456,56,1,5.99,5.99
25903558,11511360,56,1,5.99,5.99
25603368,11378066,56,1,5.99,5.99
23630377,10502203,56,1,5.99,5.99
27493780,12218072,56,1,5.99,5.99
26560266,11803172,56,1,5.99,5.99
23866123,10606808,56,1,5.99,5.99
25611599,11381722,56,1,5.99,5.99
15573051,6921881,56,1,7.49,7.49
15558196,6915260,56,1,7.49,7.49
20074611,8922991,56,1,7.49,7.49
13212458,5873129,56,1,7.49,7.49
4494331,1998974,56,1,7.49,7.49
11022571,4901382,56,1,7.49,7.49
8815970,3919241,56,1,7.49,7.49
4308469,1916342,56,1,7.49,7.49
13363387,5940176,56,1,7.49,7.49
8897682,3955720,56,1,7.49,7.49
13160952,5850132,56,1,7.49,7.49
20044621,8909670,56,1,7.49,7.49
25477782,11322421,56,2,5.99,11.98
29269112,13006658,56,2,5.99,11.98
10927189,4858855,56,2,7.49,14.98
20194606,8976250,56,2,7.49,14.98
24406353,10846906,56,4,5.99,23.96
23354242,10379532,56,4,5.99,23.96
27108628,12047064,56,4,5.99,23.96
25101868,11155861,56,4,5.99,23.96
24552396,10911949,56,4,5.99,23.96
13307634,5915453,56,4,7.49,29.96
10909986,4851274,56,4,7.49,29.96
28644720,12729325,57,5,6.99,34.95
22856366,10158292,57,5,6.99,34.95
29180116,12967199,57,5,6.99,34.95
24281449,10791397,57,5,6.99,34.95
27557299,12246206,57,5,6.99,34.95
13474088,5989261,57,5,7.99,39.95
24905192,11068503,57,3,6.99,20.97
8810639,3916889,57,3,7.99,23.97
25571811,11364057,57,1,6.99,6.99
24334040,10814797,57,1,6.99,6.99
28402786,12621695,57,1,6.99,6.99
27304766,12134115,57,1,6.99,6.99
28915894,12849712,57,1,6.99,6.99
25470305,11319144,57,1,6.99,6.99
23021791,10231586,57,1,6.99,6.99
26586029,11814570,57,1,6.99,6.99
25484944,11325605,57,1,6.99,6.99
23684514,10526284,57,1,6.99,6.99
22561689,10027585,57,1,6.99,6.99
25198415,11198548,57,1,6.99,6.99
29370909,13051798,57,1,6.99,6.99
29046126,12907450,57,1,6.99,6.99
29378054,13054992,57,1,6.99,6.99
26447931,11753285,57,1,6.99,6.99
22581951,10036475,57,1,6.99,6.99
26339765,11705001,57,1,6.99,6.99
28735218,12769699,57,1,6.99,6.99
24445810,10864319,57,1,6.99,6.99
26481487,11768216,57,1,6.99,6.99
28164561,12515766,57,1,6.99,6.99
28970431,12873949,57,1,6.99,6.99
24937323,11082705,57,1,6.99,6.99
26081470,11590320,57,1,6.99,6.99
27346029,12152454,57,1,6.99,6.99
26129003,11611589,57,1,6.99,6.99
25923725,11520290,57,1,6.99,6.99
23671520,10520491,57,1,6.99,6.99
26673907,11853574,57,1,6.99,6.99
17775328,7900753,57,1,7.99,7.99
1947032,866288,57,1,7.99,7.99
8647819,3844382,57,1,7.99,7.99
6714081,2985811,57,1,7.99,7.99
4493492,1998582,57,1,7.99,7.99
8690578,3863510,57,1,7.99,7.99
8966378,3986348,57,1,7.99,7.99
8751110,3890493,57,1,7.99,7.99
22489536,9995593,57,1,7.99,7.99
4158712,1849956,57,1,7.99,7.99
4246964,1889146,57,1,7.99,7.99
22387026,9950184,57,1,7.99,7.99
22310061,9916047,57,1,7.99,7.99
13468470,5986705,57,1,7.99,7.99
8811832,3917431,57,1,7.99,7.99
13262607,5895488,57,1,7.99,7.99
25724729,11431904,57,2,6.99,13.98
27161352,12070435,57,2,6.99,13.98
28976913,12876832,57,2,6.99,13.98
28071363,12474464,57,2,6.99,13.98
19896599,8843813,57,2,7.99,15.98
13442772,5975321,57,2,7.99,15.98
8733411,3882484,57,2,7.99,15.98
27334073,12147246,57,4,6.99,27.96
13307637,5915453,57,4,7.99,31.96
15540970,6907626,57,4,7.99,31.96
27292651,12128670,58,5,2.99,14.95
22694132,10086329,58,5,2.99,14.95
29354965,13044724,58,1,2.99,2.99
25208709,11203061,58,1,2.99,2.99
29405975,13067345,58,1,2.99,2.99
29849933,13264775,58,1,2.99,2.99
23288740,10350357,58,1,2.99,2.99
25828652,11478126,58,1,2.99,2.99
22931390,10191457,58,1,2.99,2.99
27943044,12417662,58,1,2.99,2.99
26818689,11917938,58,1,2.99,2.99
30423661,13519913,58,1,2.99,2.99
26441307,11750330,58,1,2.99,2.99
28226809,12543422,58,1,2.99,2.99
29477063,13098947,58,1,2.99,2.99
25463804,11316258,58,1,2.99,2.99
25778594,11455896,58,1,2.99,2.99
24501568,10889180,58,1,2.99,2.99
26285758,11681034,58,1,2.99,2.99
27961480,12425798,58,1,2.99,2.99
25267168,11228975,58,1,2.99,2.99
25910540,11514418,58,1,2.99,2.99
24039781,10684105,58,1,2.99,2.99
28742743,12773000,58,1,2.99,2.99
28421007,12629730,58,1,2.99,2.99
30443509,13528756,58,1,2.99,2.99
25511375,11337358,58,1,2.99,2.99
27461082,12203484,58,1,2.99,2.99
26380027,11722912,58,2,2.99,5.98
27694533,12307081,58,2,2.99,5.98
27929618,12411647,58,2,2.99,5.98
27996352,12441221,58,4,2.99,11.96
1891568,841750,58,1,5.49,5.49
8624404,3833950,58,1,5.49,5.49
4397915,1956017,58,1,5.49,5.49
4205999,1870879,58,1,5.49,5.49
13319263,5920611,58,1,5.49,5.49
4263936,1896653,58,1,5.49,5.49
13479282,5991561,58,1,5.49,5.49
13479284,5991561,58,1,5.49,5.49
13479845,5991845,58,1,5.49,5.49
8696615,3866178,58,1,5.49,5.49
22370162,9942625,58,2,5.49,10.98
4477027,1991191,58,2,5.49,10.98
13227815,5879962,58,4,5.49,21.96
27403202,12177805,59,5,3.49,17.45
25747483,11442053,59,5,3.49,17.45
23036892,10238238,59,5,3.49,17.45
27703391,12311033,59,5,3.49,17.45
28602232,12710434,59,5,3.49,17.45
15572914,6921816,59,5,5.99,29.95
23800579,10577850,59,3,3.49,10.47
30300544,13465276,59,3,3.49,10.47
29036119,12903027,59,3,3.49,10.47
26264321,11671522,59,3,3.49,10.47
8810642,3916889,59,3,5.99,17.97
27894982,12396336,59,1,3.49,3.49
30047431,13352577,59,1,3.49,3.49
26288039,11682046,59,1,3.49,3.49
29119109,12940071,59,1,3.49,3.49
29365226,13049326,59,1,3.49,3.49
24194763,10753105,59,1,3.49,3.49
30005731,13333886,59,1,3.49,3.49
22844367,10152876,59,1,3.49,3.49
29329372,13033313,59,1,3.49,3.49
26161519,11625881,59,1,3.49,3.49
29625717,13165073,59,1,3.49,3.49
26132578,11613177,59,1,3.49,3.49
28752345,12777237,59,1,3.49,3.49
22920196,10186546,59,1,3.49,3.49
26711352,11870137,59,1,3.49,3.49
26776749,11899266,59,1,3.49,3.49
29773147,13230550,59,1,3.49,3.49
29410052,13069115,59,1,3.49,3.49
27788314,12348806,59,1,3.49,3.49
24126041,10722676,59,1,3.49,3.49
23164175,10294779,59,1,3.49,3.49
30257637,13446194,59,1,3.49,3.49
27565432,12249815,59,1,3.49,3.49
27565433,12249815,59,1,3.49,3.49
22777255,10123064,59,1,3.49,3.49
24730819,10991152,59,1,3.49,3.49
23151733,10289247,59,1,3.49,3.49
27551686,12243721,59,1,3.49,3.49
24972068,11098035,59,1,3.49,3.49
29818133,13250592,59,1,3.49,3.49
30432111,13523684,59,1,3.49,3.49
27265852,12116804,59,2,3.49,6.98
24367702,10829818,59,2,3.49,6.98
29050690,12909507,59,2,3.49,6.98
30445847,13529795,59,4,3.49,13.96
23183094,10303300,59,4,3.49,13.96
30445848,13529795,59,4,3.49,13.96
2210981,983934,59,1,5.99,5.99
13192040,5864047,59,1,5.99,5.99
11045879,4911858,59,1,5.99,5.99
15687519,6972816,59,1,5.99,5.99
4332511,1927014,59,1,5.99,5.99
6485491,2884250,59,1,5.99,5.99
15470973,6876578,59,1,5.99,5.99
13279683,5903012,59,1,5.99,5.99
8808057,3915749,59,1,5.99,5.99
6711903,2984851,59,1,5.99,5.99
4292388,1909210,59,1,5.99,5.99
22419400,9964472,59,1,5.99,5.99
15447589,6866171,59,1,5.99,5.99
13272053,5899589,59,1,5.99,5.99
6450926,2868951,59,1,5.99,5.99
1938378,862430,59,1,5.99,5.99
8884092,3949644,59,1,5.99,5.99
8692805,3864487,59,1,5.99,5.99
20163390,8962410,59,2,5.99,11.98
4205608,1870696,59,2,5.99,11.98
17896123,7954379,59,2,5.99,11.98
20055973,8914708,59,4,5.99,23.96
8923719,3967337,59,4,5.99,23.96
4212682,1873849,59,4,5.99,23.96
25168347,11185326,60,5,4.99,24.95
6707745,2983017,60,3,6.49,19.47
28961167,12869806,60,1,4.99,4.99
29967793,13317062,60,1,4.99,4.99
25170192,11186136,60,1,4.99,4.99
23719996,10542046,60,1,4.99,4.99
25467417,11317860,60,1,4.99,4.99
29125551,12942986,60,1,4.99,4.99
24903400,11067712,60,1,4.99,4.99
23081794,10258032,60,1,4.99,4.99
26254215,11667046,60,1,4.99,4.99
23763873,10561568,60,1,4.99,4.99
27455704,12201066,60,1,4.99,4.99
27351900,12155070,60,1,4.99,4.99
23154202,10290354,60,1,4.99,4.99
27314735,12138612,60,1,4.99,4.99
25890683,11505640,60,1,4.99,4.99
24216431,10762597,60,1,4.99,4.99
29329371,13033313,60,1,4.99,4.99
24343985,10819267,60,1,4.99,4.99
26280937,11678913,60,1,4.99,4.99
25437936,11304825,60,1,4.99,4.99
30420032,13518315,60,1,4.99,4.99
28269451,12562429,60,1,4.99,4.99
25607192,11379767,60,1,4.99,4.99
29326073,13031880,60,1,4.99,4.99
30435346,13525148,60,1,4.99,4.99
15678010,6968591,60,1,6.49,6.49
22188166,9861841,60,1,6.49,6.49
1936388,861538,60,1,6.49,6.49
15560243,6916175,60,1,6.49,6.49
15537144,6905938,60,1,6.49,6.49
13431058,5970194,60,1,6.49,6.49
20019415,8898367,60,1,6.49,6.49
20237919,8995644,60,1,6.49,6.49
4478687,1991910,60,1,6.49,6.49
20120064,8943208,60,1,6.49,6.49
10894785,4844499,60,1,6.49,6.49
22306324,9914396,60,1,6.49,6.49
20022441,8899728,60,2,6.49,12.98
8650052,3845369,60,2,6.49,12.98
28105815,12489783,60,4,4.99,19.96
24321805,10809411,60,4,4.99,19.96
30014719,13337884,60,4,4.99,19.96
22223271,9877452,61,1,2,2
8907821,3960254,61,1,2,2
13133568,5837951,61,1,2,2
17977503,7990693,61,1,2,2
8917998,3964771,61,1,2,2
8720120,3876629,61,1,2,2
15692976,6975252,61,1,2,2
11135932,4951695,61,1,2,2
6549002,2912528,61,1,2,2
6558177,2916595,61,1,2,2
20168164,8964537,61,1,2,2
20078811,8924870,61,1,2,2
22473080,9988341,61,1,2,2
22463424,9984024,61,1,2,2
8939401,3974290,61,1,2,2
23619631,10497429,61,1,2.5,2.5
27850554,12376537,61,1,2.5,2.5
29469495,13095568,61,1,2.5,2.5
25851978,11488551,61,1,2.5,2.5
30250704,13443107,61,1,2.5,2.5
27663784,12293361,61,1,2.5,2.5
27595567,12263211,61,1,2.5,2.5
22510679,10004943,61,1,2.5,2.5
23740563,10551234,61,1,2.5,2.5
25914843,11516305,61,1,2.5,2.5
24132540,10725565,61,1,2.5,2.5
28191528,12527741,61,1,2.5,2.5
23757046,10558541,61,1,2.5,2.5
23639836,10506410,61,1,2.5,2.5
26423277,11742280,61,1,2.5,2.5
24094353,10708459,61,1,2.5,2.5
23505821,10446841,61,1,2.5,2.5
24390320,10839822,61,1,2.5,2.5
30378981,13500134,61,1,2.5,2.5
24120003,10720005,61,1,2.5,2.5
29623404,13164088,61,1,2.5,2.5
19930445,8858738,61,2,2,4
20235198,8994405,61,2,2,4
25644568,11396295,61,2,2.5,5
28671551,12741259,61,2,2.5,5
26080608,11589920,61,2,2.5,5
30300541,13465276,61,3,2.5,7.5
27708309,12313244,61,3,2.5,7.5
8641546,3841567,61,4,2,8
19999473,8889576,61,4,2,8
4428412,1969609,61,5,2,10
24889666,11061654,61,5,2.5,12.5
25398193,11287059,61,5,2.5,12.5
20234236,8993990,62,1,2.5,2.5
15659677,6960459,62,1,2.5,2.5
22478355,9990647,62,1,2.5,2.5
2246678,999735,62,1,2.5,2.5
17647021,7843909,62,1,2.5,2.5
20167355,8964164,62,1,2.5,2.5
2202041,979915,62,1,2.5,2.5
2173400,967256,62,1,2.5,2.5
4228437,1880910,62,1,2.5,2.5
13264461,5896293,62,1,2.5,2.5
1924126,856155,62,1,2.5,2.5
13458695,5982381,62,1,2.5,2.5
20037324,8906450,62,1,2.5,2.5
25275508,11232648,62,1,3.5,3.5
24106032,10713727,62,1,3.5,3.5
23413983,10406032,62,1,3.5,3.5
23684246,10526155,62,1,3.5,3.5
28163431,12515271,62,1,3.5,3.5
23903556,10623484,62,1,3.5,3.5
22805356,10135473,62,1,3.5,3.5
23721307,10542627,62,1,3.5,3.5
24358866,10825926,62,1,3.5,3.5
28286659,12570043,62,1,3.5,3.5
25797832,11464398,62,1,3.5,3.5
29889874,13282404,62,1,3.5,3.5
26172471,11630708,62,1,3.5,3.5
23681003,10524710,62,1,3.5,3.5
24619123,10941589,62,1,3.5,3.5
23796198,10575963,62,1,3.5,3.5
29668364,13184003,62,1,3.5,3.5
24849708,11043898,62,1,3.5,3.5
24556330,10913717,62,1,3.5,3.5
22621424,10054125,62,1,3.5,3.5
27432788,12190872,62,1,3.5,3.5
25506280,11335134,62,1,3.5,3.5
25915285,11516509,62,1,3.5,3.5
29732218,13212445,62,1,3.5,3.5
23477047,10434084,62,1,3.5,3.5
30019548,13340048,62,1,3.5,3.5
15666190,6963329,62,2,2.5,5
20163391,8962410,62,2,2.5,5
17892789,7952927,62,2,2.5,5
25204870,11201361,62,2,3.5,7
23785630,10571264,62,2,3.5,7
1870742,832518,62,4,2.5,10
26264320,11671522,62,3,3.5,10.5
24890928,11062222,62,3,3.5,10.5
27899046,12398176,62,3,3.5,10.5
10918770,4855108,62,5,2.5,12.5
26683810,11857962,62,4,3.5,14
23717290,10540813,62,4,3.5,14
24866009,11051198,62,4,3.5,14
26359055,11713579,62,4,3.5,14
29907075,13289987,62,4,3.5,14
28562107,12692620,62,5,3.5,17.5
13264098,5896138,63,1,3,3
17636396,7839076,63,1,3,3
2195858,977175,63,1,3,3
15423053,6855199,63,1,3,3
8726752,3879546,63,1,3,3
13342708,5930986,63,1,3,3
10963269,4874945,63,1,3,3
6612602,2940703,63,1,3,3
15456529,6870166,63,1,3,3
17632246,7837267,63,1,3,3
17672308,7855199,63,1,3,3
15451798,6868034,63,1,3,3
17643985,7842533,63,1,3,3
17809370,7915786,63,1,3,3
17698096,7866514,63,1,3,3
6521606,2900362,63,1,3,3
13148102,5844418,63,1,3,3
4351960,1935594,63,1,3,3
4112618,1829506,63,1,3,3
22178858,9857719,63,1,3,3
8907088,3959930,63,1,3,3
27891894,12394994,63,1,4.5,4.5
25132008,11169299,63,1,4.5,4.5
30019204,13339894,63,1,4.5,4.5
29153031,12955192,63,1,4.5,4.5
23719999,10542046,63,1,4.5,4.5
23426493,10411597,63,1,4.5,4.5
25608131,11380172,63,1,4.5,4.5
24208299,10759028,63,1,4.5,4.5
27579455,12256087,63,1,4.5,4.5
27894963,12396329,63,1,4.5,4.5
28640794,12727570,63,1,4.5,4.5
26749844,11887198,63,1,4.5,4.5
30212157,13426014,63,1,4.5,4.5
25557937,11357932,63,1,4.5,4.5
25639002,11393863,63,1,4.5,4.5
24995167,11108259,63,1,4.5,4.5
22915296,10184368,63,1,4.5,4.5
25253869,11223059,63,1,4.5,4.5
28557513,12690571,63,1,4.5,4.5
22743629,10108168,63,1,4.5,4.5
17979453,7991551,63,2,3,6
25477784,11322421,63,2,4.5,9
26380030,11722912,63,2,4.5,9
2058784,915946,63,3,3,9
22432478,9970249,63,3,3,9
25564470,11360793,63,2,4.5,9
25528571,11345009,63,2,4.5,9
27979646,12433735,63,2,4.5,9
20143921,8953842,63,4,3,12
24851848,11044852,63,3,4.5,13.5
15496536,6887955,63,5,3,15
23477393,10434255,63,4,4.5,18
25940119,11527484,63,4,4.5,18
4257401,1893791,64,1,2,2
2117664,942360,64,1,2,2
22314302,9917952,64,1,2,2
6390865,2842189,64,1,2,2
2037212,906401,64,1,2,2
8891024,3952733,64,1,2,2
6363421,2829941,64,1,2,2
15447127,6865971,64,1,2,2
22410970,9960731,64,1,2,2
11136581,4951992,64,1,2,2
17936836,7972547,64,1,2,2
6580735,2926571,64,1,2,2
23407266,10402996,64,1,2.5,2.5
29567850,13139446,64,1,2.5,2.5
24421423,10853566,64,1,2.5,2.5
23802762,10578810,64,1,2.5,2.5
25562850,11360070,64,1,2.5,2.5
29046127,12907450,64,1,2.5,2.5
25964924,11538475,64,1,2.5,2.5
28226807,12543422,64,1,2.5,2.5
26923303,11964599,64,1,2.5,2.5
23414106,10406089,64,1,2.5,2.5
29447415,13085772,64,1,2.5,2.5
24281264,10791318,64,1,2.5,2.5
27853669,12377941,64,1,2.5,2.5
24575931,10922446,64,1,2.5,2.5
30212158,13426014,64,1,2.5,2.5
25196681,11197798,64,1,2.5,2.5
25153026,11178548,64,1,2.5,2.5
26845113,11929667,64,1,2.5,2.5
29451735,13087663,64,1,2.5,2.5
28184176,12524491,64,1,2.5,2.5
24222026,10765121,64,1,2.5,2.5
28807039,12801522,64,1,2.5,2.5
27490415,12216573,64,1,2.5,2.5
24305182,10801981,64,1,2.5,2.5
29446183,13085210,64,1,2.5,2.5
22693733,10086138,64,1,2.5,2.5
25301380,11244172,64,1,2.5,2.5
27792368,12350608,64,1,2.5,2.5
30344960,13484980,64,1,2.5,2.5
30401817,13510378,64,1,2.5,2.5
30053279,13355202,64,1,2.5,2.5
25926394,11521464,64,1,2.5,2.5
29914896,13293507,64,1,2.5,2.5
15585352,6927344,64,2,2,4
22743214,10107984,64,2,2.5,5
24527369,10900783,64,2,2.5,5
28450049,12642662,64,3,2.5,7.5
28108070,12490783,64,3,2.5,7.5
11144464,4955508,64,4,2,8
22868029,10163514,64,4,2.5,10
13261610,5895047,64,5,2,10
23036894,10238238,64,5,2.5,12.5
11194955,4977777,65,1,2.5,2.5
17705331,7869705,65,1,2.5,2.5
13148105,5844418,65,1,2.5,2.5
4383227,1949424,65,1,2.5,2.5
6612601,2940703,65,1,2.5,2.5
6485038,2884048,65,1,2.5,2.5
2085507,927907,65,1,2.5,2.5
8900102,3956773,65,1,2.5,2.5
8820301,3921136,65,1,2.5,2.5
17661501,7850394,65,1,2.5,2.5
17784739,7904920,65,1,2.5,2.5
20233259,8993562,65,1,2.5,2.5
22203671,9868726,65,1,2.5,2.5
1928863,858220,65,1,2.5,2.5
27445240,12196307,65,1,3.5,3.5
25734283,11436128,65,1,3.5,3.5
27199367,12087333,65,1,3.5,3.5
27922284,12408417,65,1,3.5,3.5
22642407,10063294,65,1,3.5,3.5
26518342,11784598,65,1,3.5,3.5
28841099,12816606,65,1,3.5,3.5
29328943,13033123,65,1,3.5,3.5
28016328,12449930,65,1,3.5,3.5
28400876,12620856,65,1,3.5,3.5
23517361,10451947,65,1,3.5,3.5
23149973,10288439,65,1,3.5,3.5
29168217,12961891,65,1,3.5,3.5
27359814,12158597,65,1,3.5,3.5
24654508,10957316,65,1,3.5,3.5
29244445,12995705,65,1,3.5,3.5
23271568,10342683,65,1,3.5,3.5
25103202,11156470,65,1,3.5,3.5
23990139,10661893,65,1,3.5,3.5
25001872,11111277,65,1,3.5,3.5
27396586,12174867,65,1,3.5,3.5
24543582,10908024,65,1,3.5,3.5
24974490,11099078,65,1,3.5,3.5
23846391,10598077,65,1,3.5,3.5
4258044,1894073,65,2,2.5,5
27108966,12047200,65,2,3.5,7
24262504,10782972,65,2,3.5,7
22500943,10000621,65,2,3.5,7
22749495,10110734,65,2,3.5,7
25129236,11168072,65,2,3.5,7
25872290,11497458,65,2,3.5,7
26556420,11801417,65,2,3.5,7
25621039,11385849,65,2,3.5,7
13393877,5953686,65,4,2.5,10
11144463,4955508,65,4,2.5,10
29693328,13195179,65,3,3.5,10.5
24015832,10673402,65,3,3.5,10.5
25547553,11353412,65,4,3.5,14
23279847,10346439,65,4,3.5,14
26768762,11895692,65,4,3.5,14
27584628,12258377,65,5,3.5,17.5
29754962,13222469,65,5,3.5,17.5
29797873,13241528,65,5,3.5,17.5
15530073,6902818,66,1,3,3
4448047,1978367,66,1,3,3
22171336,9854332,66,1,3,3
6610020,2939585,66,1,3,3
8717005,3875234,66,1,3,3
2175686,968280,66,1,3,3
4349511,1934528,66,1,3,3
6390081,2841816,66,1,3,3
6606026,2937807,66,1,3,3
8963058,3984883,66,1,3,3
26439312,11749434,66,1,4.5,4.5
28220565,12540666,66,1,4.5,4.5
22705944,10091564,66,1,4.5,4.5
30089660,13371383,66,1,4.5,4.5
28870362,12829588,66,1,4.5,4.5
28643009,12728589,66,1,4.5,4.5
27414529,12182804,66,1,4.5,4.5
29653119,13177252,66,1,4.5,4.5
22542753,10019134,66,1,4.5,4.5
30050505,13353936,66,1,4.5,4.5
22639842,10062134,66,1,4.5,4.5
30292407,13461625,66,1,4.5,4.5
24963622,11094305,66,1,4.5,4.5
29819760,13251318,66,1,4.5,4.5
28399780,12620363,66,1,4.5,4.5
28214884,12538155,66,1,4.5,4.5
25316430,11250793,66,1,4.5,4.5
10927190,4858855,66,2,3,6
8725834,3879109,66,2,3,6
25590073,11372200,66,2,4.5,9
29493395,13106201,66,2,4.5,9
30233793,13435627,66,2,4.5,9
28332634,12590618,66,3,4.5,13.5
17811298,7916648,66,5,3,15
23717289,10540813,66,4,4.5,18
24433298,10858775,66,4,4.5,18
17674716,7856295,67,1,2,2
4355342,1937079,67,1,2,2
6582978,2927557,67,1,2,2
20045390,8909983,67,1,2,2
13215166,5874316,67,1,2,2
8907087,3959930,67,1,2,2
22310060,9916047,67,1,2,2
8720536,3876801,67,1,2,2
13250832,5890169,67,1,2,2
24190689,10751302,67,1,2.5,2.5
27481056,12212379,67,1,2.5,2.5
30309084,13469079,67,1,2.5,2.5
24064967,10695357,67,1,2.5,2.5
24966455,11095594,67,1,2.5,2.5
23896244,10620200,67,1,2.5,2.5
29008633,12890785,67,1,2.5,2.5
24169246,10741815,67,1,2.5,2.5
23952763,10645274,67,1,2.5,2.5
29147243,12952625,67,1,2.5,2.5
26605949,11823361,67,1,2.5,2.5
26057289,11579594,67,1,2.5,2.5
27247835,12108766,67,1,2.5,2.5
24127239,10723226,67,1,2.5,2.5
23539381,10461801,67,1,2.5,2.5
25077412,11144987,67,1,2.5,2.5
24357298,10825222,67,1,2.5,2.5
22743631,10108168,67,1,2.5,2.5
29211393,12981065,67,1,2.5,2.5
24111900,10716319,67,1,2.5,2.5
29214441,12982358,67,1,2.5,2.5
22837748,10149997,67,1,2.5,2.5
25508153,11335942,67,1,2.5,2.5
25128556,11167765,67,1,2.5,2.5
28603249,12710899,67,1,2.5,2.5
28887489,12837244,67,1,2.5,2.5
27375765,12165654,67,1,2.5,2.5
28816763,12805837,67,1,2.5,2.5
26164752,11627280,67,1,2.5,2.5
22130819,9836496,67,2,2,4
27366087,12161361,67,2,2.5,5
30116116,13383143,67,2,2.5,5
8840575,3930247,67,3,2,6
25333434,11258266,67,3,2.5,7.5
28652779,12732922,67,3,2.5,7.5
25267414,11229077,67,3,2.5,7.5
2105558,936912,67,4,2,8
4206084,1870927,67,4,2,8
6735852,2995295,67,4,2,8
8651681,3846084,67,4,2,8
11226958,4991839,67,4,2,8
15572917,6921816,67,5,2,10
30337034,13481526,67,4,2.5,10
27722770,12319527,67,4,2.5,10
27188412,12082471,67,5,2.5,12.5
26247412,11664100,67,5,2.5,12.5
11220925,4989130,68,1,2.5,2.5
17910954,7960969,68,1,2.5,2.5
15434553,6860327,68,1,2.5,2.5
8980530,3992610,68,1,2.5,2.5
2174207,967631,68,1,2.5,2.5
19907877,8848782,68,1,2.5,2.5
17965415,7985315,68,1,2.5,2.5
4434556,1972385,68,1,2.5,2.5
15633627,6948858,68,1,2.5,2.5
27113711,12049353,68,1,3.5,3.5
27619596,12273918,68,1,3.5,3.5
30395980,13507767,68,1,3.5,3.5
29626118,13165243,68,1,3.5,3.5
24171577,10742874,68,1,3.5,3.5
25624550,11387434,68,1,3.5,3.5
26004548,11556039,68,1,3.5,3.5
22670347,10075737,68,1,3.5,3.5
28314462,12582617,68,1,3.5,3.5
24204931,10757526,68,1,3.5,3.5
29365228,13049326,68,1,3.5,3.5
23192633,10307549,68,1,3.5,3.5
24074756,10699718,68,1,3.5,3.5
29679651,13189076,68,1,3.5,3.5
24940031,11083900,68,1,3.5,3.5
23679217,10523896,68,1,3.5,3.5
23260316,10337616,68,1,3.5,3.5
24222022,10765121,68,1,3.5,3.5
23965711,10650978,68,1,3.5,3.5
28214886,12538155,68,1,3.5,3.5
26014237,11560347,68,1,3.5,3.5
29917065,13294462,68,1,3.5,3.5
28216494,12538873,68,1,3.5,3.5
24780935,11013397,68,1,3.5,3.5
17849917,7934026,68,2,2.5,5
19870982,8832290,68,2,2.5,5
27004039,12000411,68,2,3.5,7
26135997,11614675,68,2,3.5,7
28718114,12762010,68,2,3.5,7
22624386,10055399,68,2,3.5,7
11002513,4892507,68,3,2.5,7.5
19963086,8873372,68,3,2.5,7.5
22156916,9847999,68,4,2.5,10
22621838,10054311,68,3,3.5,10.5
27134776,12058682,68,3,3.5,10.5
15570568,6920754,68,5,2.5,12.5
27983420,12435440,68,5,3.5,17.5
2210982,983934,69,1,3,3
2229443,992092,69,1,3,3
22387027,9950184,69,1,3,3
15619364,6942497,69,1,3,3
13240784,5885709,69,1,3,3
10880130,4837966,69,1,3,3
1862454,828822,69,1,3,3
15414589,6851473,69,1,3,3
28693136,12750895,69,1,4.5,4.5
25089023,11150161,69,1,4.5,4.5
24194765,10753105,69,1,4.5,4.5
28067339,12472651,69,1,4.5,4.5
29415531,13071533,69,1,4.5,4.5
28807041,12801522,69,1,4.5,4.5
29590446,13149506,69,1,4.5,4.5
29500038,13109107,69,1,4.5,4.5
22682829,10081311,69,1,4.5,4.5
28853373,12822050,69,1,4.5,4.5
30012453,13336885,69,1,4.5,4.5
24164558,10739786,69,1,4.5,4.5
25908091,11513367,69,1,4.5,4.5
24014515,10672845,69,1,4.5,4.5
22509437,10004414,69,1,4.5,4.5
29427500,13076853,69,1,4.5,4.5
28752343,12777237,69,1,4.5,4.5
26875679,11943360,69,1,4.5,4.5
29576115,13143192,69,1,4.5,4.5
28039693,12460410,69,1,4.5,4.5
28051167,12465432,69,1,4.5,4.5
24106033,10713727,69,1,4.5,4.5
25949014,11531410,69,1,4.5,4.5
26213166,11648791,69,1,4.5,4.5
27347928,12153323,69,1,4.5,4.5
29464118,13093167,69,1,4.5,4.5
23838998,10594826,69,1,4.5,4.5
23639835,10506410,69,1,4.5,4.5
13313480,5918043,69,2,3,6
27329195,12145078,69,2,4.5,9
25747747,11442177,69,2,4.5,9
6576228,2924547,69,3,3,9
26357601,11712919,69,2,4.5,9
29273304,13008492,69,2,4.5,9
29269111,13006658,69,2,4.5,9
17988591,7995601,69,4,3,12
24661629,10960455,69,3,4.5,13.5
22777357,10123115,69,3,4.5,13.5
27241222,12105823,69,3,4.5,13.5
22479895,9991330,69,5,3,15
26375956,11721129,69,4,4.5,18
26144731,11618497,69,5,4.5,22.5
13145343,5843181,70,1,2,2
6537452,2907412,70,1,2,2
13364338,5940579,70,1,2,2
20020498,8898877,70,1,2,2
8646635,3843862,70,1,2,2
11211899,4985182,70,1,2,2
22492291,9996786,70,1,2,2
17717610,7875185,70,1,2,2
22134964,9838292,70,1,2,2
13479846,5991845,70,1,2,2
10970627,4878244,70,1,2,2
1971576,877188,70,1,2,2
6485490,2884250,70,1,2,2
19896600,8843813,70,2,2,4
6454222,2870400,70,2,2,4
6693442,2976679,70,3,2,6
6523198,2901051,70,3,2,6
22226035,9878659,70,4,2,8
15487127,6883767,70,4,2,8
17611050,7827808,70,5,2,10
27735379,12325125,70,5,4.99,24.95
23815668,10584473,70,5,4.99,24.95
25051017,11133196,70,1,4.99,4.99
24517254,10896257,70,1,4.99,4.99
29964370,13315538,70,1,4.99,4.99
24037573,10683124,70,1,4.99,4.99
26147487,11619713,70,1,4.99,4.99
23453119,10423416,70,1,4.99,4.99
24967279,11095947,70,1,4.99,4.99
25505898,11334963,70,1,4.99,4.99
27238492,12104620,70,1,4.99,4.99
27281504,12123726,70,1,4.99,4.99
24027723,10678746,70,1,4.99,4.99
27813519,12360043,70,1,4.99,4.99
24312465,10805230,70,1,4.99,4.99
24019093,10674864,70,1,4.99,4.99
30321785,13474759,70,1,4.99,4.99
23192632,10307549,70,1,4.99,4.99
26707077,11868191,70,1,4.99,4.99
28739865,12771734,70,1,4.99,4.99
28603248,12710899,70,1,4.99,4.99
23988035,10660943,70,1,4.99,4.99
24260155,10781906,70,1,4.99,4.99
28232609,12545967,70,1,4.99,4.99
24169243,10741815,70,1,4.99,4.99
24430821,10857681,70,1,4.99,4.99
23280937,10346935,70,1,4.99,4.99
27988337,12437663,70,1,4.99,4.99
24714655,10984071,70,1,4.99,4.99
22741203,10107123,70,1,4.99,4.99
30443510,13528756,70,1,4.99,4.99
30107136,13379118,70,1,4.99,4.99
28970434,12873949,70,1,4.99,4.99
23660768,10515724,70,1,4.99,4.99
22520987,10009540,70,1,4.99,4.99
26836326,11925717,70,1,4.99,4.99
27981483,12434560,70,2,4.99,9.98
23774869,10566404,70,2,4.99,9.98
25788685,11460358,70,2,4.99,9.98
25195673,11197378,70,4,4.99,19.96
10880131,4837966,71,1,2.5,2.5
20000932,8890239,71,1,2.5,2.5
6394201,2843716,71,1,2.5,2.5
11085201,4929288,71,1,2.5,2.5
6516823,2898243,71,1,2.5,2.5
17632244,7837267,71,1,2.5,2.5
10891110,4842876,71,1,2.5,2.5
17787893,7906310,71,1,2.5,2.5
6564958,2919579,71,1,2.5,2.5
15694180,6975777,71,1,2.5,2.5
22395761,9954030,71,1,2.5,2.5
15633030,6948591,71,1,2.5,2.5
17966560,7985833,71,2,2.5,5
25747481,11442053,71,5,3.99,19.95
24437640,10860708,71,5,3.99,19.95
25747356,11441997,71,1,3.99,3.99
25069917,11141608,71,1,3.99,3.99
28546468,12685659,71,1,3.99,3.99
29322751,13030448,71,1,3.99,3.99
23201484,10311488,71,1,3.99,3.99
29923666,13297437,71,1,3.99,3.99
28862722,12826217,71,1,3.99,3.99
27439830,12193956,71,1,3.99,3.99
25019633,11119211,71,1,3.99,3.99
26356637,11712495,71,1,3.99,3.99
25603694,11378199,71,1,3.99,3.99
24258365,10781118,71,1,3.99,3.99
28147530,12508197,71,1,3.99,3.99
25716388,11428190,71,1,3.99,3.99
25562852,11360070,71,1,3.99,3.99
26384353,11724855,71,1,3.99,3.99
30019635,13340095,71,1,3.99,3.99
27702868,12310809,71,1,3.99,3.99
29469496,13095568,71,1,3.99,3.99
29127595,12943889,71,1,3.99,3.99
28317846,12584075,71,1,3.99,3.99
23269805,10341887,71,1,3.99,3.99
24996323,11108791,71,2,3.99,7.98
27576069,12254559,71,2,3.99,7.98
29850980,13265213,71,2,3.99,7.98
23858922,10603576,71,2,3.99,7.98
22819120,10141608,71,2,3.99,7.98
8808060,3915749,72,1,3,3
8746295,3888281,72,1,3,3
11122507,4945807,72,1,3,3
15537141,6905938,72,1,3,3
17818093,7919727,72,1,3,3
13277249,5901923,72,1,3,3
20058679,8915914,72,1,3,3
13431056,5970194,72,1,3,3
20068258,8920173,72,1,3,3
19999785,8889720,72,1,3,3
4138849,1841116,72,1,3,3
2098539,933759,72,1,3,3
6372667,2834054,72,1,3,3
20128546,8946958,72,1,3,3
13479784,5991817,72,1,3,3
6405554,2848794,72,1,3,3
11169124,4966426,72,1,3,3
1939085,862757,72,1,3,3
1862660,828914,72,2,3,6
8879074,3947416,72,2,3,6
17817706,7919542,72,2,3,6
2212076,984426,72,5,3,15
27137623,12059947,72,5,2.99,14.95
24259599,10781672,72,5,2.99,14.95
27187502,12082066,72,5,2.99,14.95
28859774,12824893,72,5,2.99,14.95
28553238,12688687,72,3,2.99,8.97
29537227,13125773,72,3,2.99,8.97
25827494,11477612,72,1,2.99,2.99
29899665,13286684,72,1,2.99,2.99
24132541,10725565,72,1,2.99,2.99
27047621,12019930,72,1,2.99,2.99
28081845,12479147,72,1,2.99,2.99
23271566,10342683,72,1,2.99,2.99
27454620,12200581,72,1,2.99,2.99
26600922,11821167,72,1,2.99,2.99
26005969,11556669,72,1,2.99,2.99
28809638,12802666,72,1,2.99,2.99
28220566,12540666,72,1,2.99,2.99
24039930,10684170,72,1,2.99,2.99
26620870,11829911,72,1,2.99,2.99
23722875,10543346,72,1,2.99,2.99
26721574,11874635,72,1,2.99,2.99
22685537,10082519,72,1,2.99,2.99
23617457,10496465,72,1,2.99,2.99
30027591,13343719,72,1,2.99,2.99
22778438,10123593,72,1,2.99,2.99
29271414,13007665,72,1,2.99,2.99
24591901,10929526,72,1,2.99,2.99
27667634,12295120,72,1,2.99,2.99
22774027,10121630,72,1,2.99,2.99
27819810,12362851,72,1,2.99,2.99
26286458,11681329,72,1,2.99,2.99
28324205,12586861,72,1,2.99,2.99
23320776,10364682,72,1,2.99,2.99
25100267,11155150,72,1,2.99,2.99
29188879,12971055,72,1,2.99,2.99
24190547,10751234,72,1,2.99,2.99
30079304,13366729,72,1,2.99,2.99
24887107,11060503,72,1,2.99,2.99
22776055,10122543,72,1,2.99,2.99
30278499,13455487,72,1,2.99,2.99
26552043,11799490,72,4,2.99,11.96
28997201,12885695,72,4,2.99,11.96
23869450,10608273,72,4,2.99,11.96
29084616,12924536,72,4,2.99,11.96
24210106,10759809,72,4,2.99,11.96
13389763,5951851,73,1,2,2
2074372,922975,73,1,2,2
17822092,7921509,73,1,2,2
15701176,6978911,73,1,2,2
22219829,9875901,73,1,2,2
6584871,2928401,73,1,2,2
15483032,6881918,73,1,2,2
19907876,8848782,73,1,2,2
20194830,8976355,73,1,2,2
13395515,5954388,73,2,2,4
4141883,1842425,73,2,2,4
13389285,5951654,73,2,2,4
4313515,1918539,73,5,2,10
27405262,12178720,73,5,3.99,19.95
26736714,11881416,73,3,3.99,11.97
23014866,10228455,73,3,3.99,11.97
26264318,11671522,73,3,3.99,11.97
24115097,10717734,73,1,3.99,3.99
27454617,12200581,73,1,3.99,3.99
24031443,10680428,73,1,3.99,3.99
26673909,11853574,73,1,3.99,3.99
22510680,10004943,73,1,3.99,3.99
24887470,11060671,73,1,3.99,3.99
26180058,11634015,73,1,3.99,3.99
30301066,13465515,73,1,3.99,3.99
24351558,10822661,73,1,3.99,3.99
27890782,12394488,73,1,3.99,3.99
30317093,13472664,73,1,3.99,3.99
25867734,11495465,73,1,3.99,3.99
27591005,12261213,73,1,3.99,3.99
28338078,12593011,73,1,3.99,3.99
28100596,12487424,73,1,3.99,3.99
24209216,10759415,73,1,3.99,3.99
26852403,11932968,73,1,3.99,3.99
26285761,11681034,73,1,3.99,3.99
24039929,10684170,73,1,3.99,3.99
29898273,13286070,73,1,3.99,3.99
24407230,10847298,73,1,3.99,3.99
29875461,13276075,73,1,3.99,3.99
25800955,11465788,73,1,3.99,3.99
26595582,11818772,73,1,3.99,3.99
28358328,12601880,73,1,3.99,3.99
24527368,10900783,73,2,3.99,7.98
26174771,11631716,73,2,3.99,7.98
29748691,13219657,73,4,3.99,15.96
28712622,12759570,73,4,3.99,15.96
20020499,8898877,74,1,2.5,2.5
8680031,3858833,74,1,2.5,2.5
15403295,6846440,74,1,2.5,2.5
4330397,1926047,74,1,2.5,2.5
11160432,4962502,74,1,2.5,2.5
13389764,5951851,74,1,2.5,2.5
2085508,927907,74,1,2.5,2.5
22322524,9921606,74,1,2.5,2.5
11161465,4962964,74,1,2.5,2.5
20116934,8941823,74,1,2.5,2.5
8704292,3869586,74,1,2.5,2.5
22499813,10000133,74,5,4.99,24.95
23035775,10237763,74,5,4.99,24.95
22628068,10056989,74,3,4.99,14.97
25823382,11475801,74,1,4.99,4.99
26212029,11648297,74,1,4.99,4.99
24087565,10705437,74,1,4.99,4.99
27667632,12295120,74,1,4.99,4.99
27199974,12087600,74,1,4.99,4.99
29351012,13042992,74,1,4.99,4.99
26609249,11824821,74,1,4.99,4.99
23066313,10251281,74,1,4.99,4.99
26272268,11675063,74,1,4.99,4.99
25267166,11228975,74,1,4.99,4.99
25128065,11167538,74,1,4.99,4.99
26895124,11952008,74,1,4.99,4.99
27213227,12093491,74,1,4.99,4.99
28955486,12867367,74,1,4.99,4.99
27136405,12059419,74,1,4.99,4.99
25618282,11384680,74,1,4.99,4.99
25813993,11471624,74,1,4.99,4.99
28006644,12445701,74,1,4.99,4.99
25361399,11270779,74,1,4.99,4.99
23061338,10249056,74,1,4.99,4.99
25259540,11225616,74,1,4.99,4.99
25502804,11333545,74,1,4.99,4.99
24525063,10899733,74,1,4.99,4.99
25186009,11193095,74,1,4.99,4.99
29440458,13082651,74,1,4.99,4.99
25761819,11448471,74,1,4.99,4.99
23643306,10507922,74,1,4.99,4.99
30031055,13345296,74,1,4.99,4.99
30077211,13365806,74,1,4.99,4.99
27028840,12011549,74,1,4.99,4.99
24311498,10804804,74,1,4.99,4.99
26286454,11681329,74,1,4.99,4.99
28535587,12680764,74,1,4.99,4.99
30312069,13470431,74,1,4.99,4.99
27929621,12411647,74,2,4.99,9.98
30016898,13338855,74,2,4.99,9.98
29369554,13051205,74,2,4.99,9.98
29429598,13077801,74,2,4.99,9.98
24714266,10983911,74,2,4.99,9.98
28792936,12795296,74,2,4.99,9.98
22704005,10090718,74,2,4.99,9.98
28322488,12586109,74,4,4.99,19.96
28997202,12885695,74,4,4.99,19.96
6593582,2932293,75,1,3,3
13388396,5951257,75,1,3,3
1987299,884179,75,1,3,3
6411162,2851318,75,1,3,3
6745573,2999580,75,1,3,3
4449757,1979117,75,1,3,3
17621633,7832526,75,1,3,3
6489828,2886205,75,1,3,3
4141172,1842109,75,1,3,3
10956650,4872018,75,1,3,3
2136173,950643,75,1,3,3
4448048,1978367,75,1,3,3
22267074,9897002,75,1,3,3
15483033,6881918,75,1,3,3
19932659,8859748,75,1,3,3
19864309,8829317,75,1,3,3
20141939,8952958,75,1,3,3
8897020,3955434,75,2,3,6
1967329,875311,75,3,3,9
6585234,2928571,75,5,3,15
6674510,2968269,75,5,3,15
26606950,11823806,75,5,5.99,29.95
25761524,11448343,75,3,5.99,17.97
25926145,11521354,75,1,5.99,5.99
28380417,12611798,75,1,5.99,5.99
27445238,12196307,75,1,5.99,5.99
28349648,12598055,75,1,5.99,5.99
27627878,12277585,75,1,5.99,5.99
27386281,12170231,75,1,5.99,5.99
29440460,13082651,75,1,5.99,5.99
27984804,12436055,75,1,5.99,5.99
22662456,10072224,75,1,5.99,5.99
29015815,12894025,75,1,5.99,5.99
22742224,10107554,75,1,5.99,5.99
28360850,12603015,75,1,5.99,5.99
26266804,11672642,75,1,5.99,5.99
27953917,12422450,75,1,5.99,5.99
28335960,12592066,75,1,5.99,5.99
22590061,10040091,75,1,5.99,5.99
29026241,12898674,75,1,5.99,5.99
25339564,11261019,75,1,5.99,5.99
27337212,12148610,75,1,5.99,5.99
28283118,12568479,75,1,5.99,5.99
29140840,12949793,75,1,5.99,5.99
28164562,12515766,75,1,5.99,5.99
26919785,11963039,75,1,5.99,5.99
29867211,13272427,75,1,5.99,5.99
23081793,10258032,75,1,5.99,5.99
30171832,13407988,75,1,5.99,5.99
30095286,13373875,75,1,5.99,5.99
27165059,12072070,75,1,5.99,5.99
27323436,12142477,75,1,5.99,5.99
28618049,12717443,75,1,5.99,5.99
23871944,10609382,75,1,5.99,5.99
27161349,12070435,75,2,5.99,11.98
28420863,12629659,75,2,5.99,11.98
26359057,11713579,75,4,5.99,23.96
29084615,12924536,75,4,5.99,23.96
26859485,11936109,76,5,3.99,19.95
26657948,11846422,76,5,3.99,19.95
13379170,5947154,76,1,2.99,2.99
13441522,5974773,76,1,2.99,2.99
13472602,5988593,76,1,2.99,2.99
17860069,7938492,76,1,2.99,2.99
13145344,5843181,76,1,2.99,2.99
11239003,4997102,76,1,2.99,2.99
4392037,1953384,76,1,2.99,2.99
17676894,7857265,76,1,2.99,2.99
22410968,9960731,76,1,2.99,2.99
13486220,5994647,76,1,2.99,2.99
17679846,7858567,76,1,2.99,2.99
29524763,13120245,76,1,3.99,3.99
22702873,10090200,76,1,3.99,3.99
24029257,10679444,76,1,3.99,3.99
24443319,10863233,76,1,3.99,3.99
28480394,12656119,76,1,3.99,3.99
23407632,10403153,76,1,3.99,3.99
30252116,13443749,76,1,3.99,3.99
22692936,10085789,76,1,3.99,3.99
26058728,11580225,76,1,3.99,3.99
25530159,11345700,76,1,3.99,3.99
23952762,10645274,76,1,3.99,3.99
23165559,10295397,76,1,3.99,3.99
24118888,10719480,76,1,3.99,3.99
25703693,11422604,76,1,3.99,3.99
28594790,12707124,76,1,3.99,3.99
24948373,11087554,76,1,3.99,3.99
28533360,12679731,76,1,3.99,3.99
26609246,11824821,76,1,3.99,3.99
28920301,12851636,76,1,3.99,3.99
25446763,11308729,76,1,3.99,3.99
29008635,12890785,76,1,3.99,3.99
25524736,11343327,76,1,3.99,3.99
25993225,11550971,76,2,3.99,7.98
23730927,10546988,76,2,3.99,7.98
24126137,10722725,76,2,3.99,7.98
29557538,13134809,76,2,3.99,7.98
22749493,10110734,76,2,3.99,7.98
29753535,13221818,76,4,3.99,15.96
27692787,12306316,76,4,3.99,15.96
4457321,1982454,77,5,3.99,19.95
28644718,12729325,77,5,4.99,24.95
22432479,9970249,77,3,3.99,11.97
24642878,10952197,77,3,4.99,14.97
24039700,10684069,77,3,4.99,14.97
15668735,6964442,77,1,3.99,3.99
8626031,3834676,77,1,3.99,3.99
6517178,2898405,77,1,3.99,3.99
13454955,5980760,77,1,3.99,3.99
15442905,6864108,77,1,3.99,3.99
15542126,6908142,77,1,3.99,3.99
15574255,6922418,77,1,3.99,3.99
1862453,828822,77,1,3.99,3.99
22422254,9965717,77,1,3.99,3.99
13346800,5932789,77,1,3.99,3.99
10939925,4864536,77,4,3.99,15.96
22671378,10076208,77,1,4.99,4.99
27326678,12143935,77,1,4.99,4.99
22678468,10079335,77,1,4.99,4.99
28152795,12510539,77,1,4.99,4.99
30250703,13443107,77,1,4.99,4.99
28709174,12758030,77,1,4.99,4.99
25704227,11422844,77,1,4.99,4.99
30398970,13509103,77,1,4.99,4.99
29704704,13200216,77,1,4.99,4.99
23211758,10316079,77,1,4.99,4.99
29754089,13222083,77,1,4.99,4.99
29221851,12985623,77,1,4.99,4.99
22670350,10075737,77,1,4.99,4.99
27461080,12203484,77,1,4.99,4.99
28467041,12650184,77,1,4.99,4.99
29153089,12955222,77,1,4.99,4.99
23773558,10565814,77,1,4.99,4.99
27432789,12190872,77,1,4.99,4.99
23420937,10409110,77,1,4.99,4.99
27266869,12117275,77,1,4.99,4.99
28895844,12840930,77,1,4.99,4.99
25534779,11347739,77,1,4.99,4.99
24640073,10950923,77,1,4.99,4.99
24054927,10690792,77,1,4.99,4.99
30193415,13417601,77,1,4.99,4.99
22731902,10103024,77,1,4.99,4.99
25153028,11178548,77,1,4.99,4.99
30301153,13465555,77,1,4.99,4.99
25437701,11304736,77,1,4.99,4.99
27809834,12358354,77,2,4.99,9.98
24972667,11098303,77,4,4.99,19.96
22408271,9959513,78,5,4.99,24.95
26247413,11664100,78,5,5.99,29.95
27776679,12343663,78,3,5.99,17.97
26954251,11978349,78,3,5.99,17.97
27243076,12106673,78,3,5.99,17.97
15588363,6928695,78,1,4.99,4.99
15634722,6949348,78,1,4.99,4.99
6660871,2962119,78,1,4.99,4.99
4467818,1987097,78,1,4.99,4.99
19864308,8829317,78,1,4.99,4.99
22252962,9890685,78,1,4.99,4.99
19877278,8835160,78,1,4.99,4.99
4313824,1918689,78,1,4.99,4.99
22237583,9883756,78,1,4.99,4.99
2085510,927907,78,1,4.99,4.99
2099099,934011,78,1,4.99,4.99
22325245,9922835,78,1,4.99,4.99
22310658,9916313,78,1,4.99,4.99
6601038,2935645,78,1,4.99,4.99
10869871,4833347,78,1,4.99,4.99
2041925,908461,78,1,4.99,4.99
6580737,2926571,78,1,4.99,4.99
22492306,9996792,78,1,4.99,4.99
6405555,2848794,78,1,4.99,4.99
4205998,1870879,78,1,4.99,4.99
17706781,7870353,78,1,4.99,4.99
24475350,10877514,78,1,5.99,5.99
28104362,12489125,78,1,5.99,5.99
23839001,10594826,78,1,5.99,5.99
23974545,10654931,78,1,5.99,5.99
23409666,10404074,78,1,5.99,5.99
27666069,12294397,78,1,5.99,5.99
27432790,12190872,78,1,5.99,5.99
22585311,10037979,78,1,5.99,5.99
27036511,12015012,78,1,5.99,5.99
27375746,12165647,78,1,5.99,5.99
23274218,10343885,78,1,5.99,5.99
26532996,11791074,78,1,5.99,5.99
23155556,10290938,78,1,5.99,5.99
28402787,12621695,78,1,5.99,5.99
24937324,11082705,78,1,5.99,5.99
23904272,10623784,78,1,5.99,5.99
23680323,10524398,78,1,5.99,5.99
24278982,10790303,78,1,5.99,5.99
27576429,12254719,78,1,5.99,5.99
26755225,11889617,78,1,5.99,5.99
26481486,11768216,78,1,5.99,5.99
27162273,12070854,78,1,5.99,5.99
27808930,12357948,78,1,5.99,5.99
29671322,13185334,78,1,5.99,5.99
23810117,10582047,78,1,5.99,5.99
22717921,10096853,78,1,5.99,5.99
28600326,12709584,78,1,5.99,5.99
25656289,11401487,78,1,5.99,5.99
24454838,10868377,78,1,5.99,5.99
23399553,10399526,78,1,5.99,5.99
15388436,6839841,78,2,4.99,9.98
8942375,3975640,78,2,4.99,9.98
25449867,11310111,78,2,5.99,11.98
25477591,11322332,78,2,5.99,11.98
27002199,11999620,78,2,5.99,11.98
10909985,4851274,78,4,4.99,19.96
28670989,12741011,78,4,5.99,23.96
25401232,11288413,78,4,5.99,23.96
23031983,10236076,79,5,3.99,19.95
27983422,12435440,79,5,3.99,19.95
25609071,11380594,79,5,3.99,19.95
28011008,12447619,79,5,3.99,19.95
28652778,12732922,79,3,3.99,11.97
15634720,6949348,79,1,2.99,2.99
1918784,853782,79,1,2.99,2.99
22228868,9879896,79,1,2.99,2.99
13439715,5973980,79,1,2.99,2.99
17860071,7938492,79,1,2.99,2.99
6425262,2857591,79,1,2.99,2.99
17647022,7843909,79,1,2.99,2.99
15659674,6960459,79,1,2.99,2.99
6420622,2855561,79,1,2.99,2.99
17797651,7910578,79,1,2.99,2.99
10993662,4888517,79,1,2.99,2.99
10956649,4872018,79,1,2.99,2.99
24490577,10884269,79,1,3.99,3.99
23254484,10335081,79,1,3.99,3.99
28947211,12863622,79,1,3.99,3.99
23139856,10283978,79,1,3.99,3.99
22811578,10138236,79,1,3.99,3.99
27913774,12404668,79,1,3.99,3.99
29905798,13289411,79,1,3.99,3.99
29275380,13009412,79,1,3.99,3.99
27079963,12034332,79,1,3.99,3.99
22837517,10149896,79,1,3.99,3.99
24656182,10958045,79,1,3.99,3.99
22819242,10141670,79,1,3.99,3.99
25474406,11320935,79,1,3.99,3.99
22740651,10106877,79,1,3.99,3.99
28460808,12647403,79,1,3.99,3.99
30385597,13503096,79,1,3.99,3.99
28652453,12732786,79,1,3.99,3.99
28862491,12826105,79,1,3.99,3.99
30432110,13523684,79,1,3.99,3.99
28980800,12878518,79,1,3.99,3.99
28076094,12476584,79,1,3.99,3.99
30218458,13428823,79,1,3.99,3.99
26647286,11841650,79,1,3.99,3.99
27247839,12108766,79,1,3.99,3.99
22671379,10076208,79,1,3.99,3.99
29522681,13119324,79,1,3.99,3.99
27859281,12380469,79,1,3.99,3.99
26749845,11887198,79,1,3.99,3.99
8961755,3984295,79,2,2.99,5.98
15426115,6856573,79,2,2.99,5.98
20169930,8965309,79,2,2.99,5.98
13395516,5954388,79,2,2.99,5.98
28019036,12451155,79,2,3.99,7.98
23354027,10379449,79,2,3.99,7.98
28718112,12762010,79,2,3.99,7.98
13307636,5915453,79,4,2.99,11.96
25401229,11288413,79,4,3.99,15.96
29748692,13219657,79,4,3.99,15.96
13475450,5989870,80,5,3.99,19.95
30184951,13413822,80,5,4.99,24.95
13194297,5865023,80,1,3.99,3.99
20043131,8909035,80,1,3.99,3.99
17745021,7887369,80,1,3.99,3.99
13278085,5902303,80,1,3.99,3.99
6580734,2926571,80,1,3.99,3.99
4259385,1894671,80,1,3.99,3.99
15414587,6851473,80,1,3.99,3.99
4392305,1953501,80,1,3.99,3.99
17895550,7954128,80,4,3.99,15.96
20220586,8987866,80,4,3.99,15.96
29117215,12939192,80,1,4.99,4.99
22621423,10054125,80,1,4.99,4.99
26325465,11698665,80,1,4.99,4.99
26492708,11773179,80,1,4.99,4.99
26214069,11649195,80,1,4.99,4.99
24355200,10824294,80,1,4.99,4.99
26164750,11627280,80,1,4.99,4.99
27248349,12109004,80,1,4.99,4.99
30053280,13355202,80,1,4.99,4.99
27850553,12376537,80,1,4.99,4.99
26584983,11814105,80,1,4.99,4.99
28870361,12829588,80,1,4.99,4.99
24305184,10801981,80,1,4.99,4.99
25489495,11327590,80,1,4.99,4.99
27639574,12282718,80,1,4.99,4.99
28360766,12602976,80,1,4.99,4.99
27192806,12084390,80,1,4.99,4.99
22589866,10040004,80,1,4.99,4.99
25134482,11170411,80,1,4.99,4.99
27011100,12003565,80,1,4.99,4.99
24616238,10940322,80,1,4.99,4.99
27930398,12411992,80,1,4.99,4.99
28360070,12602664,80,1,4.99,4.99
25888355,11504605,80,1,4.99,4.99
25198417,11198548,80,1,4.99,4.99
25054037,11134576,80,1,4.99,4.99
23567429,10474185,80,1,4.99,4.99
24437810,10860790,80,2,4.99,9.98
27551457,12243616,80,2,4.99,9.98
23730928,10546988,80,2,4.99,9.98
24262502,10782972,80,2,4.99,9.98
28976914,12876832,80,2,4.99,9.98
26375958,11721129,80,4,4.99,19.96
30342101,13483709,80,4,4.99,19.96
11020353,4900417,81,3,4.99,14.97
15734608,6993731,81,3,4.99,14.97
27225956,12099098,81,3,5.99,17.97
24851850,11044852,81,3,5.99,17.97
17698098,7866514,81,1,4.99,4.99
20011491,8894887,81,1,4.99,4.99
2073705,922692,81,1,4.99,4.99
8963055,3984883,81,1,4.99,4.99
4434557,1972385,81,1,4.99,4.99
15603415,6935426,81,1,4.99,4.99
22253991,9891159,81,1,4.99,4.99
13452155,5979532,81,1,4.99,4.99
10869870,4833347,81,1,4.99,4.99
22209516,9871330,81,1,4.99,4.99
29304423,13022265,81,1,5.99,5.99
29087445,12925822,81,1,5.99,5.99
26254829,11667311,81,1,5.99,5.99
26948215,11975727,81,1,5.99,5.99
24887469,11060671,81,1,5.99,5.99
28141688,12505552,81,1,5.99,5.99
27672183,12297191,81,1,5.99,5.99
27122955,12053400,81,1,5.99,5.99
30070647,13362913,81,1,5.99,5.99
26347989,11708628,81,1,5.99,5.99
28959152,12868947,81,1,5.99,5.99
29923664,13297437,81,1,5.99,5.99
24264834,10783992,81,1,5.99,5.99
25007202,11113668,81,1,5.99,5.99
22722780,10098983,81,1,5.99,5.99
26557258,11801794,81,1,5.99,5.99
27525038,12231930,81,1,5.99,5.99
24932643,11080620,81,1,5.99,5.99
24222024,10765121,81,1,5.99,5.99
26456324,11757013,81,1,5.99,5.99
25170193,11186136,81,1,5.99,5.99
24029261,10679444,81,1,5.99,5.99
24131933,10725306,81,1,5.99,5.99
26067081,11583925,81,1,5.99,5.99
23277340,10345320,81,1,5.99,5.99
22540126,10017983,81,1,5.99,5.99
23617459,10496465,81,1,5.99,5.99
29179987,12967142,81,1,5.99,5.99
26546008,11796859,81,1,5.99,5.99
26882982,11946618,81,1,5.99,5.99
27922283,12408417,81,1,5.99,5.99
27555116,12245276,81,1,5.99,5.99
4372200,1944554,81,2,4.99,9.98
27981485,12434560,81,2,5.99,11.98
23359318,10381755,81,2,5.99,11.98
27169954,12074227,81,2,5.99,11.98
23617245,10496386,81,2,5.99,11.98
27381292,12168072,81,2,5.99,11.98
30433497,13524315,81,2,5.99,11.98
27636353,12281325,81,2,5.99,11.98
26753847,11889001,81,4,5.99,23.96
24212071,10760688,82,5,3.99,19.95
23120715,10275378,82,5,3.99,19.95
13229965,5880891,82,5,2.99,14.95
1947340,866427,82,5,2.99,14.95
17848568,7933412,82,3,2.99,8.97
23800578,10577850,82,3,3.99,11.97
22678883,10079506,82,3,3.99,11.97
24661631,10960455,82,3,3.99,11.97
11031462,4905378,82,1,2.99,2.99
10985543,4884941,82,1,2.99,2.99
8656889,3848464,82,1,2.99,2.99
13168477,5853510,82,1,2.99,2.99
4410115,1961476,82,1,2.99,2.99
8666926,3852923,82,1,2.99,2.99
2018603,898185,82,1,2.99,2.99
22318614,9919887,82,1,2.99,2.99
8685809,3861417,82,1,2.99,2.99
28966503,12872185,82,1,3.99,3.99
28349645,12598055,82,1,3.99,3.99
29805232,13244818,82,1,3.99,3.99
25216283,11206444,82,1,3.99,3.99
22566782,10029793,82,1,3.99,3.99
25511843,11337588,82,1,3.99,3.99
29956756,13312102,82,1,3.99,3.99
22561268,10027409,82,1,3.99,3.99
23689049,10528347,82,1,3.99,3.99
26872446,11941929,82,1,3.99,3.99
29557605,13134837,82,1,3.99,3.99
29204670,12978025,82,1,3.99,3.99
27282914,12124345,82,1,3.99,3.99
29229898,12989179,82,1,3.99,3.99
28519137,12673375,82,1,3.99,3.99
27546064,12241242,82,1,3.99,3.99
30019638,13340095,82,1,3.99,3.99
25080468,11146390,82,1,3.99,3.99
27395355,12174306,82,1,3.99,3.99
27718177,12317518,82,1,3.99,3.99
28815515,12805282,82,1,3.99,3.99
26229584,11656138,82,1,3.99,3.99
29956757,13312102,82,1,3.99,3.99
27433723,12191320,82,1,3.99,3.99
23531108,10458017,82,1,3.99,3.99
24920982,11075458,82,1,3.99,3.99
25267450,11229093,82,1,3.99,3.99
29106954,12934557,82,1,3.99,3.99
23757045,10558541,82,1,3.99,3.99
25128064,11167538,82,1,3.99,3.99
28895842,12840930,82,1,3.99,3.99
26918215,11962347,82,1,3.99,3.99
26174773,11631716,82,2,3.99,7.98
26665072,11849600,82,2,3.99,7.98
22704511,10090938,82,2,3.99,7.98
28010573,12447434,82,2,3.99,7.98
28792937,12795296,82,2,3.99,7.98
22479896,9991330,83,5,3.99,19.95
23502365,10445326,83,5,5.99,29.95
4404644,1958984,83,3,3.99,11.97
25624590,11387453,83,3,5.99,17.97
25016110,11117632,83,3,5.99,17.97
28436411,12636620,83,3,5.99,17.97
13388394,5951257,83,1,3.99,3.99
6678626,2970077,83,1,3.99,3.99
13468471,5986705,83,1,3.99,3.99
6486312,2884612,83,1,3.99,3.99
1925319,856675,83,1,3.99,3.99
1964904,874195,83,1,3.99,3.99
15468927,6875649,83,1,3.99,3.99
8653208,3846795,83,1,3.99,3.99
15544019,6908984,83,1,3.99,3.99
4339122,1929959,83,1,3.99,3.99
11109478,4940062,83,1,3.99,3.99
17775330,7900753,83,1,3.99,3.99
8897019,3955434,83,2,3.99,7.98
6527055,2902762,83,2,3.99,7.98
22343471,9930785,83,2,3.99,7.98
27424659,12187261,83,1,5.99,5.99
28214888,12538155,83,1,5.99,5.99
24140452,10729118,83,1,5.99,5.99
25600498,11376801,83,1,5.99,5.99
30313760,13471161,83,1,5.99,5.99
30005730,13333886,83,1,5.99,5.99
29781749,13234384,83,1,5.99,5.99
24334039,10814797,83,1,5.99,5.99
23763872,10561568,83,1,5.99,5.99
27490418,12216573,83,1,5.99,5.99
23228379,10323516,83,1,5.99,5.99
29555644,13133992,83,1,5.99,5.99
26600921,11821167,83,1,5.99,5.99
26451242,11754766,83,1,5.99,5.99
25511846,11337588,83,1,5.99,5.99
27687534,12303978,83,1,5.99,5.99
25518341,11340502,83,1,5.99,5.99
28537230,12681504,83,1,5.99,5.99
30347995,13486361,83,1,5.99,5.99
29523345,13119605,83,1,5.99,5.99
26956989,11979604,83,1,5.99,5.99
26673906,11853574,83,1,5.99,5.99
25667346,11406423,83,1,5.99,5.99
25967510,11539658,83,1,5.99,5.99
24175227,10744511,83,1,5.99,5.99
24686837,10971737,83,1,5.99,5.99
24501567,10889180,83,1,5.99,5.99
29326072,13031880,83,1,5.99,5.99
24463526,10872221,83,1,5.99,5.99
27002198,11999620,83,2,5.99,11.98
24661148,10960249,83,2,5.99,11.98
24566865,10918397,83,2,5.99,11.98
27979649,12433735,83,2,5.99,11.98
25644567,11396295,83,2,5.99,11.98
26727999,11877490,83,2,5.99,11.98
27265854,12116804,83,2,5.99,11.98
23025268,10233077,83,4,5.99,23.96
24866010,11051198,83,4,5.99,23.96
23151491,10289146,84,5,2.99,14.95
24889665,11061654,84,5,2.99,14.95
25849462,11487424,84,3,2.99,8.97
25198416,11198548,84,1,2.99,2.99
29355667,13045045,84,1,2.99,2.99
28887488,12837244,84,1,2.99,2.99
22837749,10149997,84,1,2.99,2.99
28142355,12505856,84,1,2.99,2.99
29634666,13169038,84,1,2.99,2.99
25988461,11548852,84,1,2.99,2.99
27531214,12234678,84,1,2.99,2.99
24090170,10706607,84,1,2.99,2.99
26788109,11904353,84,1,2.99,2.99
25621172,11385914,84,1,2.99,2.99
28546470,12685659,84,1,2.99,2.99
25313064,11249300,84,1,2.99,2.99
27875495,12387645,84,1,2.99,2.99
29514261,13115565,84,1,2.99,2.99
26875680,11943360,84,1,2.99,2.99
22935460,10193249,84,1,2.99,2.99
29952905,13310447,84,1,2.99,2.99
27199975,12087600,84,1,2.99,2.99
24530473,10902211,84,1,2.99,2.99
27735785,12325306,84,1,2.99,2.99
30070646,13362913,84,1,2.99,2.99
27169952,12074227,84,2,2.99,5.98
28630059,12722787,84,2,2.99,5.98
29684019,13191024,84,2,2.99,5.98
27955464,12423120,84,2,2.99,5.98
28322490,12586109,84,4,2.99,11.96
23046963,10242689,84,4,2.99,11.96
23183092,10303300,84,4,2.99,11.96
13405880,5958968,84,1,4.99,4.99
20011490,8894887,84,1,4.99,4.99
17803515,7913162,84,1,4.99,4.99
22473078,9988341,84,1,4.99,4.99
15697208,6977114,84,1,4.99,4.99
17697379,7866188,84,1,4.99,4.99
17656853,7848331,84,1,4.99,4.99
17861733,7939218,84,1,4.99,4.99
4494416,1999010,84,1,4.99,4.99
20116658,8941687,84,2,4.99,9.98
25808169,11468987,85,5,2.49,12.45
13327301,5924171,85,3,2.99,8.97
29328428,13032916,85,3,2.49,7.47
29229897,12989179,85,1,2.49,2.49
24543580,10908024,85,1,2.49,2.49
25683968,11413903,85,1,2.49,2.49
25177099,11189177,85,1,2.49,2.49
25591825,11372960,85,1,2.49,2.49
30411393,13514536,85,1,2.49,2.49
24118889,10719480,85,1,2.49,2.49
22773096,10121241,85,1,2.49,2.49
27068714,12029320,85,1,2.49,2.49
29351011,13042992,85,1,2.49,2.49
29963225,13315002,85,1,2.49,2.49
30038117,13348486,85,1,2.49,2.49
28165823,12516324,85,1,2.49,2.49
27958978,12424685,85,1,2.49,2.49
23179051,10301510,85,1,2.49,2.49
29696198,13196424,85,1,2.49,2.49
25851186,11488200,85,1,2.49,2.49
23712869,10538858,85,1,2.49,2.49
26129001,11611589,85,1,2.49,2.49
29106275,12934275,85,1,2.49,2.49
24776966,11011695,85,1,2.49,2.49
29170122,12962740,85,1,2.49,2.49
25453414,11311689,85,1,2.49,2.49
25890680,11505640,85,1,2.49,2.49
28849811,12820455,85,1,2.49,2.49
24559890,10915308,85,1,2.49,2.49
24892274,11062813,85,1,2.49,2.49
23168592,10296776,85,1,2.49,2.49
24963619,11094305,85,1,2.49,2.49
23685558,10526771,85,1,2.49,2.49
17698095,7866514,85,1,2.99,2.99
15484473,6882561,85,1,2.99,2.99
17890334,7951849,85,1,2.99,2.99
19879985,8836363,85,1,2.99,2.99
13133567,5837951,85,1,2.99,2.99
6696332,2977977,85,1,2.99,2.99
17987682,7995200,85,1,2.99,2.99
20233613,8993701,85,1,2.99,2.99
6678625,2970077,85,1,2.99,2.99
22293359,9908628,85,1,2.99,2.99
4432335,1971362,85,1,2.99,2.99
24055115,10690876,85,2,2.49,4.98
30436156,13525491,85,2,2.49,4.98
28200240,12531623,85,2,2.49,4.98
27972546,12430697,85,2,2.49,4.98
24107689,10714461,85,2,2.49,4.98
13194888,5865290,85,2,2.99,5.98
8726854,3879593,85,2,2.99,5.98
22405997,9958490,85,2,2.99,5.98
15736740,6994712,85,2,2.99,5.98
4205609,1870696,85,2,2.99,5.98
13377719,5946514,85,4,2.99,11.96
1875962,834817,86,5,3.99,19.95
8756911,3893053,86,5,3.99,19.95
29110578,12936197,86,5,2.99,14.95
25677484,11410997,86,3,2.99,8.97
27438361,12193339,86,3,2.99,8.97
24167388,10741007,86,1,2.99,2.99
27755812,12334326,86,1,2.99,2.99
29218457,12984140,86,1,2.99,2.99
28775470,12787501,86,1,2.99,2.99
28735220,12769699,86,1,2.99,2.99
23740560,10551234,86,1,2.99,2.99
27275019,12120861,86,1,2.99,2.99
25908088,11513367,86,1,2.99,2.99
26749843,11887198,86,1,2.99,2.99
28081702,12479080,86,1,2.99,2.99
24967278,11095947,86,1,2.99,2.99
30075081,13364890,86,1,2.99,2.99
27047624,12019930,86,1,2.99,2.99
27314491,12138487,86,1,2.99,2.99
26760574,11891991,86,1,2.99,2.99
23093549,10263259,86,1,2.99,2.99
25595487,11374565,86,1,2.99,2.99
27961481,12425798,86,1,2.99,2.99
24543583,10908024,86,1,2.99,2.99
23924592,10632800,86,1,2.99,2.99
28029790,12455987,86,1,2.99,2.99
23380835,10391315,86,1,2.99,2.99
28862493,12826105,86,1,2.99,2.99
27623408,12275630,86,1,2.99,2.99
26754293,11889214,86,1,2.99,2.99
26325464,11698665,86,1,2.99,2.99
28275152,12564921,86,1,2.99,2.99
23979745,10657250,86,1,2.99,2.99
24775859,11011207,86,1,2.99,2.99
27733030,12324095,86,1,2.99,2.99
10980615,4882733,86,1,3.99,3.99
15559973,6916064,86,1,3.99,3.99
15554447,6913574,86,1,3.99,3.99
10947100,4867740,86,1,3.99,3.99
13283745,5904808,86,1,3.99,3.99
17879193,7946910,86,1,3.99,3.99
4187014,1862495,86,1,3.99,3.99
17649070,7844817,86,1,3.99,3.99
15423056,6855199,86,1,3.99,3.99
20167356,8964164,86,1,3.99,3.99
11022574,4901382,86,1,3.99,3.99
4485292,1994913,86,1,3.99,3.99
30258945,13446776,86,2,2.99,5.98
28682012,12745947,86,2,2.99,5.98
23785627,10571264,86,2,2.99,5.98
29372395,13052449,86,2,2.99,5.98
26891467,11950411,86,2,2.99,5.98
28081426,12478964,86,2,2.99,5.98
30151124,13398703,86,2,2.99,5.98
6422151,2856231,86,2,3.99,7.98
15373685,6833296,86,2,3.99,7.98
29827299,13254687,86,4,2.99,11.96
8923718,3967337,86,4,3.99,15.96
11084458,4928977,86,4,3.99,15.96
28678398,12744345,87,5,3.49,17.45
24212070,10760688,87,5,3.49,17.45
4310678,1917288,87,5,4.99,24.95
8763801,3896108,87,5,4.99,24.95
13216016,5874689,87,5,4.99,24.95
17811297,7916648,87,5,4.99,24.95
23974712,10655008,87,3,3.49,10.47
28780033,12789571,87,3,3.49,10.47
25778351,11455780,87,3,3.49,10.47
11101483,4936544,87,3,4.99,14.97
29457198,13090100,87,1,3.49,3.49
29933312,13301717,87,1,3.49,3.49
28554012,12689047,87,1,3.49,3.49
28255116,12556083,87,1,3.49,3.49
26254517,11667175,87,1,3.49,3.49
27984805,12436055,87,1,3.49,3.49
30047430,13352577,87,1,3.49,3.49
23075272,10255200,87,1,3.49,3.49
24369719,10830700,87,1,3.49,3.49
24595797,10931250,87,1,3.49,3.49
23453117,10423416,87,1,3.49,3.49
29494391,13106646,87,1,3.49,3.49
26880295,11945404,87,1,3.49,3.49
24010851,10671208,87,1,3.49,3.49
27225758,12099011,87,1,3.49,3.49
29368303,13050654,87,1,3.49,3.49
23408754,10403655,87,1,3.49,3.49
28653959,12733432,87,1,3.49,3.49
27824283,12364856,87,1,3.49,3.49
27672181,12297191,87,1,3.49,3.49
29179988,12967142,87,1,3.49,3.49
23539380,10461801,87,1,3.49,3.49
23121948,10275940,87,1,3.49,3.49
29447414,13085772,87,1,3.49,3.49
26090700,11594364,87,1,3.49,3.49
25761820,11448471,87,1,3.49,3.49
29515227,13116000,87,1,3.49,3.49
28107410,12490495,87,2,3.49,6.98
25356022,11268360,87,2,3.49,6.98
30163377,13404175,87,2,3.49,6.98
30041121,13349786,87,2,3.49,6.98
26075386,11587621,87,4,3.49,13.96
24210104,10759809,87,4,3.49,13.96
29198279,12975170,87,4,3.49,13.96
15741015,6996618,87,1,4.99,4.99
6677769,2969694,87,1,4.99,4.99
1888043,840211,87,1,4.99,4.99
4246150,1888807,87,1,4.99,4.99
8796027,3910451,87,1,4.99,4.99
15633026,6948591,87,1,4.99,4.99
6479177,2881461,87,1,4.99,4.99
15434552,6860327,87,1,4.99,4.99
11168564,4966189,87,1,4.99,4.99
1987300,884179,87,1,4.99,4.99
8649759,3845246,87,1,4.99,4.99
10952570,4870179,87,1,4.99,4.99
27296794,12130517,88,5,3.49,17.45
26782016,11901626,88,5,3.49,17.45
24212069,10760688,88,5,3.49,17.45
29754961,13222469,88,5,3.49,17.45
22601905,10045371,88,5,3.49,17.45
11158121,4961467,88,5,2.99,14.95
8933979,3971908,88,1,2.99,2.99
4488700,1996442,88,1,2.99,2.99
4479745,1992394,88,1,2.99,2.99
20237923,8995644,88,1,2.99,2.99
17686239,7861329,88,1,2.99,2.99
15447588,6866171,88,1,2.99,2.99
15659676,6960459,88,1,2.99,2.99
1987297,884179,88,1,2.99,2.99
28104363,12489125,88,1,3.49,3.49
22899459,10177356,88,1,3.49,3.49
23974548,10654931,88,1,3.49,3.49
28324204,12586861,88,1,3.49,3.49
23021794,10231586,88,1,3.49,3.49
27576428,12254719,88,1,3.49,3.49
29745229,13218157,88,1,3.49,3.49
23102330,10267200,88,1,3.49,3.49
27980304,12434030,88,1,3.49,3.49
29229899,12989179,88,1,3.49,3.49
24475347,10877514,88,1,3.49,3.49
30344957,13484980,88,1,3.49,3.49
26286457,11681329,88,1,3.49,3.49
26714043,11871304,88,1,3.49,3.49
23699167,10532822,88,1,3.49,3.49
30214969,13427258,88,1,3.49,3.49
23017905,10229825,88,1,3.49,3.49
28073543,12475449,88,1,3.49,3.49
25128061,11167538,88,1,3.49,3.49
25914840,11516305,88,1,3.49,3.49
27551684,12243721,88,1,3.49,3.49
26973608,11986958,88,1,3.49,3.49
26915004,11960894,88,1,3.49,3.49
28234202,12546660,88,1,3.49,3.49
24009324,10670515,88,1,3.49,3.49
29858311,13268459,88,1,3.49,3.49
29053993,12910953,88,1,3.49,3.49
25339563,11261019,88,1,3.49,3.49
28686479,12747935,88,1,3.49,3.49
24543019,10907781,88,1,3.49,3.49
22706036,10091598,88,1,3.49,3.49
24887105,11060503,88,1,3.49,3.49
26072365,11586275,88,1,3.49,3.49
8757327,3893243,88,2,2.99,5.98
6570546,2922053,88,2,2.99,5.98
24110334,10715645,88,2,3.49,6.98
27524791,12231820,88,2,3.49,6.98
22749492,10110734,88,2,3.49,6.98
25477590,11322332,88,2,3.49,6.98
11084460,4928977,88,4,2.99,11.96
28410095,12624920,88,4,3.49,13.96
30204327,13422522,88,4,3.49,13.96
27862820,12382067,89,5,3.99,19.95
25347382,11264461,89,5,3.99,19.95
23815669,10584473,89,5,3.99,19.95
22574326,10033153,89,3,3.99,11.97
28477365,12654774,89,3,3.99,11.97
2020069,898832,89,1,3.99,3.99
6380186,2837420,89,1,3.99,3.99
20198651,8978048,89,1,3.99,3.99
20233262,8993562,89,1,3.99,3.99
27106635,12046180,89,1,3.99,3.99
23559471,10470677,89,1,3.99,3.99
20000933,8890239,89,1,3.99,3.99
29365229,13049326,89,1,3.99,3.99
27723562,12319900,89,1,3.99,3.99
6365399,2830816,89,1,3.99,3.99
28862720,12826217,89,1,3.99,3.99
29672868,13186025,89,1,3.99,3.99
6384391,2839314,89,1,3.99,3.99
17649071,7844817,89,1,3.99,3.99
11220924,4989130,89,1,3.99,3.99
28588918,12704494,89,1,3.99,3.99
28243605,12550972,89,1,3.99,3.99
25508151,11335942,89,1,3.99,3.99
23108261,10269818,89,1,3.99,3.99
25400649,11288143,89,1,3.99,3.99
25443025,11307083,89,1,3.99,3.99
23409903,10404178,89,1,3.99,3.99
26441305,11750330,89,1,3.99,3.99
6704664,2981621,89,1,3.99,3.99
25453416,11311689,89,1,3.99,3.99
25888719,11504776,89,1,3.99,3.99
22495082,9998038,89,1,3.99,3.99
24591902,10929526,89,1,3.99,3.99
29211391,12981065,89,1,3.99,3.99
22551110,10022891,89,1,3.99,3.99
25886196,11503649,89,1,3.99,3.99
29933315,13301717,89,1,3.99,3.99
24895281,11064122,89,1,3.99,3.99
24120005,10720005,89,1,3.99,3.99
26973610,11986958,89,1,3.99,3.99
28015185,12449428,89,1,3.99,3.99
17845879,7932224,89,1,3.99,3.99
8699108,3867300,89,1,3.99,3.99
28107414,12490495,89,2,3.99,7.98
8904808,3958903,89,2,3.99,7.98
22762417,10116469,89,2,3.99,7.98
29369551,13051205,89,2,3.99,7.98
15620280,6942897,89,2,3.99,7.98
28182939,12523928,89,2,3.99,7.98
11196159,4978293,89,2,3.99,7.98
2031819,904014,89,2,3.99,7.98
20174759,8967423,89,2,3.99,7.98
28402297,12621470,89,4,3.99,15.96
27622619,12275277,89,4,3.99,15.96
23183093,10303300,89,4,3.99,15.96
25641414,11394877,90,3,4.49,13.47
13491143,5996796,90,3,4.99,14.97
8808724,3916046,90,3,4.99,14.97
26044745,11573983,90,1,4.49,4.49
25778596,11455896,90,1,4.49,4.49
25080469,11146390,90,1,4.49,4.49
22773095,10121241,90,1,4.49,4.49
23630378,10502203,90,1,4.49,4.49
24167389,10741007,90,1,4.49,4.49
28594789,12707124,90,1,4.49,4.49
27699312,12309209,90,1,4.49,4.49
23624762,10499672,90,1,4.49,4.49
29039903,12904716,90,1,4.49,4.49
23689048,10528347,90,1,4.49,4.49
22637967,10061288,90,1,4.49,4.49
28747471,12775072,90,1,4.49,4.49
24374759,10832956,90,1,4.49,4.49
28184177,12524491,90,1,4.49,4.49
24548229,10910077,90,1,4.49,4.49
26749846,11887198,90,1,4.49,4.49
28498112,12664018,90,1,4.49,4.49
25716598,11428286,90,1,4.49,4.49
23665406,10517788,90,1,4.49,4.49
29355670,13045045,90,1,4.49,4.49
25077409,11144987,90,1,4.49,4.49
22878293,10168043,90,1,4.49,4.49
23905234,10624222,90,1,4.49,4.49
28640796,12727570,90,1,4.49,4.49
4143574,1843206,90,1,4.99,4.99
1882540,837744,90,1,4.99,4.99
19898790,8844784,90,1,4.99,4.99
13472604,5988593,90,1,4.99,4.99
13129278,5836064,90,1,4.99,4.99
6696330,2977977,90,1,4.99,4.99
15408026,6848546,90,1,4.99,4.99
2009563,894123,90,1,4.99,4.99
11211900,4985182,90,1,4.99,4.99
10985545,4884941,90,1,4.99,4.99
22611342,10049622,90,2,4.49,8.98
26770342,11896435,90,2,4.49,8.98
29052970,12910512,90,2,4.49,8.98
30377621,13499528,90,2,4.49,8.98
26477502,11766403,90,2,4.49,8.98
27981486,12434560,90,2,4.49,8.98
30116114,13383143,90,2,4.49,8.98
29372394,13052449,90,2,4.49,8.98
23774867,10566404,90,2,4.49,8.98
2204635,981125,90,2,4.99,9.98
26714512,11871499,90,4,4.49,17.96
27879576,12389511,90,4,4.49,17.96
29520577,13118405,90,4,4.49,17.96
15487129,6883767,90,4,4.99,19.96
6563544,2918966,90,4,4.99,19.96
28283210,12568523,91,5,3.99,19.95
8619127,3831585,91,5,1.99,9.95
24593842,10930408,91,3,3.99,11.97
22678884,10079506,91,3,3.99,11.97
27162864,12071117,91,3,3.99,11.97
28628663,12722179,91,3,3.99,11.97
20174756,8967423,91,2,1.99,3.98
8907324,3960036,91,2,1.99,3.98
1987296,884179,91,1,1.99,1.99
2223808,989566,91,1,1.99,1.99
15735991,6994380,91,1,1.99,1.99
13138144,5839966,91,1,1.99,1.99
11006030,4894129,91,1,1.99,1.99
2085511,927907,91,1,1.99,1.99
17614022,7829125,91,1,1.99,1.99
11191773,4976374,91,1,1.99,1.99
17919025,7964511,91,1,1.99,1.99
6542942,2909857,91,1,1.99,1.99
13186545,5861608,91,1,1.99,1.99
20044227,8909501,91,1,1.99,1.99
10985544,4884941,91,1,1.99,1.99
15571515,6921180,91,1,1.99,1.99
6559454,2917153,91,3,1.99,5.97
23523013,10454411,91,1,3.99,3.99
25748990,11442734,91,1,3.99,3.99
28719990,12762832,91,1,3.99,3.99
22608419,10048312,91,1,3.99,3.99
23271569,10342683,91,1,3.99,3.99
27243894,12107041,91,1,3.99,3.99
27512438,12226411,91,1,3.99,3.99
27314732,12138612,91,1,3.99,3.99
29712248,13203564,91,1,3.99,3.99
29655894,13178485,91,1,3.99,3.99
26020506,11563213,91,1,3.99,3.99
30398436,13508878,91,1,3.99,3.99
22684297,10081969,91,1,3.99,3.99
28532122,12679157,91,1,3.99,3.99
23337961,10372332,91,1,3.99,3.99
26844139,11929243,91,1,3.99,3.99
28614677,12715930,91,1,3.99,3.99
29849932,13264775,91,1,3.99,3.99
23719997,10542046,91,1,3.99,3.99
22744486,10108531,91,1,3.99,3.99
26518338,11784598,91,1,3.99,3.99
29410050,13069115,91,1,3.99,3.99
26939868,11971997,91,1,3.99,3.99
24120004,10720005,91,1,3.99,3.99
24985609,11104000,91,1,3.99,3.99
23686597,10527226,91,1,3.99,3.99
29832414,13256966,91,1,3.99,3.99
25277540,11233580,91,1,3.99,3.99
30443508,13528756,91,1,3.99,3.99
23499713,10444116,91,2,3.99,7.98
22743212,10107984,91,2,3.99,7.98
26330881,11701065,91,2,3.99,7.98
27586231,12259101,91,2,3.99,7.98
24844487,11041616,91,2,3.99,7.98
24866011,11051198,91,4,3.99,15.96
30203968,13422376,91,4,3.99,15.96
26065931,11583424,92,3,4.49,13.47
26954248,11978349,92,3,4.49,13.47
13452027,5979466,92,3,2.49,7.47
8957684,3982473,92,1,2.49,2.49
15623737,6944446,92,1,2.49,2.49
10970628,4878244,92,1,2.49,2.49
8842044,3930893,92,1,2.49,2.49
1918782,853782,92,1,2.49,2.49
13334712,5927498,92,1,2.49,2.49
1997585,888837,92,1,2.49,2.49
22275088,9900572,92,1,2.49,2.49
8791716,3908530,92,1,2.49,2.49
4217247,1875886,92,1,2.49,2.49
17615657,7829828,92,1,2.49,2.49
8696618,3866178,92,1,2.49,2.49
17853881,7935776,92,2,2.49,4.98
15557669,6915033,92,2,2.49,4.98
17763850,7895719,92,4,2.49,9.96
24928155,11078609,92,1,4.49,4.49
23081792,10258032,92,1,4.49,4.49
28164563,12515766,92,1,4.49,4.49
28400874,12620856,92,1,4.49,4.49
30027593,13343719,92,1,4.49,4.49
24027721,10678746,92,1,4.49,4.49
24998456,11109740,92,1,4.49,4.49
26618014,11828675,92,1,4.49,4.49
27728531,12322119,92,1,4.49,4.49
25603366,11378066,92,1,4.49,4.49
30079219,13366685,92,1,4.49,4.49
28269452,12562429,92,1,4.49,4.49
24292265,10796222,92,1,4.49,4.49
27039783,12016486,92,1,4.49,4.49
22811642,10138261,92,1,4.49,4.49
26358420,11713287,92,1,4.49,4.49
24324287,10810482,92,1,4.49,4.49
28230220,12544904,92,1,4.49,4.49
26874770,11942965,92,1,4.49,4.49
29911541,13292020,92,1,4.49,4.49
26201164,11643436,92,1,4.49,4.49
28791260,12794544,92,1,4.49,4.49
23378965,10390493,92,1,4.49,4.49
24120006,10720005,92,1,4.49,4.49
30420030,13518315,92,1,4.49,4.49
24585841,10926839,92,1,4.49,4.49
25911573,11514863,92,1,4.49,4.49
24877901,11056457,92,1,4.49,4.49
24661150,10960249,92,2,4.49,8.98
26770344,11896435,92,2,4.49,8.98
30206933,13423673,92,2,4.49,8.98
23614359,10495125,93,5,4.99,24.95
22783534,10125855,93,5,4.99,24.95
25347380,11264461,93,5,4.99,24.95
8722952,3877874,93,3,2.99,8.97
22595416,10042484,93,3,4.99,14.97
27882402,12390769,93,3,4.99,14.97
4308467,1916342,93,1,2.99,2.99
13479785,5991817,93,1,2.99,2.99
2176084,968442,93,1,2.99,2.99
4332510,1927014,93,1,2.99,2.99
6742626,2998248,93,1,2.99,2.99
6712573,2985146,93,1,2.99,2.99
22286368,9905554,93,1,2.99,2.99
17647079,7843935,93,1,2.99,2.99
22286365,9905554,93,1,2.99,2.99
17935898,7972106,93,1,2.99,2.99
13346801,5932789,93,1,2.99,2.99
8733407,3882484,93,2,2.99,5.98
20246122,8999299,93,4,2.99,11.96
25358860,11269631,93,1,4.99,4.99
25710181,11425436,93,1,4.99,4.99
30147322,13397017,93,1,4.99,4.99
23153276,10289942,93,1,4.99,4.99
29446186,13085210,93,1,4.99,4.99
25219601,11207868,93,1,4.99,4.99
29440457,13082651,93,1,4.99,4.99
25823913,11476042,93,1,4.99,4.99
27273224,12120073,93,1,4.99,4.99
23363075,10383400,93,1,4.99,4.99
29664659,13182341,93,1,4.99,4.99
24414210,10850392,93,1,4.99,4.99
23440134,10417696,93,1,4.99,4.99
22513681,10006269,93,1,4.99,4.99
25054036,11134576,93,1,4.99,4.99
27068711,12029320,93,1,4.99,4.99
25877905,11499981,93,1,4.99,4.99
29302867,13021590,93,1,4.99,4.99
24557963,10914419,93,1,4.99,4.99
22609938,10048990,93,1,4.99,4.99
25208710,11203061,93,1,4.99,4.99
27261492,12114897,93,1,4.99,4.99
26852406,11932968,93,1,4.99,4.99
24295730,10797766,93,2,4.99,9.98
27586234,12259101,93,2,4.99,9.98
28081427,12478964,93,2,4.99,9.98
22500944,10000621,93,2,4.99,9.98
25063080,11138620,93,4,4.99,19.96
23612022,10494097,93,4,4.99,19.96
24085935,10704698,94,3,12.99,38.97
25191708,11195582,94,3,12.99,38.97
23210791,10315652,94,3,12.99,38.97
27028892,12011575,94,1,12.99,12.99
23868525,10607865,94,1,12.99,12.99
24407007,10847196,94,1,12.99,12.99
24787217,11016210,94,1,12.99,12.99
24764446,11006103,94,1,12.99,12.99
28821206,12807805,94,1,12.99,12.99
23548161,10465685,94,1,12.99,12.99
26218498,11651155,94,1,12.99,12.99
26142570,11617565,94,1,12.99,12.99
29457200,13090100,94,1,12.99,12.99
24457613,10869596,94,1,12.99,12.99
28606887,12712492,94,1,12.99,12.99
26287875,11681974,94,1,12.99,12.99
30174172,13409042,94,1,12.99,12.99
27330023,12145447,94,1,12.99,12.99
27685163,12302927,94,1,12.99,12.99
26492111,11772915,94,1,12.99,12.99
28955051,12867163,94,1,12.99,12.99
24974037,11098889,94,1,12.99,12.99
24357297,10825222,94,1,12.99,12.99
27666305,12294504,94,1,12.99,12.99
26299445,11687042,94,1,12.99,12.99
29049738,12909089,94,1,12.99,12.99
28912803,12848357,94,1,12.99,12.99
29751074,13220724,94,1,12.99,12.99
26266803,11672642,94,1,12.99,12.99
30148316,13397466,94,1,12.99,12.99
25595488,11374565,94,1,12.99,12.99
29292437,13016994,94,1,12.99,12.99
28655955,12734341,94,1,12.99,12.99
26265167,11671905,94,1,12.99,12.99
28514860,12671436,94,2,12.99,25.98
30292782,13461797,94,2,12.99,25.98
27576068,12254559,94,2,12.99,25.98
26589964,11816322,94,4,12.99,51.96
24601589,10933812,94,5,12.99,64.95
13326362,5923773,94,2,1.99,3.98
2204634,981125,94,2,1.99,3.98
4372198,1944554,94,2,1.99,3.98
13433574,5971324,94,4,1.99,7.96
2209413,983219,94,1,1.99,1.99
13207193,5870766,94,1,1.99,1.99
11006032,4894129,94,1,1.99,1.99
8752374,3891056,94,1,1.99,1.99
22219466,9875738,94,1,1.99,1.99
8624403,3833950,94,1,1.99,1.99
6704663,2981621,94,1,1.99,1.99
11031464,4905378,94,1,1.99,1.99
17719252,7875880,94,1,1.99,1.99
4257878,1894000,94,1,1.99,1.99
1886785,839646,94,1,1.99,1.99
8907086,3959930,94,1,1.99,1.99
26657949,11846422,95,5,7.99,39.95
4479742,1992394,95,1,2.49,2.49
15414588,6851473,95,1,2.49,2.49
22219467,9875738,95,1,2.49,2.49
22440436,9973805,95,1,2.49,2.49
6558174,2916595,95,1,2.49,2.49
8651852,3846162,95,1,2.49,2.49
2177464,969056,95,1,2.49,2.49
11125604,4947175,95,1,2.49,2.49
2020067,898832,95,1,2.49,2.49
17647886,7844286,95,1,2.49,2.49
20237920,8995644,95,1,2.49,2.49
4477026,1991191,95,2,2.49,4.98
6744449,2999085,95,2,2.49,4.98
20110169,8938806,95,2,2.49,4.98
10981493,4883140,95,2,2.49,4.98
20022442,8899728,95,2,2.49,4.98
15699596,6978222,95,4,2.49,9.96
28200994,12531965,95,1,7.99,7.99
28962800,12870558,95,1,7.99,7.99
23660771,10515724,95,1,7.99,7.99
29791980,13238949,95,1,7.99,7.99
28901705,12843474,95,1,7.99,7.99
23208487,10314629,95,1,7.99,7.99
30250705,13443107,95,1,7.99,7.99
30012452,13336885,95,1,7.99,7.99
25716387,11428190,95,1,7.99,7.99
29957794,13312569,95,1,7.99,7.99
24888813,11061270,95,1,7.99,7.99
28872718,12830641,95,1,7.99,7.99
23871945,10609382,95,1,7.99,7.99
26929593,11967370,95,1,7.99,7.99
29868696,13273066,95,1,7.99,7.99
26358422,11713287,95,1,7.99,7.99
29556711,13134432,95,1,7.99,7.99
29087446,12925822,95,1,7.99,7.99
23903557,10623484,95,1,7.99,7.99
29232621,12990404,95,1,7.99,7.99
28266488,12561113,95,1,7.99,7.99
28677666,12744031,95,1,7.99,7.99
24272078,10787223,95,1,7.99,7.99
22706035,10091598,95,1,7.99,7.99
25813994,11471624,95,1,7.99,7.99
25347383,11264461,96,5,4.99,24.95
25253665,11222967,96,5,4.99,24.95
28665168,12738441,96,3,4.99,14.97
25677483,11410997,96,3,4.99,14.97
26643164,11839850,96,3,4.99,14.97
29221596,12985513,96,3,4.99,14.97
22483878,9993117,96,1,2.99,2.99
10866610,4831872,96,1,2.99,2.99
6711905,2984851,96,1,2.99,2.99
15484475,6882561,96,1,2.99,2.99
22286366,9905554,96,1,2.99,2.99
13283747,5904808,96,1,2.99,2.99
13194298,5865023,96,1,2.99,2.99
22387734,9950508,96,1,2.99,2.99
20233610,8993701,96,1,2.99,2.99
13160950,5850132,96,1,2.99,2.99
17651057,7845695,96,1,2.99,2.99
20032922,8904420,96,1,2.99,2.99
6416238,2853606,96,1,2.99,2.99
13455584,5981035,96,1,2.99,2.99
17705330,7869705,96,1,2.99,2.99
10870899,4833795,96,2,2.99,5.98
13195946,5865733,96,2,2.99,5.98
19995852,8887945,96,4,2.99,11.96
23403892,10401473,96,1,4.99,4.99
24764207,11005994,96,1,4.99,4.99
24328688,10812439,96,1,4.99,4.99
27165062,12072070,96,1,4.99,4.99
22819240,10141670,96,1,4.99,4.99
26556252,11801335,96,1,4.99,4.99
24478283,10878812,96,1,4.99,4.99
23689047,10528347,96,1,4.99,4.99
24937325,11082705,96,1,4.99,4.99
24433477,10858856,96,1,4.99,4.99
26297269,11686086,96,1,4.99,4.99
23802761,10578810,96,1,4.99,4.99
24537602,10905391,96,1,4.99,4.99
25557936,11357932,96,1,4.99,4.99
25300639,11243833,96,1,4.99,4.99
23088878,10261117,96,1,4.99,4.99
29500040,13109107,96,1,4.99,4.99
29832582,13257046,96,1,4.99,4.99
27266867,12117275,96,1,4.99,4.99
27401165,12176879,96,1,4.99,4.99
24193651,10752608,96,1,4.99,4.99
27868249,12384452,96,1,4.99,4.99
27478273,12211124,96,1,4.99,4.99
22613494,10050610,96,1,4.99,4.99
22721723,10098500,96,1,4.99,4.99
28514862,12671436,96,2,4.99,9.98
25256958,11224464,96,2,4.99,9.98
24932344,11080485,96,2,4.99,9.98
22704513,10090938,96,2,4.99,9.98
28611334,12714469,96,2,4.99,9.98
29493398,13106201,96,2,4.99,9.98
24515929,10895649,96,2,4.99,9.98
29059365,12913326,96,2,4.99,9.98
29519098,13117743,96,4,4.99,19.96
30250198,13442868,96,4,4.99,19.96
25746404,11441582,97,5,2.99,14.95
25746403,11441582,97,5,2.99,14.95
28108066,12490783,97,3,2.99,8.97
2087049,928607,97,2,1.99,3.98
15600384,6934078,97,2,1.99,3.98
20189904,8974164,97,2,1.99,3.98
13207192,5870766,97,1,1.99,1.99
8820303,3921136,97,1,1.99,1.99
4424813,1967983,97,1,1.99,1.99
11160433,4962502,97,1,1.99,1.99
13434084,5971541,97,1,1.99,1.99
2014081,896161,97,1,1.99,1.99
22246332,9887712,97,1,1.99,1.99
6663471,2963278,97,1,1.99,1.99
6396553,2844781,97,1,1.99,1.99
2042201,908582,97,1,1.99,1.99
28369111,12606776,97,1,2.99,2.99
27788021,12348676,97,1,2.99,2.99
23259736,10337366,97,1,2.99,2.99
24624755,10944118,97,1,2.99,2.99
28651095,12732194,97,1,2.99,2.99
24276824,10789342,97,1,2.99,2.99
28752438,12777274,97,1,2.99,2.99
22678106,10079167,97,1,2.99,2.99
29562726,13137135,97,1,2.99,2.99
24004426,10668278,97,1,2.99,2.99
25967509,11539658,97,1,2.99,2.99
30349794,13487169,97,1,2.99,2.99
25605200,11378879,97,1,2.99,2.99
24543022,10907781,97,1,2.99,2.99
26518339,11784598,97,1,2.99,2.99
29378055,13054992,97,1,2.99,2.99
27531216,12234678,97,1,2.99,2.99
29933096,13301621,97,1,2.99,2.99
27291603,12128212,97,1,2.99,2.99
26665756,11849919,97,1,2.99,2.99
29029918,12900306,97,2,2.99,5.98
25375852,11277176,97,2,2.99,5.98
28976912,12876832,97,2,2.99,5.98
30012872,13337087,97,2,2.99,5.98
30151125,13398703,97,2,2.99,5.98
22885717,10171330,97,2,2.99,5.98
26770346,11896435,97,2,2.99,5.98
23923807,10632437,98,5,3.99,19.95
24440731,10862086,98,3,3.99,11.97
24805161,11024130,98,3,3.99,11.97
8942140,3975534,98,1,2.49,2.49
13312549,5917636,98,1,2.49,2.49
2031082,903689,98,1,2.49,2.49
8746297,3888281,98,1,2.49,2.49
8734725,3883069,98,1,2.49,2.49
11161468,4962964,98,1,2.49,2.49
4355343,1937079,98,1,2.49,2.49
8963392,3985031,98,1,2.49,2.49
8783415,3904865,98,1,2.49,2.49
22251391,9889992,98,1,2.49,2.49
17965482,7985343,98,1,2.49,2.49
13302736,5913282,98,1,2.49,2.49
17750910,7889972,98,1,2.49,2.49
11170975,4967261,98,1,2.49,2.49
22150875,9845303,98,1,2.49,2.49
25640365,11394440,98,1,3.99,3.99
22811581,10138236,98,1,3.99,3.99
26072364,11586275,98,1,3.99,3.99
26917473,11962006,98,1,3.99,3.99
29547969,13130582,98,1,3.99,3.99
30398438,13508878,98,1,3.99,3.99
29228191,12988404,98,1,3.99,3.99
27165061,12072070,98,1,3.99,3.99
29873923,13275399,98,1,3.99,3.99
29967683,13317019,98,1,3.99,3.99
22941260,10195872,98,1,3.99,3.99
25450611,11310437,98,1,3.99,3.99
29716583,13205466,98,1,3.99,3.99
22741201,10107123,98,1,3.99,3.99
24948371,11087554,98,1,3.99,3.99
25058927,11136783,98,1,3.99,3.99
26004549,11556039,98,1,3.99,3.99
26478846,11767025,98,1,3.99,3.99
22740652,10106877,98,1,3.99,3.99
25888357,11504605,98,1,3.99,3.99
27281502,12123726,98,1,3.99,3.99
29351010,13042992,98,1,3.99,3.99
28655958,12734341,98,1,3.99,3.99
20189906,8974164,98,2,2.49,4.98
25373637,11276186,98,2,3.99,7.98
28200242,12531623,98,2,3.99,7.98
29759843,13224609,98,2,3.99,7.98
24978411,11100829,98,4,3.99,15.96
27157415,12068722,98,4,3.99,15.96
29630002,13166959,98,4,3.99,15.96
28928961,12855496,98,4,3.99,15.96
30204605,13422645,98,4,3.99,15.96
28562106,12692620,99,5,4.99,24.95
23267242,10340703,99,5,4.99,24.95
13355325,5936601,99,5,2.99,14.95
19963089,8873372,99,3,2.99,8.97
22852108,10156382,99,3,4.99,14.97
6680498,2970915,99,1,2.99,2.99
13346799,5932789,99,1,2.99,2.99
17656851,7848331,99,1,2.99,2.99
15476978,6879246,99,1,2.99,2.99
4283496,1905292,99,1,2.99,2.99
6628804,2947959,99,1,2.99,2.99
6397907,2845394,99,1,2.99,2.99
22198977,9866653,99,1,2.99,2.99
8854301,3936355,99,1,2.99,2.99
20144559,8954135,99,2,2.99,5.98
6387470,2840663,99,2,2.99,5.98
15666191,6963329,99,2,2.99,5.98
25349342,11265362,99,1,4.99,4.99
27961910,12425977,99,1,4.99,4.99
24998458,11109740,99,1,4.99,4.99
27304031,12133793,99,1,4.99,4.99
29287797,13014909,99,1,4.99,4.99
27943042,12417662,99,1,4.99,4.99
23075271,10255200,99,1,4.99,4.99
27170557,12074503,99,1,4.99,4.99
25857892,11491149,99,1,4.99,4.99
25633787,11391536,99,1,4.99,4.99
22646231,10065004,99,1,4.99,4.99
30337569,13481753,99,1,4.99,4.99
23009305,10226005,99,1,4.99,4.99
24096903,10709581,99,1,4.99,4.99
30191865,13416891,99,1,4.99,4.99
26145302,11618735,99,1,4.99,4.99
28003839,12444504,99,1,4.99,4.99
28496075,12663145,99,1,4.99,4.99
23000960,10222312,99,1,4.99,4.99
28566625,12694616,99,1,4.99,4.99
23839002,10594826,99,1,4.99,4.99
25275507,11232648,99,1,4.99,4.99
25506282,11335134,99,1,4.99,4.99
29759844,13224609,99,2,4.99,9.98
28668019,12739691,99,2,4.99,9.98
27573524,12253437,99,2,4.99,9.98
28182937,12523928,99,2,4.99,9.98
23502206,10445254,99,2,4.99,9.98
27329197,12145078,99,2,4.99,9.98
11158120,4961467,100,5,1.99,9.95
26501049,11776880,100,3,2.99,8.97
26501050,11776880,100,3,2.99,8.97
29689241,13193293,100,3,2.99,8.97
11099058,4935469,100,2,1.99,3.98
11108423,4939602,100,2,1.99,3.98
8959264,3983182,100,2,1.99,3.98
20019194,8898272,100,4,1.99,7.96
22277197,9901513,100,4,1.99,7.96
22496759,9998785,100,1,1.99,1.99
22384779,9949160,100,1,1.99,1.99
15474436,6878097,100,1,1.99,1.99
22487626,9994749,100,1,1.99,1.99
8951434,3979655,100,1,1.99,1.99
10891134,4842885,100,1,1.99,1.99
2027478,902083,100,1,1.99,1.99
11183655,4972833,100,1,1.99,1.99
6712572,2985146,100,1,1.99,1.99
15659673,6960459,100,1,1.99,1.99
8646044,3843605,100,1,1.99,1.99
11038511,4908534,100,1,1.99,1.99
2141982,953260,100,1,1.99,1.99
17674719,7856295,100,1,1.99,1.99
8970729,3988274,100,1,1.99,1.99
13215167,5874316,100,1,1.99,1.99
15385815,6838655,100,1,1.99,1.99
22119108,9831311,100,3,1.99,5.97
6566693,2920355,100,3,1.99,5.97
30031057,13345296,100,1,2.99,2.99
29317410,13028101,100,1,2.99,2.99
23872752,10609730,100,1,2.99,2.99
27546061,12241242,100,1,2.99,2.99
25907539,11513129,100,1,2.99,2.99
28369109,12606776,100,1,2.99,2.99
30161138,13403172,100,1,2.99,2.99
26259338,11669292,100,1,2.99,2.99
23640492,10506702,100,1,2.99,2.99
26081631,11590393,100,1,2.99,2.99
24618244,10941185,100,1,2.99,2.99
27829903,12367368,100,1,2.99,2.99
28587293,12703765,100,1,2.99,2.99
22997971,10220975,100,1,2.99,2.99
29394833,13062499,100,1,2.99,2.99
25698912,11420501,100,1,2.99,2.99
28073542,12475449,100,1,2.99,2.99
25618283,11384680,100,1,2.99,2.99
28402416,12621520,100,1,2.99,2.99
24223782,10765891,100,1,2.99,2.99
30218066,13428640,100,1,2.99,2.99
27551201,12243505,100,1,2.99,2.99
24693890,10974879,100,1,2.99,2.99
28505280,12667160,100,1,2.99,2.99
26572889,11808777,100,1,2.99,2.99
27801135,12354455,100,1,2.99,2.99
29626115,13165243,100,1,2.99,2.99
28775467,12787501,100,1,2.99,2.99
29356543,13045421,100,2,2.99,5.98
23785629,10571264,100,2,2.99,5.98
23512230,10449675,100,4,2.99,11.96
27713977,12315687,101,5,3.99,19.95
17648620,7844621,101,5,2.49,12.45
1892004,841934,101,5,2.49,12.45
23618759,10497036,101,3,3.99,11.97
29877218,13276879,101,3,3.99,11.97
15387385,6839362,101,1,2.49,2.49
8783416,3904865,101,1,2.49,2.49
4477575,1991427,101,1,2.49,2.49
8842087,3930909,101,1,2.49,2.49
15533448,6904322,101,1,2.49,2.49
17977504,7990693,101,1,2.49,2.49
1926777,857305,101,1,2.49,2.49
8692806,3864487,101,1,2.49,2.49
11183889,4972935,101,1,2.49,2.49
19959756,8871884,101,1,2.49,2.49
23660770,10515724,101,1,3.99,3.99
30077322,13365851,101,1,3.99,3.99
23711903,10538406,101,1,3.99,3.99
24888810,11061270,101,1,3.99,3.99
26145032,11618625,101,1,3.99,3.99
25335232,11259052,101,1,3.99,3.99
24170319,10742293,101,1,3.99,3.99
28360769,12602976,101,1,3.99,3.99
25196680,11197798,101,1,3.99,3.99
27871790,12386054,101,1,3.99,3.99
22515381,10007006,101,1,3.99,3.99
23553839,10468200,101,1,3.99,3.99
28767012,12783759,101,1,3.99,3.99
24977187,11100288,101,1,3.99,3.99
25216281,11206444,101,1,3.99,3.99
28324203,12586861,101,1,3.99,3.99
24131936,10725306,101,1,3.99,3.99
29514262,13115565,101,1,3.99,3.99
22693732,10086138,101,1,3.99,3.99
23222847,10321052,101,1,3.99,3.99
24421425,10853566,101,1,3.99,3.99
25693916,11418306,101,1,3.99,3.99
29619304,13162280,101,1,3.99,3.99
25788217,11460142,101,1,3.99,3.99
26347363,11708352,101,1,3.99,3.99
25761821,11448471,101,1,3.99,3.99
30161136,13403172,101,1,3.99,3.99
22581950,10036475,101,1,3.99,3.99
28245557,12551853,101,1,3.99,3.99
24444837,10863899,101,1,3.99,3.99
26546445,11797048,101,2,3.99,7.98
27329196,12145078,101,2,3.99,7.98
25051293,11133315,101,2,3.99,7.98
26135996,11614675,101,2,3.99,7.98
29823620,13253044,101,2,3.99,7.98
29400221,13064876,101,2,3.99,7.98
25506777,11335354,101,4,3.99,15.96
24802585,11022992,101,4,3.99,15.96
23717291,10540813,101,4,3.99,15.96
15383899,6837785,102,5,2.99,14.95
17819807,7920489,102,3,2.99,8.97
2055208,914343,102,3,2.99,8.97
29036117,12903027,102,3,4.99,14.97
29649402,13175616,102,3,4.99,14.97
27162863,12071117,102,3,4.99,14.97
4412810,1962665,102,1,2.99,2.99
15500142,6889561,102,1,2.99,2.99
13334714,5927498,102,1,2.99,2.99
8665675,3852366,102,1,2.99,2.99
13198216,5866745,102,1,2.99,2.99
4494329,1998974,102,1,2.99,2.99
17672306,7855199,102,1,2.99,2.99
13203551,5869149,102,1,2.99,2.99
17744717,7887229,102,1,2.99,2.99
8784592,3905358,102,1,2.99,2.99
22145864,9843102,102,1,2.99,2.99
15483031,6881918,102,1,2.99,2.99
22721573,10098440,102,1,4.99,4.99
26014235,11560347,102,1,4.99,4.99
25901731,11510531,102,1,4.99,4.99
30446917,13530280,102,1,4.99,4.99
25172463,11187126,102,1,4.99,4.99
25325027,11254603,102,1,4.99,4.99
25375869,11277182,102,1,4.99,4.99
27520906,12230119,102,1,4.99,4.99
29639865,13171380,102,1,4.99,4.99
24400532,10844313,102,1,4.99,4.99
24821111,11031249,102,1,4.99,4.99
24967280,11095947,102,1,4.99,4.99
25920537,11518876,102,1,4.99,4.99
28286656,12570043,102,1,4.99,4.99
30411391,13514536,102,1,4.99,4.99
23545137,10464357,102,1,4.99,4.99
28214887,12538155,102,1,4.99,4.99
25263018,11227139,102,1,4.99,4.99
28191527,12527741,102,1,4.99,4.99
30040102,13349355,102,1,4.99,4.99
26888730,11949205,102,1,4.99,4.99
27039779,12016486,102,1,4.99,4.99
22920197,10186546,102,1,4.99,4.99
23893947,10619187,102,1,4.99,4.99
22678470,10079335,102,1,4.99,4.99
27707316,12312801,102,1,4.99,4.99
24178105,10745774,102,1,4.99,4.99
24629554,10946240,102,2,4.99,9.98
28634267,12724645,102,2,4.99,9.98
26055358,11578725,102,2,4.99,9.98
23617248,10496386,102,2,4.99,9.98
27694534,12307081,102,2,4.99,9.98
27979648,12433735,102,2,4.99,9.98
23985482,10659801,102,4,4.99,19.96
27335283,12147772,102,4,4.99,19.96
27879575,12389511,102,4,4.99,19.96
27498679,12220252,102,4,4.99,19.96
28656316,12734499,103,5,2.99,14.95
26577878,11810946,103,5,2.99,14.95
25398194,11287059,103,5,2.99,14.95
24247093,10776135,103,3,2.99,8.97
10870897,4833795,103,2,1.99,3.98
13317597,5919881,103,1,1.99,1.99
8821806,3921823,103,1,1.99,1.99
15410577,6849688,103,1,1.99,1.99
22492290,9996786,103,1,1.99,1.99
10875256,4835758,103,1,1.99,1.99
13194299,5865023,103,1,1.99,1.99
13336263,5928175,103,1,1.99,1.99
13279684,5903012,103,1,1.99,1.99
4488698,1996442,103,1,1.99,1.99
20045389,8909983,103,1,1.99,1.99
2052177,913021,103,1,1.99,1.99
20012968,8895547,103,1,1.99,1.99
15641192,6952237,103,3,1.99,5.97
29439917,13082412,103,1,2.99,2.99
25878113,11500068,103,1,2.99,2.99
25631705,11390602,103,1,2.99,2.99
23521535,10453765,103,1,2.99,2.99
23075910,10255484,103,1,2.99,2.99
24433478,10858856,103,1,2.99,2.99
22999498,10221668,103,1,2.99,2.99
25628915,11389351,103,1,2.99,2.99
27531215,12234678,103,1,2.99,2.99
23696465,10531578,103,1,2.99,2.99
26928850,11967039,103,1,2.99,2.99
23382771,10392168,103,1,2.99,2.99
23868523,10607865,103,1,2.99,2.99
30327111,13477080,103,1,2.99,2.99
25534778,11347739,103,1,2.99,2.99
25875302,11498803,103,1,2.99,2.99
23149827,10288374,103,1,2.99,2.99
26884750,11947402,103,1,2.99,2.99
28016330,12449930,103,1,2.99,2.99
28119377,12495710,103,1,2.99,2.99
27810787,12358784,103,1,2.99,2.99
28895625,12840832,103,1,2.99,2.99
23508998,10448266,103,1,2.99,2.99
24889624,11061638,103,1,2.99,2.99
26563097,11804452,103,1,2.99,2.99
25783122,11457918,103,1,2.99,2.99
23839000,10594826,103,1,2.99,2.99
22931391,10191457,103,1,2.99,2.99
23160588,10293126,103,1,2.99,2.99
24312865,10805415,103,1,2.99,2.99
27232820,12102149,103,1,2.99,2.99
25024598,11121422,103,1,2.99,2.99
30433498,13524315,103,2,2.99,5.98
23850064,10599684,103,2,2.99,5.98
28566473,12694546,103,2,2.99,5.98
24467701,10874108,104,5,3.99,19.95
24889667,11061654,104,5,3.99,19.95
25128326,11167661,104,5,3.99,19.95
29180115,12967199,104,5,3.99,19.95
23210790,10315652,104,3,3.99,11.97
29649401,13175616,104,3,3.99,11.97
17703661,7868984,104,1,2.49,2.49
22406005,9958495,104,1,2.49,2.49
22303774,9913260,104,1,2.49,2.49
13161373,5850324,104,1,2.49,2.49
2119215,943046,104,1,2.49,2.49
22471762,9987742,104,1,2.49,2.49
11094215,4933279,104,1,2.49,2.49
15445179,6865106,104,1,2.49,2.49
17745022,7887369,104,1,2.49,2.49
13472605,5988593,104,1,2.49,2.49
13392650,5953137,104,1,2.49,2.49
20200612,8978910,104,1,2.49,2.49
8799288,3911891,104,1,2.49,2.49
6370576,2833077,104,1,2.49,2.49
1943300,864611,104,1,2.49,2.49
1890249,841168,104,1,2.49,2.49
4378691,1947459,104,1,2.49,2.49
24029258,10679444,104,1,3.99,3.99
26557257,11801794,104,1,3.99,3.99
25867732,11495465,104,1,3.99,3.99
26146870,11619438,104,1,3.99,3.99
23390714,10395659,104,1,3.99,3.99
29997294,13330109,104,1,3.99,3.99
26532995,11791074,104,1,3.99,3.99
24374760,10832956,104,1,3.99,3.99
25294793,11241215,104,1,3.99,3.99
23041566,10240294,104,1,3.99,3.99
27036510,12015012,104,1,3.99,3.99
27426533,12188120,104,1,3.99,3.99
26107664,11602038,104,1,3.99,3.99
29970522,13318232,104,1,3.99,3.99
25474407,11320935,104,1,3.99,3.99
29181542,12967836,104,1,3.99,3.99
25301382,11244172,104,1,3.99,3.99
22997969,10220975,104,1,3.99,3.99
29329373,13033313,104,1,3.99,3.99
28234201,12546660,104,1,3.99,3.99
24887305,11060595,104,1,3.99,3.99
24787216,11016210,104,1,3.99,3.99
30098965,13375474,104,1,3.99,3.99
28966504,12872185,104,1,3.99,3.99
25467418,11317860,104,1,3.99,3.99
30009454,13335554,104,1,3.99,3.99
24120002,10720005,104,1,3.99,3.99
27658667,12291104,104,1,3.99,3.99
24711584,10982713,104,1,3.99,3.99
28643010,12728589,104,1,3.99,3.99
27112208,12048664,104,1,3.99,3.99
25910537,11514418,104,1,3.99,3.99
20174758,8967423,104,2,2.49,4.98
20025970,8901283,104,2,2.49,4.98
22130820,9836496,104,2,2.49,4.98
8959263,3983182,104,2,2.49,4.98
25837554,11482062,104,2,3.99,7.98
23273212,10343429,104,2,3.99,7.98
29850981,13265213,104,2,3.99,7.98
28583632,12702170,104,2,3.99,7.98
25344603,11263235,104,2,3.99,7.98
30184297,13413544,104,2,3.99,7.98
26318460,11695603,104,2,3.99,7.98
30256256,13445585,104,2,3.99,7.98
24019276,10674941,104,2,3.99,7.98
28622053,12719230,104,2,3.99,7.98
26607715,11824149,104,4,3.99,15.96
26859483,11936109,105,5,4.99,24.95
22501975,10001074,105,3,4.99,14.97
25485064,11325657,105,3,4.99,14.97
8690649,3863542,105,1,2.99,2.99
8672570,3855429,105,1,2.99,2.99
4284972,1905928,105,1,2.99,2.99
4494328,1998974,105,1,2.99,2.99
8990056,3996822,105,1,2.99,2.99
8994249,3998691,105,1,2.99,2.99
13285377,5905522,105,1,2.99,2.99
19999782,8889720,105,1,2.99,2.99
19967504,8875344,105,1,2.99,2.99
8890857,3952653,105,2,2.99,5.98
8670283,3854432,105,4,2.99,11.96
13471151,5987927,105,4,2.99,11.96
23642812,10507714,105,1,4.99,4.99
28210779,12536334,105,1,4.99,4.99
25573084,11364652,105,1,4.99,4.99
27819808,12362851,105,1,4.99,4.99
27733420,12324259,105,1,4.99,4.99
26072362,11586275,105,1,4.99,4.99
29619305,13162280,105,1,4.99,4.99
25128062,11167538,105,1,4.99,4.99
25696409,11419434,105,1,4.99,4.99
29962608,13314731,105,1,4.99,4.99
30385873,13503224,105,1,4.99,4.99
25248876,11220852,105,1,4.99,4.99
27087418,12037625,105,1,4.99,4.99
22551108,10022891,105,1,4.99,4.99
28970432,12873949,105,1,4.99,4.99
26895126,11952008,105,1,4.99,4.99
25263017,11227139,105,1,4.99,4.99
29355669,13045045,105,1,4.99,4.99
29457201,13090100,105,1,4.99,4.99
29708201,13201750,105,1,4.99,4.99
27920807,12407772,105,1,4.99,4.99
23944449,10641595,105,1,4.99,4.99
29355886,13045145,105,1,4.99,4.99
24424094,10854717,105,1,4.99,4.99
24887467,11060671,105,1,4.99,4.99
26470641,11763322,105,1,4.99,4.99
26828888,11922420,105,1,4.99,4.99
27512441,12226411,105,1,4.99,4.99
25004415,11112416,105,1,4.99,4.99
26262014,11670489,105,1,4.99,4.99
29451663,13087634,105,1,4.99,4.99
25628916,11389351,105,1,4.99,4.99
25688062,11415718,105,2,4.99,9.98
24900963,11066606,105,2,4.99,9.98
25326457,11255222,105,2,4.99,9.98
27955463,12423120,105,2,4.99,9.98
30014717,13337884,105,4,4.99,19.96
25506775,11335354,105,4,4.99,19.96
29630004,13166959,105,4,4.99,19.96
22654481,10068703,105,4,4.99,19.96
29683895,13190969,106,5,3.99,19.95
23614357,10495125,106,5,3.99,19.95
25491637,11328549,106,5,3.99,19.95
24926536,11077901,106,5,3.99,19.95
10899876,4846787,106,5,1.99,9.95
30138261,13392990,106,3,3.99,11.97
15421654,6854602,106,2,1.99,3.98
4445582,1977266,106,2,1.99,3.98
4201651,1868953,106,2,1.99,3.98
15643232,6953151,106,2,1.99,3.98
19870981,8832290,106,2,1.99,3.98
22124093,9833471,106,4,1.99,7.96
13180510,5858892,106,1,1.99,1.99
6745570,2999580,106,1,1.99,1.99
2177260,968957,106,1,1.99,1.99
1987298,884179,106,1,1.99,1.99
6689463,2974913,106,1,1.99,1.99
10928550,4859469,106,1,1.99,1.99
8659752,3849731,106,1,1.99,1.99
13220988,5876916,106,1,1.99,1.99
4318531,1920825,106,1,1.99,1.99
11020788,4900608,106,1,1.99,1.99
6396552,2844781,106,1,1.99,1.99
1924124,856155,106,1,1.99,1.99
15518560,6897714,106,1,1.99,1.99
22497704,9999205,106,1,1.99,1.99
6489825,2886205,106,1,1.99,1.99
13381136,5948018,106,1,1.99,1.99
17845880,7932224,106,1,1.99,1.99
6533654,2905723,106,3,1.99,5.97
15689743,6973795,106,3,1.99,5.97
22911132,10182509,106,1,3.99,3.99
28243602,12550972,106,1,3.99,3.99
29745230,13218157,106,1,3.99,3.99
23946153,10642334,106,1,3.99,3.99
25170191,11186136,106,1,3.99,3.99
29914367,13293258,106,1,3.99,3.99
23518084,10452271,106,1,3.99,3.99
23875907,10611154,106,1,3.99,3.99
27305512,12134445,106,1,3.99,3.99
26383129,11724312,106,1,3.99,3.99
23590723,10484549,106,1,3.99,3.99
26336146,11703387,106,1,3.99,3.99
28525523,12676233,106,1,3.99,3.99
30256058,13445491,106,1,3.99,3.99
29459850,13091292,106,1,3.99,3.99
28324213,12586864,106,1,3.99,3.99
26991483,11994918,106,1,3.99,3.99
28652454,12732786,106,1,3.99,3.99
27305509,12134445,106,1,3.99,3.99
27803355,12355462,106,1,3.99,3.99
26272269,11675063,106,1,3.99,3.99
22962015,10204982,106,1,3.99,3.99
25428883,11300768,106,2,3.99,7.98
30116117,13383143,106,2,3.99,7.98
30016900,13338855,106,2,3.99,7.98
27813248,12359909,106,2,3.99,7.98
23499711,10444116,106,2,3.99,7.98
24647239,10954087,106,2,3.99,7.98
4313514,1918539,107,5,2.49,12.45
29767163,13227872,107,5,2.99,14.95
29754960,13222469,107,5,2.99,14.95
29402298,13065775,107,3,2.99,8.97
26146001,11619041,107,3,2.99,8.97
17927722,7968415,107,3,2.49,7.47
15694261,6975816,107,1,2.49,2.49
1877512,835499,107,1,2.49,2.49
13490734,5996617,107,1,2.49,2.49
13427030,5968406,107,1,2.49,2.49
6522346,2900669,107,1,2.49,2.49
17672575,7855324,107,1,2.49,2.49
6365398,2830816,107,1,2.49,2.49
6720962,2988799,107,1,2.49,2.49
17935705,7972017,107,1,2.49,2.49
6720961,2988799,107,1,2.49,2.49
4467816,1987097,107,1,2.49,2.49
20142606,8953260,107,1,2.49,2.49
19989459,8885123,107,1,2.49,2.49
25888356,11504605,107,1,2.99,2.99
27871787,12386054,107,1,2.99,2.99
24004425,10668278,107,1,2.99,2.99
22592767,10041310,107,1,2.99,2.99
28340521,12594059,107,1,2.99,2.99
28499451,12664597,107,1,2.99,2.99
22561690,10027585,107,1,2.99,2.99
27542528,12239659,107,1,2.99,2.99
27694294,12306973,107,1,2.99,2.99
24445811,10864319,107,1,2.99,2.99
26807737,11913101,107,1,2.99,2.99
28464430,12649021,107,1,2.99,2.99
24613275,10939040,107,1,2.99,2.99
23312382,10360912,107,1,2.99,2.99
24768475,11007879,107,1,2.99,2.99
23165316,10295292,107,1,2.99,2.99
23789960,10573204,107,1,2.99,2.99
30443511,13528756,107,1,2.99,2.99
25356155,11268418,107,1,2.99,2.99
25910539,11514418,107,1,2.99,2.99
24576073,10922519,107,1,2.99,2.99
23712867,10538858,107,1,2.99,2.99
27644244,12284773,107,1,2.99,2.99
27356521,12157137,107,1,2.99,2.99
29087447,12925822,107,1,2.99,2.99
26811587,11914806,107,1,2.99,2.99
24865839,11051121,107,1,2.99,2.99
30005732,13333886,107,1,2.99,2.99
10927192,4858855,107,2,2.49,4.98
22130817,9836496,107,2,2.49,4.98
2031820,904014,107,2,2.49,4.98
25470239,11319117,107,2,2.99,5.98
22704512,10090938,107,2,2.99,5.98
24932342,11080485,107,2,2.99,5.98
25944515,11529405,107,2,2.99,5.98
30377622,13499528,107,2,2.99,5.98
30258946,13446776,107,2,2.99,5.98
27121671,12052840,107,2,2.99,5.98
22124092,9833471,107,4,2.49,9.96
22226034,9878659,107,4,2.49,9.96
22383005,9948367,107,4,2.49,9.96
28410096,12624920,107,4,2.99,11.96
28481496,12656624,108,5,4.99,24.95
8867171,3942099,108,5,2.99,14.95
6384389,2839313,108,1,2.99,2.99
11082335,4928070,108,1,2.99,2.99
6540992,2908983,108,1,2.99,2.99
13369322,5942841,108,1,2.99,2.99
19963541,8873578,108,1,2.99,2.99
2211725,984265,108,2,2.99,5.98
10984580,4884521,108,2,2.99,5.98
28315796,12583164,108,1,4.99,4.99
22582293,10036631,108,1,4.99,4.99
25947489,11530719,108,1,4.99,4.99
23688837,10528250,108,1,4.99,4.99
26596378,11819124,108,1,4.99,4.99
24872090,11053923,108,1,4.99,4.99
30154096,13400023,108,1,4.99,4.99
22946600,10198193,108,1,4.99,4.99
25813233,11471276,108,1,4.99,4.99
25450608,11310437,108,1,4.99,4.99
29181544,12967836,108,1,4.99,4.99
26352138,11710494,108,1,4.99,4.99
29302868,13021590,108,1,4.99,4.99
26280935,11678913,108,1,4.99,4.99
29905799,13289411,108,1,4.99,4.99
30102819,13377159,108,1,4.99,4.99
22706038,10091598,108,1,4.99,4.99
25267170,11228975,108,1,4.99,4.99
26272272,11675063,108,1,4.99,4.99
27716669,12316868,108,1,4.99,4.99
27199977,12087600,108,1,4.99,4.99
27201024,12088058,108,1,4.99,4.99
24223783,10765891,108,1,4.99,4.99
29780538,13233844,108,1,4.99,4.99
27667633,12295120,108,1,4.99,4.99
27275017,12120861,108,1,4.99,4.99
26853389,11933414,108,1,4.99,4.99
27112074,12048601,108,1,4.99,4.99
30185909,13414230,108,1,4.99,4.99
27960336,12425279,108,1,4.99,4.99
28707590,12757340,108,1,4.99,4.99
30430504,13522964,108,1,4.99,4.99
25734284,11436128,108,1,4.99,4.99
23945729,10642155,108,1,4.99,4.99
23886629,10615952,108,1,4.99,4.99
27455705,12201066,108,1,4.99,4.99
29240431,12993953,108,1,4.99,4.99
27004037,12000411,108,2,4.99,9.98
22972554,10209674,108,2,4.99,9.98
28608615,12713246,108,2,4.99,9.98
27244375,12107250,108,2,4.99,9.98
25617809,11384469,108,2,4.99,9.98
24733428,10992321,108,2,4.99,9.98
28014749,12449233,108,2,4.99,9.98
28562104,12692620,109,5,3.99,19.95
17927721,7968415,109,3,2.49,7.47
6576230,2924547,109,3,2.49,7.47
6373524,2834441,109,3,2.49,7.47
8871145,3943913,109,1,2.49,2.49
17725508,7878678,109,1,2.49,2.49
19877279,8835160,109,1,2.49,2.49
8990058,3996822,109,1,2.49,2.49
19987502,8884262,109,1,2.49,2.49
17699697,7867213,109,1,2.49,2.49
2085793,928035,109,1,2.49,2.49
4246152,1888807,109,1,2.49,2.49
10891136,4842885,109,1,2.49,2.49
10898412,4846130,109,1,2.49,2.49
10926253,4858425,109,1,2.49,2.49
23697359,10532008,109,1,3.99,3.99
29368651,13050807,109,1,3.99,3.99
28603246,12710899,109,1,3.99,3.99
22552943,10023673,109,1,3.99,3.99
28309664,12580428,109,1,3.99,3.99
23403890,10401473,109,1,3.99,3.99
29875460,13276075,109,1,3.99,3.99
24637158,10949603,109,1,3.99,3.99
28614674,12715930,109,1,3.99,3.99
28260751,12558600,109,1,3.99,3.99
22671380,10076208,109,1,3.99,3.99
23164174,10294779,109,1,3.99,3.99
26071621,11585940,109,1,3.99,3.99
30342905,13484066,109,1,3.99,3.99
26062426,11581885,109,1,3.99,3.99
23179683,10301784,109,1,3.99,3.99
25267453,11229093,109,1,3.99,3.99
28585549,12703022,109,1,3.99,3.99
24216430,10762597,109,1,3.99,3.99
28935257,12858332,109,1,3.99,3.99
22501127,10000695,109,1,3.99,3.99
29119110,12940071,109,1,3.99,3.99
23093550,10263259,109,1,3.99,3.99
24427275,10856107,109,1,3.99,3.99
28919285,12851207,109,1,3.99,3.99
26347362,11708352,109,1,3.99,3.99
23643307,10507922,109,1,3.99,3.99
29595802,13151822,109,1,3.99,3.99
23896243,10620200,109,1,3.99,3.99
28322071,12585915,109,1,3.99,3.99
27835348,12369812,109,1,3.99,3.99
24224076,10766020,109,1,3.99,3.99
22370160,9942625,109,2,2.49,4.98
10884400,4839885,109,2,2.49,4.98
13210448,5872228,109,2,2.49,4.98
4350813,1935090,109,2,2.49,4.98
22953104,10201039,109,2,3.99,7.98
22666898,10074147,109,2,3.99,7.98
23019561,10230545,109,2,3.99,7.98
30206934,13423673,109,2,3.99,7.98
27653112,12288695,109,2,3.99,7.98
24297479,10798551,109,2,3.99,7.98
4338797,1929805,109,4,2.49,9.96
24784317,11014915,109,4,3.99,15.96
27844854,12374037,109,4,3.99,15.96
28560816,12692038,110,5,4.99,24.95
27760732,12336555,110,5,4.99,24.95
27752539,12332896,110,5,4.99,24.95
27027537,12010949,110,5,4.99,24.95
10859800,4828788,110,5,2.99,14.95
2212077,984426,110,5,2.99,14.95
22432476,9970249,110,3,2.99,8.97
23186783,10304946,110,3,4.99,14.97
22852111,10156382,110,3,4.99,14.97
6410278,2850927,110,1,2.99,2.99
4291863,1908976,110,1,2.99,2.99
4452000,1980118,110,1,2.99,2.99
6635127,2950779,110,1,2.99,2.99
11120541,4944945,110,1,2.99,2.99
13262893,5895613,110,1,2.99,2.99
8842045,3930893,110,1,2.99,2.99
22419399,9964472,110,1,2.99,2.99
4313821,1918689,110,1,2.99,2.99
2106847,937501,110,1,2.99,2.99
17715948,7874457,110,1,2.99,2.99
13491452,5996934,110,1,2.99,2.99
2052179,913021,110,1,2.99,2.99
13469403,5987134,110,2,2.99,5.98
15508677,6893331,110,2,2.99,5.98
15385936,6838712,110,2,2.99,5.98
4372197,1944554,110,2,2.99,5.98
13469486,5987176,110,4,2.99,11.96
27413014,12182137,110,1,4.99,4.99
28912804,12848357,110,1,4.99,4.99
25458291,11313823,110,1,4.99,4.99
29233149,12990661,110,1,4.99,4.99
23723625,10543673,110,1,4.99,4.99
27756187,12334497,110,1,4.99,4.99
24686836,10971737,110,1,4.99,4.99
22721721,10098500,110,1,4.99,4.99
23408755,10403655,110,1,4.99,4.99
26647284,11841650,110,1,4.99,4.99
22774028,10121630,110,1,4.99,4.99
28946791,12863436,110,1,4.99,4.99
23545136,10464357,110,1,4.99,4.99
25875303,11498803,110,1,4.99,4.99
25916993,11517297,110,1,4.99,4.99
27512442,12226411,110,1,4.99,4.99
23083351,10258698,110,1,4.99,4.99
24010849,10671208,110,1,4.99,4.99
24595796,10931250,110,1,4.99,4.99
26844142,11929243,110,1,4.99,4.99
29173261,12964129,110,1,4.99,4.99
28620587,12718548,110,1,4.99,4.99
24866440,11051395,110,2,4.99,9.98
29087721,12925930,110,2,4.99,9.98
26428454,11744583,110,2,4.99,9.98
23927653,10634186,110,2,4.99,9.98
25872289,11497458,110,2,4.99,9.98
30016899,13338855,110,2,4.99,9.98
27498681,12220252,110,4,4.99,19.96
28322491,12586109,110,4,4.99,19.96
28312263,12581592,110,4,4.99,19.96
13216015,5874689,111,5,3.49,17.45
13149395,5845003,111,5,3.49,17.45
24503483,10890029,111,5,5.99,29.95
25251118,11221838,111,5,5.99,29.95
27134773,12058682,111,3,5.99,17.97
24006888,10669419,111,3,5.99,17.97
6628802,2947959,111,1,3.49,3.49
11191774,4976374,111,1,3.49,3.49
4139168,1841254,111,1,3.49,3.49
17935704,7972017,111,1,3.49,3.49
4318533,1920825,111,1,3.49,3.49
10980618,4882733,111,1,3.49,3.49
19993476,8886905,111,1,3.49,3.49
1875306,834534,111,1,3.49,3.49
4346051,1932989,111,1,3.49,3.49
8963391,3985031,111,1,3.49,3.49
4494418,1999010,111,1,3.49,3.49
4397914,1956017,111,1,3.49,3.49
8720121,3876629,111,1,3.49,3.49
15601943,6934761,111,1,3.49,3.49
20128545,8946958,111,1,3.49,3.49
13364340,5940579,111,1,3.49,3.49
22489533,9995593,111,1,3.49,3.49
11108421,4939602,111,2,3.49,6.98
20189907,8974164,111,2,3.49,6.98
13268294,5897925,111,4,3.49,13.96
8641544,3841567,111,4,3.49,13.96
24278981,10790303,111,1,5.99,5.99
25313063,11249300,111,1,5.99,5.99
26349168,11709169,111,1,5.99,5.99
23414104,10406089,111,1,5.99,5.99
26476864,11766110,111,1,5.99,5.99
25382641,11280131,111,1,5.99,5.99
22678103,10079167,111,1,5.99,5.99
26286456,11681329,111,1,5.99,5.99
30420029,13518315,111,1,5.99,5.99
30347994,13486361,111,1,5.99,5.99
28103647,12488800,111,1,5.99,5.99
27356524,12157137,111,1,5.99,5.99
28480396,12656119,111,1,5.99,5.99
24216432,10762597,111,1,5.99,5.99
24071702,10698343,111,1,5.99,5.99
29962141,13314523,111,1,5.99,5.99
27454618,12200581,111,1,5.99,5.99
29332258,13034570,111,1,5.99,5.99
25656290,11401487,111,1,5.99,5.99
24205681,10757861,111,1,5.99,5.99
28226218,12543157,111,1,5.99,5.99
29956759,13312102,111,1,5.99,5.99
22741202,10107123,111,1,5.99,5.99
30012454,13336885,111,1,5.99,5.99
25813235,11471276,111,1,5.99,5.99
28890245,12838439,111,1,5.99,5.99
29117214,12939192,111,1,5.99,5.99
26275013,11676336,111,1,5.99,5.99
26002929,11555313,111,1,5.99,5.99
26693283,11862152,111,1,5.99,5.99
25259537,11225616,111,1,5.99,5.99
29933094,13301621,111,1,5.99,5.99
26874771,11942965,111,1,5.99,5.99
23187293,10305173,111,1,5.99,5.99
29430360,13078130,111,2,5.99,11.98
29400222,13064876,111,2,5.99,11.98
23183091,10303300,111,4,5.99,23.96
23785434,10571179,111,4,5.99,23.96
13355326,5936601,112,5,3.49,17.45
13216014,5874689,112,5,3.49,17.45
22328256,9924179,112,5,3.49,17.45
27713979,12315687,112,5,3.99,19.95
28215131,12538269,112,3,3.99,11.97
13468472,5986705,112,1,3.49,3.49
8963056,3984883,112,1,3.49,3.49
17804009,7913387,112,1,3.49,3.49
13427029,5968406,112,1,3.49,3.49
2210984,983934,112,1,3.49,3.49
8939400,3974290,112,1,3.49,3.49
10898572,4846204,112,1,3.49,3.49
4138846,1841116,112,1,3.49,3.49
4174886,1857124,112,1,3.49,3.49
8775115,3901169,112,1,3.49,3.49
8612326,3828489,112,1,3.49,3.49
19867987,8830951,112,1,3.49,3.49
23000958,10222312,112,1,3.99,3.99
28286861,12570142,112,1,3.99,3.99
28026492,12454505,112,1,3.99,3.99
28895843,12840930,112,1,3.99,3.99
23128145,10278759,112,1,3.99,3.99
30114502,13382428,112,1,3.99,3.99
25704226,11422844,112,1,3.99,3.99
27508903,12224839,112,1,3.99,3.99
24630018,10946438,112,1,3.99,3.99
28447632,12641619,112,1,3.99,3.99
26009790,11558374,112,1,3.99,3.99
27824281,12364856,112,1,3.99,3.99
29798150,13241644,112,1,3.99,3.99
24320998,10809052,112,1,3.99,3.99
23878598,10612356,112,1,3.99,3.99
27305510,12134445,112,1,3.99,3.99
29666588,13183196,112,1,3.99,3.99
29362713,13048162,112,1,3.99,3.99
24534894,10904217,112,1,3.99,3.99
25908090,11513367,112,1,3.99,3.99
29933313,13301717,112,1,3.99,3.99
24193940,10752749,112,1,3.99,3.99
29979517,13322217,112,1,3.99,3.99
29015816,12894025,112,1,3.99,3.99
29317409,13028101,112,1,3.99,3.99
26009791,11558374,112,1,3.99,3.99
28252205,12554799,112,1,3.99,3.99
1978911,880473,112,2,3.49,6.98
15612712,6939518,112,2,3.49,6.98
4237341,1884858,112,2,3.49,6.98
29056170,12911927,112,2,3.99,7.98
22939195,10194935,112,2,3.99,7.98
28456241,12645404,112,2,3.99,7.98
24433297,10858775,112,4,3.99,15.96
28997200,12885695,112,4,3.99,15.96
17833805,7926770,113,5,3.99,19.95
11101485,4936544,113,3,3.99,11.97
28619193,12717943,113,3,4.99,14.97
25820519,11474500,113,3,4.99,14.97
15387386,6839362,113,1,3.99,3.99
6450925,2868951,113,1,3.99,3.99
17775331,7900753,113,1,3.99,3.99
4480057,1992530,113,1,3.99,3.99
4146274,1844425,113,1,3.99,3.99
8911136,3961729,113,1,3.99,3.99
6416237,2853606,113,1,3.99,3.99
22370161,9942625,113,2,3.99,7.98
15699598,6978222,113,4,3.99,15.96
23532663,10458725,113,1,4.99,4.99
27546063,12241242,113,1,4.99,4.99
23893946,10619187,113,1,4.99,4.99
24432742,10858522,113,1,4.99,4.99
23841041,10595722,113,1,4.99,4.99
27565434,12249815,113,1,4.99,4.99
25640362,11394438,113,1,4.99,4.99
24874893,11055133,113,1,4.99,4.99
28735221,12769699,113,1,4.99,4.99
22840431,10151138,113,1,4.99,4.99
24559889,10915308,113,1,4.99,4.99
28862490,12826105,113,1,4.99,4.99
29071389,12918676,113,1,4.99,4.99
22590062,10040091,113,1,4.99,4.99
28377939,12610690,113,1,4.99,4.99
23541770,10462876,113,1,4.99,4.99
26546847,11797221,113,1,4.99,4.99
28023202,12453000,113,1,4.99,4.99
25177098,11189177,113,1,4.99,4.99
23408752,10403655,113,1,4.99,4.99
24224075,10766020,113,1,4.99,4.99
25590702,11372466,113,2,4.99,9.98
28928962,12855496,113,4,4.99,19.96
8763802,3896108,114,5,4.49,22.45
20092765,8931067,114,5,4.49,22.45
25179644,11190326,114,3,5.99,17.97
29402299,13065775,114,3,5.99,17.97
10928551,4859469,114,1,4.49,4.49
17785012,7905040,114,1,4.49,4.49
13455631,5981057,114,1,4.49,4.49
4479743,1992394,114,1,4.49,4.49
22376338,9945396,114,1,4.49,4.49
13400983,5956837,114,1,4.49,4.49
6537454,2907412,114,1,4.49,4.49
20155053,8958751,114,1,4.49,4.49
15417543,6852788,114,1,4.49,4.49
22282427,9903834,114,1,4.49,4.49
8888883,3951774,114,1,4.49,4.49
8799530,3911999,114,1,4.49,4.49
13353586,5935829,114,1,4.49,4.49
26765341,11894180,114,1,5.99,5.99
23091066,10262106,114,1,5.99,5.99
25754791,11445354,114,1,5.99,5.99
29868695,13273066,114,1,5.99,5.99
25989167,11549170,114,1,5.99,5.99
29127596,12943889,114,1,5.99,5.99
26265955,11672258,114,1,5.99,5.99
23275247,10344350,114,1,5.99,5.99
25301401,11244178,114,1,5.99,5.99
25917570,11517556,114,1,5.99,5.99
26265954,11672258,114,1,5.99,5.99
25443027,11307083,114,1,5.99,5.99
23639839,10506410,114,1,5.99,5.99
23083352,10258698,114,1,5.99,5.99
24974035,11098889,114,1,5.99,5.99
30440600,13527463,114,1,5.99,5.99
26268936,11673596,114,1,5.99,5.99
25348132,11264817,114,1,5.99,5.99
23399550,10399526,114,1,5.99,5.99
23505820,10446841,114,1,5.99,5.99
24224073,10766020,114,1,5.99,5.99
24548227,10910077,114,1,5.99,5.99
24888812,11061270,114,1,5.99,5.99
29026240,12898674,114,1,5.99,5.99
25437826,11304782,114,1,5.99,5.99
6527052,2902762,114,2,4.49,8.98
20162934,8962220,114,2,4.49,8.98
26880979,11945732,114,2,5.99,11.98
24661147,10960249,114,2,5.99,11.98
22508689,10004077,114,2,5.99,11.98
23527749,10456537,114,2,5.99,11.98
11115467,4942687,114,4,4.49,17.96
13206963,5870673,114,4,4.49,17.96
28061897,12470224,114,4,5.99,23.96
4457319,1982454,115,5,2.49,12.45
13380604,5947775,115,5,2.49,12.45
29899448,13286586,115,3,3.99,11.97
15743153,6997597,115,1,2.49,2.49
22345925,9931891,115,1,2.49,2.49
22198978,9866653,115,1,2.49,2.49
20014509,8896203,115,1,2.49,2.49
6712575,2985146,115,1,2.49,2.49
20178961,8969294,115,1,2.49,2.49
22387028,9950184,115,1,2.49,2.49
15706517,6981316,115,1,2.49,2.49
13180460,5858867,115,1,2.49,2.49
30411274,13514485,115,1,3.99,3.99
28742742,12773000,115,1,3.99,3.99
22705879,10091536,115,1,3.99,3.99
22510678,10004943,115,1,3.99,3.99
23073987,10254647,115,1,3.99,3.99
23277341,10345320,115,1,3.99,3.99
22932113,10191790,115,1,3.99,3.99
27047622,12019930,115,1,3.99,3.99
23857162,10602818,115,1,3.99,3.99
23872753,10609730,115,1,3.99,3.99
24378368,10834552,115,1,3.99,3.99
27352748,12155438,115,1,3.99,3.99
24490578,10884269,115,1,3.99,3.99
29292439,13016994,115,1,3.99,3.99
24252104,10778345,115,1,3.99,3.99
27039781,12016486,115,1,3.99,3.99
25888346,11504602,115,1,3.99,3.99
27925534,12409846,115,1,3.99,3.99
27248172,12108920,115,1,3.99,3.99
29271213,13007576,115,1,3.99,3.99
23202756,10312063,115,1,3.99,3.99
24224074,10766020,115,1,3.99,3.99
29567699,13139373,115,1,3.99,3.99
2001667,890617,115,2,2.49,4.98
27551455,12243616,115,2,3.99,7.98
23019558,10230545,115,2,3.99,7.98
23730926,10546988,115,2,3.99,7.98
23502205,10445254,115,2,3.99,7.98
29084614,12924536,115,4,3.99,15.96
24253409,10778913,115,4,3.99,15.96
28743782,12773461,116,5,4.99,24.95
17648619,7844621,116,5,2.99,14.95
8808725,3916046,116,3,2.99,8.97
30300545,13465276,116,3,4.99,14.97
17647023,7843909,116,1,2.99,2.99
2175685,968280,116,1,2.99,2.99
1925318,856675,116,1,2.99,2.99
4206000,1870879,116,1,2.99,2.99
2042204,908582,116,1,2.99,2.99
17651321,7845819,116,1,2.99,2.99
6547217,2911745,116,1,2.99,2.99
8796029,3910451,116,1,2.99,2.99
22351423,9934337,116,1,2.99,2.99
13178441,5857953,116,1,2.99,2.99
4337426,1929205,116,1,2.99,2.99
4295295,1910474,116,1,2.99,2.99
15373684,6833296,116,2,2.99,5.98
6706732,2982562,116,2,2.99,5.98
4350814,1935090,116,2,2.99,5.98
20163389,8962410,116,2,2.99,5.98
15699595,6978222,116,4,2.99,11.96
28872045,12830352,116,1,4.99,4.99
26058729,11580225,116,1,4.99,4.99
29655893,13178485,116,1,4.99,4.99
26265953,11672258,116,1,4.99,4.99
23341432,10373868,116,1,4.99,4.99
30122791,13386123,116,1,4.99,4.99
29418225,13072730,116,1,4.99,4.99
27646275,12285666,116,1,4.99,4.99
27663067,12293047,116,1,4.99,4.99
28904772,12844809,116,1,4.99,4.99
29576116,13143192,116,1,4.99,4.99
28707593,12757340,116,1,4.99,4.99
24508918,10892465,116,1,4.99,4.99
29179989,12967142,116,1,4.99,4.99
28535589,12680764,116,1,4.99,4.99
27798461,12353293,116,1,4.99,4.99
25502802,11333545,116,1,4.99,4.99
25474408,11320935,116,1,4.99,4.99
25547712,11353480,116,1,4.99,4.99
26214067,11649195,116,1,4.99,4.99
26447933,11753285,116,1,4.99,4.99
25513546,11338339,116,1,4.99,4.99
23930963,10635619,116,2,4.99,9.98
26080609,11589920,116,2,4.99,9.98
27809835,12358354,116,2,4.99,9.98
28949395,12864578,116,2,4.99,9.98
25251119,11221838,117,5,5.99,29.95
30021249,13340824,117,5,5.99,29.95
29537226,13125773,117,3,5.99,17.97
28215130,12538269,117,3,5.99,17.97
27747980,12330812,117,3,5.99,17.97
24085933,10704698,117,3,5.99,17.97
6370609,2833092,117,1,3.49,3.49
22253990,9891159,117,1,3.49,3.49
22338889,9928778,117,1,3.49,3.49
17939921,7973923,117,1,3.49,3.49
6425263,2857591,117,1,3.49,3.49
1875305,834534,117,1,3.49,3.49
6711901,2984851,117,1,3.49,3.49
6384390,2839314,117,1,3.49,3.49
15694262,6975816,117,1,3.49,3.49
6410276,2850927,117,1,3.49,3.49
15487755,6884043,117,1,3.49,3.49
6711904,2984851,117,1,3.49,3.49
15559975,6916064,117,1,3.49,3.49
8911135,3961729,117,1,3.49,3.49
24964208,11094580,117,1,5.99,5.99
26951351,11977099,117,1,5.99,5.99
24044615,10686224,117,1,5.99,5.99
23355441,10380061,117,1,5.99,5.99
24620823,10942344,117,1,5.99,5.99
25131823,11169219,117,1,5.99,5.99
24247829,10776456,117,1,5.99,5.99
29698996,13197685,117,1,5.99,5.99
27112072,12048601,117,1,5.99,5.99
23440133,10417696,117,1,5.99,5.99
30038116,13348486,117,1,5.99,5.99
22749247,10110619,117,1,5.99,5.99
28506979,12667921,117,1,5.99,5.99
28141689,12505552,117,1,5.99,5.99
22903614,10179187,117,1,5.99,5.99
22513682,10006269,117,1,5.99,5.99
30089659,13371383,117,1,5.99,5.99
26016444,11561335,117,1,5.99,5.99
26288041,11682046,117,1,5.99,5.99
30161137,13403172,117,1,5.99,5.99
23419767,10408599,117,1,5.99,5.99
23069845,10252815,117,1,5.99,5.99
23061703,10249231,117,1,5.99,5.99
26853071,11933262,117,2,5.99,11.98
25590077,11372200,117,2,5.99,11.98
27141701,12061787,117,2,5.99,11.98
29260257,13002766,117,2,5.99,11.98
22972557,10209674,117,2,5.99,11.98
28948907,12864362,117,2,5.99,11.98
25617808,11384469,117,2,5.99,11.98
25854127,11489502,118,5,3.99,19.95
30373872,13497834,118,5,3.99,19.95
22468057,9986060,118,5,2.99,14.95
27173841,12075971,118,3,3.99,11.97
25641416,11394877,118,3,3.99,11.97
27364402,12160595,118,3,3.99,11.97
8751107,3890493,118,1,2.99,2.99
11218390,4987978,118,1,2.99,2.99
13272056,5899589,118,1,2.99,2.99
22387736,9950508,118,1,2.99,2.99
13388397,5951257,118,1,2.99,2.99
11094216,4933279,118,1,2.99,2.99
17983483,7993346,118,1,2.99,2.99
19993477,8886905,118,1,2.99,2.99
6712574,2985146,118,1,2.99,2.99
17898455,7955391,118,1,2.99,2.99
24432739,10858522,118,1,3.99,3.99
24443243,10863193,118,1,3.99,3.99
30440869,13527576,118,1,3.99,3.99
29106951,12934557,118,1,3.99,3.99
26320701,11696585,118,1,3.99,3.99
30254851,13444938,118,1,3.99,3.99
28640793,12727570,118,1,3.99,3.99
26190627,11638709,118,1,3.99,3.99
23274216,10343885,118,1,3.99,3.99
24892275,11062813,118,1,3.99,3.99
24963621,11094305,118,1,3.99,3.99
25937245,11526236,118,1,3.99,3.99
22899311,10177294,118,1,3.99,3.99
25186006,11193095,118,1,3.99,3.99
27323437,12142477,118,1,3.99,3.99
25051018,11133196,118,1,3.99,3.99
28895846,12840930,118,1,3.99,3.99
29231771,12990018,118,1,3.99,3.99
23903558,10623484,118,1,3.99,3.99
23688838,10528250,118,1,3.99,3.99
29878638,13277489,118,1,3.99,3.99
27541218,12239075,118,1,3.99,3.99
20022440,8899728,118,2,2.99,5.98
4372199,1944554,118,2,2.99,5.98
27309875,12136406,118,2,3.99,7.98
25446009,11308424,118,2,3.99,7.98
23354025,10379449,118,2,3.99,7.98
24262503,10782972,118,2,3.99,7.98
23015111,10228569,118,2,3.99,7.98
22479894,9991330,119,5,3.49,17.45
26247411,11664100,119,5,2.99,14.95
25778349,11455780,119,3,2.99,8.97
22990918,10217836,119,3,2.99,8.97
22430419,9969343,119,3,3.49,10.47
4174328,1856876,119,3,3.49,10.47
24430823,10857681,119,1,2.99,2.99
22543166,10019318,119,1,2.99,2.99
27798460,12353293,119,1,2.99,2.99
26915005,11960894,119,1,2.99,2.99
27421210,12185727,119,1,2.99,2.99
23890842,10617843,119,1,2.99,2.99
25484946,11325605,119,1,2.99,2.99
23893529,10619011,119,1,2.99,2.99
27577990,12255418,119,1,2.99,2.99
29605345,13156037,119,1,2.99,2.99
28271065,12563124,119,1,2.99,2.99
25944638,11529453,119,1,2.99,2.99
30270348,13451908,119,1,2.99,2.99
23675962,10522449,119,1,2.99,2.99
26287874,11681974,119,1,2.99,2.99
26476862,11766110,119,1,2.99,2.99
25568484,11362571,119,1,2.99,2.99
23910647,10626608,119,1,2.99,2.99
28147258,12508081,119,1,2.99,2.99
30024184,13342151,119,1,2.99,2.99
29671321,13185334,119,1,2.99,2.99
29125552,12942986,119,1,2.99,2.99
26630500,11834219,119,1,2.99,2.99
4494417,1999010,119,1,3.49,3.49
15619366,6942497,119,1,3.49,3.49
15389024,6840097,119,1,3.49,3.49
22237584,9883756,119,1,3.49,3.49
4146275,1844425,119,1,3.49,3.49
15456458,6870143,119,1,3.49,3.49
4126666,1835714,119,1,3.49,3.49
20194740,8976315,119,1,3.49,3.49
22473081,9988341,119,1,3.49,3.49
22487627,9994749,119,1,3.49,3.49
17685108,7860840,119,1,3.49,3.49
11135929,4951695,119,1,3.49,3.49
15537142,6905938,119,1,3.49,3.49
13355686,5936769,119,1,3.49,3.49
28668022,12739691,119,2,2.99,5.98
2001669,890617,119,2,3.49,6.98
20097078,8932941,119,4,3.49,13.96
4428413,1969609,120,5,3.99,19.95
24432381,10858371,120,5,4.99,24.95
15734607,6993731,120,3,3.99,11.97
8722953,3877874,120,3,3.99,11.97
29899449,13286586,120,3,4.99,14.97
27364403,12160595,120,3,4.99,14.97
24488931,10883531,120,3,4.99,14.97
17674718,7856295,120,1,3.99,3.99
22140776,9840850,120,1,3.99,3.99
6666433,2964578,120,1,3.99,3.99
10894784,4844499,120,1,3.99,3.99
15470974,6876578,120,1,3.99,3.99
10902497,4847959,120,1,3.99,3.99
15548148,6910811,120,1,3.99,3.99
6513753,2896869,120,1,3.99,3.99
22306326,9914396,120,1,3.99,3.99
6541747,2909313,120,1,3.99,3.99
17850577,7934311,120,1,3.99,3.99
15548150,6910811,120,1,3.99,3.99
20208976,8982592,120,2,3.99,7.98
19930443,8858738,120,2,3.99,7.98
22277199,9901513,120,4,3.99,15.96
22904095,10179394,120,1,4.99,4.99
27723561,12319900,120,1,4.99,4.99
23723628,10543673,120,1,4.99,4.99
22838321,10150236,120,1,4.99,4.99
29676340,13187594,120,1,4.99,4.99
28624821,12720484,120,1,4.99,4.99
26888729,11949205,120,1,4.99,4.99
24620819,10942344,120,1,4.99,4.99
24271288,10786853,120,1,4.99,4.99
25965190,11538601,120,1,4.99,4.99
29377155,13054588,120,1,4.99,4.99
29370912,13051798,120,1,4.99,4.99
26287873,11681974,120,1,4.99,4.99
29942329,13305723,120,1,4.99,4.99
26776750,11899266,120,1,4.99,4.99
24497961,10887601,120,1,4.99,4.99
28243601,12550972,120,1,4.99,4.99
28880704,12834205,120,1,4.99,4.99
29963015,13314908,120,1,4.99,4.99
29092492,12928068,120,1,4.99,4.99
30317090,13472664,120,1,4.99,4.99
23179049,10301510,120,1,4.99,4.99
26609247,11824821,120,1,4.99,4.99
26754295,11889214,120,1,4.99,4.99
24009326,10670515,120,1,4.99,4.99
25813234,11471276,120,1,4.99,4.99
29394832,13062499,120,1,4.99,4.99
22779125,10123906,120,1,4.99,4.99
30302073,13465964,120,1,4.99,4.99
23383801,10392631,120,2,4.99,9.98
30233795,13435627,120,2,4.99,9.98
28712619,12759570,120,4,4.99,19.96
27977279,12432723,120,4,4.99,19.96
23939087,10639189,121,5,1.99,9.95
6548662,2912382,121,5,1.99,9.95
13216013,5874689,121,5,1.99,9.95
27188414,12082471,121,5,1.99,9.95
11099059,4935469,121,2,1.99,3.98
25344605,11263235,121,2,1.99,3.98
19999475,8889576,121,4,1.99,7.96
4338795,1929805,121,4,1.99,7.96
22868031,10163514,121,4,1.99,7.96
24972664,11098303,121,4,1.99,7.96
28652452,12732786,121,1,1.99,1.99
22258145,9893000,121,1,1.99,1.99
30193414,13417601,121,1,1.99,1.99
25484943,11325605,121,1,1.99,1.99
24698723,10977039,121,1,1.99,1.99
22479306,9991065,121,1,1.99,1.99
13400981,5956837,121,1,1.99,1.99
24497999,10887618,121,1,1.99,1.99
28390142,12616090,121,1,1.99,1.99
26190626,11638709,121,1,1.99,1.99
22946601,10198193,121,1,1.99,1.99
28342708,12595044,121,1,1.99,1.99
24397113,10842795,121,1,1.99,1.99
29639863,13171380,121,1,1.99,1.99
22552942,10023673,121,1,1.99,1.99
23763933,10561600,121,1,1.99,1.99
26358421,11713287,121,1,1.99,1.99
23978054,10656492,121,1,1.99,1.99
26325466,11698665,121,1,1.99,1.99
22325249,9922835,121,1,1.99,1.99
2037213,906401,121,1,1.99,1.99
29109390,12935666,121,1,1.99,1.99
29049737,12909089,121,1,1.99,1.99
22129223,9835793,121,1,1.99,1.99
23979747,10657250,121,1,1.99,1.99
27990348,12438529,121,3,1.99,5.97
24247094,10776135,121,3,1.99,5.97
13370043,5943156,122,5,2.49,12.45
25650391,11398853,122,5,2.49,12.45
20053803,8913731,122,5,2.49,12.45
6548664,2912382,122,5,2.49,12.45
27739314,12326931,122,5,2.49,12.45
22595417,10042484,122,3,2.49,7.47
28789725,12793877,122,3,2.49,7.47
10880129,4837966,122,1,2.49,2.49
15741014,6996618,122,1,2.49,2.49
20198650,8978048,122,1,2.49,2.49
28210838,12536360,122,1,2.49,2.49
6613468,2941092,122,1,2.49,2.49
28634331,12724669,122,1,2.49,2.49
1882539,837744,122,1,2.49,2.49
23696467,10531578,122,1,2.49,2.49
24200220,10755480,122,1,2.49,2.49
28640795,12727570,122,1,2.49,2.49
17993683,7997829,122,1,2.49,2.49
24583160,10925698,122,1,2.49,2.49
23271308,10342555,122,1,2.49,2.49
25566309,11361615,122,1,2.49,2.49
2176080,968442,122,1,2.49,2.49
25093840,11152321,122,1,2.49,2.49
25511845,11337588,122,1,2.49,2.49
25569231,11362895,122,1,2.49,2.49
28752344,12777237,122,1,2.49,2.49
24115096,10717734,122,1,2.49,2.49
8685808,3861417,122,1,2.49,2.49
29302869,13021590,122,1,2.49,2.49
23229714,10324095,122,1,2.49,2.49
23979744,10657250,122,1,2.49,2.49
29639866,13171380,122,1,2.49,2.49
23553837,10468200,122,1,2.49,2.49
28103040,12488521,122,1,2.49,2.49
23202757,10312063,122,1,2.49,2.49
29086026,12925184,122,1,2.49,2.49
25506281,11335134,122,1,2.49,2.49
29440459,13082651,122,1,2.49,2.49
13452156,5979532,122,1,2.49,2.49
26915644,11961182,122,1,2.49,2.49
24668592,10963554,122,1,2.49,2.49
25424392,11298736,122,1,2.49,2.49
28904771,12844809,122,1,2.49,2.49
26782623,11901918,122,1,2.49,2.49
25446006,11308424,122,2,2.49,4.98
29557539,13134809,122,2,2.49,4.98
28630060,12722787,122,2,2.49,4.98
27250717,12110078,122,2,2.49,4.98
25872291,11497458,122,2,2.49,4.98
25590075,11372200,122,2,2.49,4.98
28770159,12785163,122,2,2.49,4.98
25944517,11529405,122,2,2.49,4.98
6422150,2856231,122,2,2.49,4.98
15666189,6963329,122,2,2.49,4.98
30377205,13499343,122,4,2.49,9.96
22604519,10046549,122,4,2.49,9.96
23512226,10449675,122,4,2.49,9.96
24345032,10819718,123,5,2.99,14.95
28549148,12686891,123,5,2.99,14.95
29036118,12903027,123,3,2.99,8.97
25710818,11425698,123,3,2.99,8.97
24139765,10728823,123,3,2.99,8.97
23210787,10315652,123,3,2.99,8.97
25917620,11517581,123,1,2.99,2.99
20070129,8921001,123,1,2.99,2.99
26414344,11738302,123,1,2.99,2.99
15466558,6874604,123,1,2.99,2.99
30079220,13366685,123,1,2.99,2.99
24260156,10781906,123,1,2.99,2.99
30045261,13351606,123,1,2.99,2.99
27469540,12207256,123,1,2.99,2.99
28402417,12621520,123,1,2.99,2.99
28887487,12837244,123,1,2.99,2.99
2037211,906401,123,1,2.99,2.99
25888353,11504605,123,1,2.99,2.99
24025123,10677569,123,1,2.99,2.99
29803180,13243903,123,1,2.99,2.99
25450552,11310416,123,1,2.99,2.99
28767845,12784151,123,1,2.99,2.99
27813520,12360043,123,1,2.99,2.99
15678011,6968591,123,1,2.99,2.99
24556332,10913717,123,1,2.99,2.99
8730622,3881243,123,1,2.99,2.99
10891108,4842876,123,1,2.99,2.99
27462749,12204215,123,1,2.99,2.99
29666585,13183196,123,1,2.99,2.99
26829893,11922877,123,1,2.99,2.99
28175338,12520513,123,1,2.99,2.99
6485037,2884048,123,1,2.99,2.99
22134967,9838292,123,1,2.99,2.99
6420509,2855515,123,1,2.99,2.99
25643317,11395746,123,1,2.99,2.99
22637032,10060887,123,1,2.99,2.99
28252206,12554799,123,1,2.99,2.99
27396587,12174867,123,1,2.99,2.99
23886050,10615694,123,1,2.99,2.99
1928964,858263,123,1,2.99,2.99
17818092,7919727,123,1,2.99,2.99
28448242,12641878,123,1,2.99,2.99
28784570,12791628,123,1,2.99,2.99
29982211,13323418,123,1,2.99,2.99
23952764,10645274,123,1,2.99,2.99
15512519,6895034,123,1,2.99,2.99
28755677,12778739,123,1,2.99,2.99
28674962,12742815,123,1,2.99,2.99
22705585,10091413,123,1,2.99,2.99
4195885,1866429,123,1,2.99,2.99
26560263,11803172,123,1,2.99,2.99
17647019,7843909,123,1,2.99,2.99
25920147,11518707,123,1,2.99,2.99
29273306,13008492,123,2,2.99,5.98
23199789,10310729,123,2,2.99,5.98
23876459,10611390,123,2,2.99,5.98
20174755,8967423,123,2,2.99,5.98
20177906,8968820,123,2,2.99,5.98
23774866,10566404,123,2,2.99,5.98
23561043,10471377,123,4,2.99,11.96
28312264,12581592,123,4,2.99,11.96
24517221,10896240,124,5,3.49,17.45
26144730,11618497,124,5,3.49,17.45
4457318,1982454,124,5,1.99,9.95
6596023,2933385,124,5,1.99,9.95
22298120,9910708,124,5,1.99,9.95
29382677,13057032,124,3,3.49,10.47
28995043,12884766,124,3,3.49,10.47
20063231,8917962,124,2,1.99,3.98
8613594,3829057,124,4,1.99,7.96
10909987,4851274,124,4,1.99,7.96
19864307,8829317,124,1,1.99,1.99
22312774,9917264,124,1,1.99,1.99
15456459,6870143,124,1,1.99,1.99
15447126,6865971,124,1,1.99,1.99
11135931,4951695,124,1,1.99,1.99
2098538,933759,124,1,1.99,1.99
13277248,5901923,124,1,1.99,1.99
20237921,8995644,124,1,1.99,1.99
11036381,4907585,124,1,1.99,1.99
17799754,7911463,124,1,1.99,1.99
28752437,12777274,124,1,3.49,3.49
27838695,12371282,124,1,3.49,3.49
24316477,10806992,124,1,3.49,3.49
30077209,13365806,124,1,3.49,3.49
30123967,13386647,124,1,3.49,3.49
28901703,12843474,124,1,3.49,3.49
29676901,13187842,124,1,3.49,3.49
27829902,12367368,124,1,3.49,3.49
26161659,11625945,124,1,3.49,3.49
25443026,11307083,124,1,3.49,3.49
24640070,10950923,124,1,3.49,3.49
24998457,11109740,124,1,3.49,3.49
29634668,13169038,124,1,3.49,3.49
26853388,11933414,124,1,3.49,3.49
24787215,11016210,124,1,3.49,3.49
26081472,11590320,124,1,3.49,3.49
25661698,11403909,124,1,3.49,3.49
27551203,12243505,124,1,3.49,3.49
30073373,13364110,124,1,3.49,3.49
26247739,11664232,124,1,3.49,3.49
25576014,11365919,124,1,3.49,3.49
25902923,11511078,124,1,3.49,3.49
28724286,12764770,124,1,3.49,3.49
27036512,12015012,124,1,3.49,3.49
30047429,13352577,124,1,3.49,3.49
29398793,13064264,124,1,3.49,3.49
27445241,12196307,124,1,3.49,3.49
30388538,13504405,124,1,3.49,3.49
28399777,12620363,124,1,3.49,3.49
26807738,11913101,124,1,3.49,3.49
27433724,12191320,124,1,3.49,3.49
29405976,13067345,124,1,3.49,3.49
27859279,12380469,124,1,3.49,3.49
23254483,10335081,124,1,3.49,3.49
29540047,13127048,124,2,3.49,6.98
26546446,11797048,124,2,3.49,6.98
30206935,13423673,124,2,3.49,6.98
30086422,13369914,124,2,3.49,6.98
24007714,10669790,124,2,3.49,6.98
29895594,13284887,124,2,3.49,6.98
25401230,11288413,124,4,3.49,13.96
23553103,10467867,125,5,3.99,19.95
28562103,12692620,125,5,3.99,19.95
25253664,11222967,125,5,3.99,19.95
29767166,13227872,125,5,3.99,19.95
25168345,11185326,125,5,3.99,19.95
28214461,12537959,125,5,3.99,19.95
17648621,7844621,125,5,2.49,12.45
25778352,11455780,125,3,3.99,11.97
28519919,12673732,125,3,3.99,11.97
26264319,11671522,125,3,3.99,11.97
22777359,10123115,125,3,3.99,11.97
25110397,11159615,125,3,3.99,11.97
15548151,6910811,125,1,2.49,2.49
22369782,9942450,125,1,2.49,2.49
11109477,4940062,125,1,2.49,2.49
2156230,959626,125,1,2.49,2.49
2196870,977645,125,1,2.49,2.49
20012966,8895547,125,1,2.49,2.49
22219468,9875738,125,1,2.49,2.49
15741012,6996618,125,1,2.49,2.49
11170976,4967261,125,1,2.49,2.49
19993475,8886905,125,1,2.49,2.49
22496758,9998785,125,1,2.49,2.49
20098482,8933547,125,1,2.49,2.49
8666924,3852923,125,1,2.49,2.49
4275591,1901783,125,1,2.49,2.49
23149974,10288439,125,1,3.99,3.99
28651096,12732194,125,1,3.99,3.99
25158529,11180976,125,1,3.99,3.99
27396680,12174912,125,1,3.99,3.99
26423278,11742280,125,1,3.99,3.99
27170347,12074407,125,1,3.99,3.99
30432371,13523796,125,1,3.99,3.99
23391463,10395981,125,1,3.99,3.99
22805352,10135473,125,1,3.99,3.99
26939866,11971997,125,1,3.99,3.99
27644854,12285040,125,1,3.99,3.99
28447631,12641619,125,1,3.99,3.99
25356154,11268418,125,1,3.99,3.99
26182957,11635283,125,1,3.99,3.99
24007698,10669782,125,1,3.99,3.99
27508906,12224839,125,1,3.99,3.99
24561274,10915925,125,1,3.99,3.99
30218065,13428640,125,1,3.99,3.99
24892273,11062813,125,1,3.99,3.99
29304422,13022265,125,1,3.99,3.99
27849062,12375881,125,1,3.99,3.99
30323390,13475443,125,1,3.99,3.99
24780936,11013397,125,1,3.99,3.99
27424658,12187261,125,1,3.99,3.99
28445929,12640863,125,1,3.99,3.99
25888345,11504602,125,1,3.99,3.99
25422099,11297712,125,1,3.99,3.99
26328407,11699967,125,1,3.99,3.99
30351686,13487996,125,1,3.99,3.99
30317094,13472664,125,1,3.99,3.99
26811034,11914549,125,1,3.99,3.99
28832905,12812956,125,1,3.99,3.99
29377154,13054588,125,1,3.99,3.99
29144882,12951545,125,1,3.99,3.99
27893876,12395859,125,1,3.99,3.99
29957796,13312569,125,1,3.99,3.99
20177908,8968820,125,2,2.49,4.98
24866386,11051368,125,2,3.99,7.98
29542964,13128343,125,2,3.99,7.98
23525181,10455407,125,2,3.99,7.98
28313284,12582071,125,2,3.99,7.98
17895551,7954128,125,4,2.49,9.96
29468362,13095083,125,4,3.99,15.96
26096579,11597002,126,5,4.49,22.45
20074554,8922965,126,5,2.99,14.95
1892477,842133,126,3,2.99,8.97
24085931,10704698,126,3,4.49,13.47
6698685,2979037,126,1,2.99,2.99
8979987,3992372,126,1,2.99,2.99
17754359,7891520,126,1,2.99,2.99
17705329,7869705,126,1,2.99,2.99
1918229,853550,126,1,2.99,2.99
22328306,9924203,126,1,2.99,2.99
8815038,3918853,126,1,2.99,2.99
10947101,4867740,126,1,2.99,2.99
22236151,9883122,126,1,2.99,2.99
8842042,3930893,126,1,2.99,2.99
4434353,1972289,126,1,2.99,2.99
4349329,1934452,126,1,2.99,2.99
6514137,2897042,126,1,2.99,2.99
1997583,888837,126,1,2.99,2.99
15445178,6865106,126,1,2.99,2.99
22129225,9835793,126,1,2.99,2.99
13469400,5987134,126,2,2.99,5.98
13363071,5940035,126,2,2.99,5.98
6735855,2995295,126,4,2.99,11.96
28351439,12598829,126,1,4.49,4.49
24157816,10736831,126,1,4.49,4.49
23553840,10468200,126,1,4.49,4.49
28462322,12648072,126,1,4.49,4.49
24031441,10680428,126,1,4.49,4.49
27356522,12157137,126,1,4.49,4.49
30148161,13397389,126,1,4.49,4.49
23539379,10461801,126,1,4.49,4.49
28807255,12801606,126,1,4.49,4.49
27733419,12324259,126,1,4.49,4.49
25248875,11220852,126,1,4.49,4.49
27792370,12350608,126,1,4.49,4.49
23910645,10626607,126,1,4.49,4.49
27116097,12050411,126,1,4.49,4.49
25450609,11310437,126,1,4.49,4.49
29290412,13016063,126,1,4.49,4.49
22931358,10191446,126,1,4.49,4.49
24905909,11068826,126,1,4.49,4.49
30385595,13503096,126,1,4.49,4.49
27687532,12303978,126,1,4.49,4.49
25937246,11526236,126,1,4.49,4.49
30078483,13366354,126,1,4.49,4.49
29043788,12906414,126,1,4.49,4.49
25189534,11194654,126,1,4.49,4.49
25605198,11378879,126,1,4.49,4.49
30013376,13337314,126,1,4.49,4.49
24887106,11060503,126,1,4.49,4.49
23385264,10393289,126,1,4.49,4.49
27190998,12083602,126,1,4.49,4.49
23211757,10316079,126,1,4.49,4.49
23823444,10587928,126,2,4.49,8.98
24900964,11066606,126,2,4.49,8.98
29056171,12911927,126,2,4.49,8.98
29858286,13268449,126,2,4.49,8.98
22885715,10171330,126,2,4.49,8.98
25466988,11317671,126,2,4.49,8.98
28205208,12533836,126,2,4.49,8.98
27930302,12411945,126,2,4.49,8.98
28608613,12713246,126,2,4.49,8.98
23092128,10262572,126,2,4.49,8.98
23119104,10274675,127,5,2.99,14.95
24152104,10734312,127,5,2.99,14.95
23036056,10237877,127,5,2.99,14.95
28053773,12466578,127,5,2.99,14.95
23014864,10228455,127,3,2.99,8.97
22119106,9831311,127,3,2.49,7.47
11170068,4966853,127,1,2.49,2.49
6410277,2850927,127,1,2.49,2.49
10902328,4847880,127,1,2.49,2.49
8726674,3879504,127,1,2.49,2.49
17676897,7857265,127,1,2.49,2.49
10902495,4847959,127,1,2.49,2.49
8791718,3908530,127,1,2.49,2.49
15694263,6975816,127,1,2.49,2.49
2220211,988024,127,1,2.49,2.49
1975694,879028,127,1,2.49,2.49
22427716,9968096,127,1,2.49,2.49
4252596,1891642,127,1,2.49,2.49
4141171,1842109,127,1,2.49,2.49
2031084,903689,127,1,2.49,2.49
29626117,13165243,127,1,2.99,2.99
27585799,12258907,127,1,2.99,2.99
26172470,11630708,127,1,2.99,2.99
26339763,11705001,127,1,2.99,2.99
30441636,13527919,127,1,2.99,2.99
24232210,10769630,127,1,2.99,2.99
26368618,11717837,127,1,2.99,2.99
28759037,12780234,127,1,2.99,2.99
26099640,11598389,127,1,2.99,2.99
26247738,11664232,127,1,2.99,2.99
27982514,12435027,127,1,2.99,2.99
26672545,11852943,127,1,2.99,2.99
23069842,10252815,127,1,2.99,2.99
25158530,11180976,127,1,2.99,2.99
29927213,13299028,127,1,2.99,2.99
23413984,10406032,127,1,2.99,2.99
23487868,10438892,127,1,2.99,2.99
27702869,12310809,127,1,2.99,2.99
26973669,11986986,127,1,2.99,2.99
23719224,10541702,127,1,2.99,2.99
30079218,13366685,127,1,2.99,2.99
29271214,13007576,127,1,2.99,2.99
29933314,13301717,127,1,2.99,2.99
28152797,12510539,127,1,2.99,2.99
25618284,11384680,127,1,2.99,2.99
23378966,10390493,127,1,2.99,2.99
23083353,10258698,127,1,2.99,2.99
27707315,12312801,127,1,2.99,2.99
29328941,13033123,127,1,2.99,2.99
13389283,5951654,127,2,2.49,4.98
28231201,12545342,127,2,2.99,5.98
25375854,11277176,127,2,2.99,5.98
28622052,12719230,127,2,2.99,5.98
22198936,9866634,127,4,2.49,9.96
17895553,7954128,127,4,2.49,9.96
28999069,12886520,127,4,2.99,11.96
23272664,10343189,128,5,3.49,17.45
27739316,12326931,128,5,3.49,17.45
15641193,6952237,128,3,2.99,8.97
22990915,10217836,128,3,3.49,10.47
24039699,10684069,128,3,3.49,10.47
17697380,7866188,128,1,2.99,2.99
4257877,1894000,128,1,2.99,2.99
4263935,1896653,128,1,2.99,2.99
4257399,1893791,128,1,2.99,2.99
6558175,2916595,128,1,2.99,2.99
22441150,9974119,128,1,2.99,2.99
4375497,1946035,128,1,2.99,2.99
1963249,873463,128,1,2.99,2.99
4268757,1898792,128,1,2.99,2.99
28912805,12848357,128,1,3.49,3.49
24819062,11030313,128,1,3.49,3.49
23066314,10251281,128,1,3.49,3.49
26265166,11671905,128,1,3.49,3.49
28467043,12650184,128,1,3.49,3.49
25955546,11534339,128,1,3.49,3.49
24928156,11078609,128,1,3.49,3.49
22570794,10031587,128,1,3.49,3.49
26616189,11827858,128,1,3.49,3.49
25300641,11243833,128,1,3.49,3.49
27106636,12046180,128,1,3.49,3.49
23545138,10464357,128,1,3.49,3.49
22819243,10141670,128,1,3.49,3.49
23008861,10225823,128,1,3.49,3.49
27216591,12094980,128,1,3.49,3.49
26962170,11981907,128,1,3.49,3.49
29626114,13165243,128,1,3.49,3.49
30289739,13460467,128,1,3.49,3.49
22639841,10062134,128,1,3.49,3.49
24328686,10812439,128,1,3.49,3.49
30411392,13514536,128,1,3.49,3.49
29221849,12985623,128,1,3.49,3.49
28103649,12488800,128,1,3.49,3.49
23590295,10484365,128,1,3.49,3.49
27162274,12070854,128,1,3.49,3.49
27356749,12157239,128,1,3.49,3.49
29693878,13195418,128,1,3.49,3.49
29055776,12911746,128,1,3.49,3.49
27575655,12254384,128,1,3.49,3.49
13199137,5867177,128,2,2.99,5.98
22202800,9868343,128,2,2.99,5.98
26154486,11622754,128,2,3.49,6.98
23925818,10633366,128,2,3.49,6.98
27085162,12036619,128,2,3.49,6.98
23525179,10455407,128,2,3.49,6.98
28976915,12876832,128,2,3.49,6.98
23298557,10354745,128,2,3.49,6.98
26683811,11857962,128,4,3.49,13.96
26360304,11714141,128,4,3.49,13.96
26075385,11587621,128,4,3.49,13.96
8996877,3999885,129,5,3.49,17.45
20087642,8928795,129,3,3.49,10.47
24440733,10862086,129,3,3.99,11.97
25610404,11381203,129,3,3.99,11.97
22688014,10083619,129,3,3.99,11.97
4378692,1947459,129,1,3.49,3.49
6606024,2937807,129,1,3.49,3.49
15697938,6977476,129,1,3.49,3.49
6593720,2932355,129,1,3.49,3.49
17935268,7971841,129,1,3.49,3.49
20200611,8978910,129,1,3.49,3.49
15560242,6916175,129,1,3.49,3.49
15642887,6952998,129,1,3.49,3.49
1938380,862430,129,1,3.49,3.49
6416240,2853606,129,1,3.49,3.49
4438729,1974245,129,1,3.49,3.49
8674326,3856236,129,1,3.49,3.49
17890332,7951849,129,1,3.49,3.49
28447629,12641619,129,1,3.99,3.99
29608919,13157649,129,1,3.99,3.99
27698557,12308887,129,1,3.99,3.99
30050504,13353936,129,1,3.99,3.99
23890843,10617843,129,1,3.99,3.99
22662457,10072224,129,1,3.99,3.99
29952904,13310447,129,1,3.99,3.99
24591900,10929526,129,1,3.99,3.99
29173259,12964129,129,1,3.99,3.99
25349676,11265510,129,1,3.99,3.99
22585312,10037979,129,1,3.99,3.99
30185908,13414230,129,1,3.99,3.99
23253037,10334443,129,1,3.99,3.99
26161520,11625881,129,1,3.99,3.99
23382770,10392168,129,1,3.99,3.99
22222785,9877231,129,2,3.49,6.98
27689694,12304950,129,2,3.99,7.98
27972548,12430697,129,2,3.99,7.98
22233214,9881841,129,4,3.49,13.96
2212074,984426,130,5,1.99,9.95
6738463,2996444,130,5,1.99,9.95
28108452,12490948,130,5,2.99,14.95
27713980,12315687,130,5,2.99,14.95
15666193,6963329,130,2,1.99,3.98
6521605,2900362,130,1,1.99,1.99
2007209,893093,130,1,1.99,1.99
13262894,5895613,130,1,1.99,1.99
17686238,7861329,130,1,1.99,1.99
15487251,6883820,130,1,1.99,1.99
23408753,10403655,130,1,2.99,2.99
23911070,10626783,130,1,2.99,2.99
29971948,13318858,130,1,2.99,2.99
30267983,13450859,130,1,2.99,2.99
26615580,11827581,130,1,2.99,2.99
26347991,11708628,130,1,2.99,2.99
28853374,12822050,130,1,2.99,2.99
29619302,13162280,130,1,2.99,2.99
29450893,13087293,130,1,2.99,2.99
27894961,12396329,130,1,2.99,2.99
23668081,10518990,130,1,2.99,2.99
22941261,10195872,130,1,2.99,2.99
23409669,10404074,130,1,2.99,2.99
26874772,11942965,130,1,2.99,2.99
24940030,11083900,130,1,2.99,2.99
24129234,10724098,130,1,2.99,2.99
27755808,12334326,130,1,2.99,2.99
23567431,10474185,130,1,2.99,2.99
26295761,11685430,130,1,2.99,2.99
23553836,10468200,130,1,2.99,2.99
27788315,12348806,130,1,2.99,2.99
28165289,12516098,130,1,2.99,2.99
26850851,11932262,130,1,2.99,2.99
27813315,12359938,130,1,2.99,2.99
30312067,13470431,130,1,2.99,2.99
26548914,11798120,130,1,2.99,2.99
23149375,10288172,130,1,2.99,2.99
29085826,12925089,130,1,2.99,2.99
27192804,12084390,130,1,2.99,2.99
22931359,10191446,130,1,2.99,2.99
27551204,12243505,130,1,2.99,2.99
23753342,10556879,130,2,2.99,5.98
22943144,10196736,130,2,2.99,5.98
22666897,10074147,130,2,2.99,5.98
30017310,13339048,130,2,2.99,5.98
26081318,11590243,131,5,3.49,17.45
15662110,6961503,131,5,2.49,12.45
15496535,6887955,131,5,2.49,12.45
2020042,898822,131,5,2.49,12.45
4348083,1933902,131,5,2.49,12.45
27243079,12106673,131,3,3.49,10.47
29877217,13276879,131,3,3.49,10.47
25677485,11410997,131,3,3.49,10.47
29712261,13203573,131,3,3.49,10.47
4172126,1855876,131,3,2.49,7.47
10859177,4828510,131,1,2.49,2.49
17977347,7990623,131,1,2.49,2.49
15703789,6980114,131,1,2.49,2.49
8690302,3863382,131,1,2.49,2.49
11170067,4966853,131,1,2.49,2.49
8659754,3849731,131,1,2.49,2.49
13285379,5905522,131,1,2.49,2.49
22150873,9845303,131,1,2.49,2.49
24963623,11094305,131,1,3.49,3.49
25300638,11243833,131,1,3.49,3.49
28067337,12472651,131,1,3.49,3.49
22882154,10169765,131,1,3.49,3.49
25996616,11552502,131,1,3.49,3.49
24918811,11074516,131,1,3.49,3.49
25316642,11250890,131,1,3.49,3.49
25800958,11465788,131,1,3.49,3.49
22787766,10127750,131,1,3.49,3.49
26939867,11971997,131,1,3.49,3.49
24618245,10941185,131,1,3.49,3.49
24038125,10683376,131,1,3.49,3.49
23382773,10392168,131,1,3.49,3.49
24094441,10708500,131,1,3.49,3.49
27322110,12141883,131,1,3.49,3.49
27538412,12237857,131,1,3.49,3.49
22501126,10000695,131,1,3.49,3.49
23021792,10231586,131,1,3.49,3.49
28585550,12703022,131,1,3.49,3.49
23276318,10344838,131,1,3.49,3.49
23590296,10484365,131,1,3.49,3.49
28003841,12444504,131,1,3.49,3.49
26973668,11986986,131,1,3.49,3.49
26573834,11809206,131,1,3.49,3.49
26919786,11963039,131,1,3.49,3.49
15373686,6833296,131,2,2.49,4.98
22953105,10201039,131,2,3.49,6.98
29056172,12911927,131,2,3.49,6.98
29087720,12925930,131,2,3.49,6.98
23499714,10444116,131,2,3.49,6.98
29291512,13016567,131,2,3.49,6.98
27928687,12411221,131,2,3.49,6.98
22500945,10000621,131,2,3.49,6.98
8651682,3846084,131,4,2.49,9.96
24972665,11098303,131,4,3.49,13.96
25624591,11387453,132,3,2.79,8.37
27225959,12099098,132,3,2.79,8.37
26099638,11598389,132,1,2.79,2.79
22670349,10075737,132,1,2.79,2.79
25450610,11310437,132,1,2.79,2.79
27523747,12231354,132,1,2.79,2.79
24132539,10725565,132,1,2.79,2.79
29439919,13082412,132,1,2.79,2.79
30061971,13359090,132,1,2.79,2.79
25611597,11381722,132,1,2.79,2.79
27798463,12353293,132,1,2.79,2.79
25104745,11157152,132,1,2.79,2.79
29819759,13251318,132,1,2.79,2.79
24768477,11007879,132,1,2.79,2.79
24407004,10847196,132,1,2.79,2.79
22508822,10004130,132,1,2.79,2.79
25696412,11419434,132,1,2.79,2.79
25559793,11358742,132,1,2.79,2.79
27506627,12223850,132,1,2.79,2.79
25591824,11372960,132,1,2.79,2.79
27799076,12353553,132,1,2.79,2.79
28017892,12450651,132,1,2.79,2.79
26441308,11750330,132,1,2.79,2.79
30432372,13523796,132,1,2.79,2.79
28634269,12724645,132,2,2.79,5.58
29064887,12915797,132,2,2.79,5.58
28200243,12531623,132,2,2.79,5.58
22586789,10038640,132,2,2.79,5.58
29850982,13265213,132,2,2.79,5.58
29557537,13134809,132,2,2.79,5.58
29109079,12935532,132,4,2.79,11.16
28028164,12455250,132,4,2.79,11.16
24155116,10735651,132,4,2.79,11.16
24563689,10916982,132,5,2.79,13.95
15572916,6921816,132,5,2.99,14.95
17842815,7930846,132,3,2.99,8.97
6403168,2847727,132,1,2.99,2.99
8966379,3986348,132,1,2.99,2.99
17785009,7905040,132,1,2.99,2.99
22253989,9891159,132,1,2.99,2.99
15554449,6913574,132,1,2.99,2.99
8680030,3858833,132,1,2.99,2.99
19978396,8880176,132,1,2.99,2.99
15623734,6944446,132,1,2.99,2.99
6714082,2985811,132,1,2.99,2.99
6677771,2969694,132,1,2.99,2.99
17965481,7985343,132,1,2.99,2.99
15633027,6948591,132,1,2.99,2.99
8816727,3919564,132,1,2.99,2.99
20049860,8911943,132,1,2.99,2.99
13194296,5865023,132,1,2.99,2.99
8775083,3901157,132,1,2.99,2.99
22245558,9887356,132,1,2.99,2.99
13442771,5975321,132,2,2.99,5.98
20177905,8968820,132,2,2.99,5.98
29180113,12967199,133,5,2.99,14.95
22856364,10158292,133,5,2.99,14.95
22923772,10188126,133,3,2.99,8.97
15652871,6957413,133,1,2.49,2.49
4469558,1987865,133,1,2.49,2.49
17726804,7879264,133,1,2.49,2.49
17725505,7878678,133,1,2.49,2.49
4359310,1938802,133,1,2.49,2.49
6696331,2977977,133,1,2.49,2.49
8720427,3876759,133,1,2.49,2.49
8907214,3959984,133,1,2.49,2.49
13302739,5913282,133,1,2.49,2.49
4126668,1835714,133,1,2.49,2.49
22325247,9922835,133,1,2.49,2.49
13479843,5991845,133,1,2.49,2.49
13402872,5957654,133,1,2.49,2.49
4187017,1862495,133,1,2.49,2.49
1980906,881367,133,1,2.49,2.49
17932903,7970777,133,1,2.49,2.49
15474437,6878097,133,1,2.49,2.49
26951352,11977099,133,1,2.99,2.99
29188880,12971055,133,1,2.99,2.99
23042094,10240528,133,1,2.99,2.99
29008634,12890785,133,1,2.99,2.99
23160587,10293126,133,1,2.99,2.99
28165292,12516098,133,1,2.99,2.99
27630302,12278668,133,1,2.99,2.99
28029792,12455987,133,1,2.99,2.99
29018484,12895219,133,1,2.99,2.99
25080472,11146390,133,1,2.99,2.99
28523036,12675119,133,1,2.99,2.99
28141690,12505552,133,1,2.99,2.99
27894964,12396329,133,1,2.99,2.99
27447461,12197317,133,1,2.99,2.99
30241509,13439025,133,1,2.99,2.99
24010850,10671208,133,1,2.99,2.99
23408190,10403401,133,1,2.99,2.99
25438270,11304974,133,1,2.99,2.99
28651099,12732194,133,1,2.99,2.99
30075082,13364890,133,1,2.99,2.99
28693135,12750895,133,1,2.99,2.99
29487322,13103511,133,1,2.99,2.99
23125679,10277623,133,1,2.99,2.99
24031442,10680428,133,1,2.99,2.99
24404257,10845978,133,1,2.99,2.99
29392222,13061376,133,1,2.99,2.99
26650479,11843061,133,1,2.99,2.99
29878641,13277489,133,1,2.99,2.99
22621421,10054125,133,1,2.99,2.99
23088877,10261117,133,1,2.99,2.99
25458144,11313756,133,1,2.99,2.99
23517303,10451925,133,1,2.99,2.99
23168593,10296776,133,1,2.99,2.99
4331237,1926439,133,2,2.49,4.98
19993661,8886985,133,2,2.49,4.98
29268346,13006322,133,2,2.99,5.98
25039247,11127962,133,2,2.99,5.98
25722917,11431113,133,2,2.99,5.98
26154488,11622754,133,2,2.99,5.98
13471153,5987927,133,4,2.49,9.96
6735853,2995295,133,4,2.49,9.96
22868030,10163514,133,4,2.99,11.96
30337035,13481526,133,4,2.99,11.96
29059579,12913425,133,4,2.99,11.96
24213493,10761305,134,5,3.99,19.95
27574961,12254083,134,5,3.99,19.95
20053804,8913731,134,5,2.99,14.95
4428411,1969609,134,5,2.99,14.95
11020352,4900417,134,3,2.99,8.97
25191709,11195582,134,3,3.99,11.97
24023298,10676781,134,3,3.99,11.97
30016185,13338551,134,3,3.99,11.97
8775084,3901157,134,1,2.99,2.99
15456457,6870143,134,1,2.99,2.99
22233102,9881789,134,1,2.99,2.99
22376336,9945396,134,1,2.99,2.99
4432333,1971362,134,1,2.99,2.99
22410969,9960731,134,1,2.99,2.99
6522347,2900669,134,1,2.99,2.99
17643986,7842533,134,1,2.99,2.99
22139994,9840507,134,1,2.99,2.99
13354602,5936286,134,1,2.99,2.99
22342314,9930280,134,1,2.99,2.99
22483207,9992819,134,1,2.99,2.99
13400980,5956837,134,1,2.99,2.99
17678547,7857996,134,1,2.99,2.99
11168563,4966189,134,1,2.99,2.99
24262726,10783073,134,1,3.99,3.99
28234198,12546660,134,1,3.99,3.99
27859280,12380469,134,1,3.99,3.99
29597810,13152691,134,1,3.99,3.99
25196682,11197798,134,1,3.99,3.99
26399373,11731592,134,1,3.99,3.99
30136266,13392124,134,1,3.99,3.99
28245556,12551853,134,1,3.99,3.99
23675959,10522449,134,1,3.99,3.99
23944448,10641595,134,1,3.99,3.99
26641397,11839068,134,1,3.99,3.99
30148162,13397389,134,1,3.99,3.99
27943041,12417662,134,1,3.99,3.99
28029791,12455987,134,1,3.99,3.99
23102329,10267200,134,1,3.99,3.99
24754011,11001497,134,1,3.99,3.99
28214938,12538174,134,1,3.99,3.99
25272624,11231408,134,1,3.99,3.99
26565212,11805402,134,1,3.99,3.99
27068712,12029320,134,1,3.99,3.99
24530471,10902211,134,1,3.99,3.99
29723449,13208491,134,1,3.99,3.99
26853390,11933414,134,1,3.99,3.99
22933161,10192237,134,1,3.99,3.99
26324602,11698302,134,1,3.99,3.99
23696468,10531578,134,1,3.99,3.99
26288040,11682046,134,1,3.99,3.99
8904807,3958903,134,2,2.99,5.98
8631382,3837035,134,2,2.99,5.98
20144558,8954135,134,2,2.99,5.98
25617810,11384469,134,2,3.99,7.98
26983570,11991399,134,2,3.99,7.98
27551456,12243616,134,2,3.99,7.98
25527381,11344483,134,2,3.99,7.98
28170741,12518477,134,2,3.99,7.98
27128903,12056025,134,2,3.99,7.98
29630001,13166959,134,4,3.99,15.96
22801795,10133871,134,4,3.99,15.96
15559716,6915950,135,5,3.49,17.45
27571878,12252716,135,5,4.99,24.95
23507171,10447438,135,5,4.99,24.95
27187501,12082066,135,5,4.99,24.95
19963087,8873372,135,3,3.49,10.47
29086937,12925608,135,3,4.99,14.97
23974044,10654707,135,3,4.99,14.97
4174887,1857124,135,1,3.49,3.49
4295297,1910474,135,1,3.49,3.49
8751108,3890493,135,1,3.49,3.49
15424741,6855968,135,1,3.49,3.49
13133569,5837951,135,1,3.49,3.49
11192252,4976579,135,1,3.49,3.49
17800357,7911729,135,1,3.49,3.49
8775114,3901169,135,1,3.49,3.49
4146273,1844425,135,1,3.49,3.49
22134965,9838292,135,1,3.49,3.49
4446801,1977802,135,1,3.49,3.49
11096530,4934340,135,1,3.49,3.49
22183068,9859589,135,2,3.49,6.98
4141882,1842425,135,2,3.49,6.98
6411226,2851347,135,4,3.49,13.96
22749246,10110619,135,1,4.99,4.99
28872715,12830641,135,1,4.99,4.99
27590006,12260765,135,1,4.99,4.99
25104743,11157152,135,1,4.99,4.99
23756680,10558380,135,1,4.99,4.99
29163564,12959855,135,1,4.99,4.99
25474409,11320935,135,1,4.99,4.99
24791008,11017854,135,1,4.99,4.99
25624548,11387434,135,1,4.99,4.99
26818688,11917938,135,1,4.99,4.99
30070097,13362666,135,1,4.99,4.99
26565213,11805402,135,1,4.99,4.99
29398782,13064258,135,1,4.99,4.99
25444386,11307704,135,1,4.99,4.99
27883571,12391285,135,1,4.99,4.99
29947170,13307892,135,1,4.99,4.99
27314733,12138612,135,1,4.99,4.99
23978024,10656478,135,1,4.99,4.99
30027595,13343719,135,1,4.99,4.99
22608418,10048312,135,1,4.99,4.99
30323391,13475443,135,1,4.99,4.99
29968064,13317187,135,1,4.99,4.99
29576118,13143192,135,1,4.99,4.99
26254515,11667175,135,1,4.99,4.99
23559472,10470677,135,1,4.99,4.99
25851979,11488551,135,1,4.99,4.99
27741504,12327911,135,1,4.99,4.99
25624350,11387352,135,1,4.99,4.99
30040432,13349502,135,1,4.99,4.99
27948023,12419890,135,1,4.99,4.99
26466767,11761625,135,1,4.99,4.99
26459193,11758258,135,1,4.99,4.99
29346166,13040819,135,2,4.99,9.98
24079884,10702018,135,2,4.99,9.98
29269113,13006658,135,2,4.99,9.98
29939004,13304259,135,2,4.99,9.98
23502207,10445254,135,2,4.99,9.98
28566474,12694546,135,2,4.99,9.98
24408923,10848061,135,2,4.99,9.98
27584630,12258377,136,5,3.49,17.45
8787095,3906453,136,5,4.99,24.95
24260200,10781924,136,3,3.49,10.47
1872604,833349,136,3,4.99,14.97
30185911,13414230,136,1,3.49,3.49
29898275,13286070,136,1,3.49,3.49
25888354,11504605,136,1,3.49,3.49
26896993,11952856,136,1,3.49,3.49
23069846,10252815,136,1,3.49,3.49
27199976,12087600,136,1,3.49,3.49
23910554,10626571,136,1,3.49,3.49
27695376,12307448,136,1,3.49,3.49
30349791,13487169,136,1,3.49,3.49
28901704,12843474,136,1,3.49,3.49
24427272,10856107,136,1,3.49,3.49
24256728,10780393,136,1,3.49,3.49
23069844,10252815,136,1,3.49,3.49
29240434,12993953,136,1,3.49,3.49
26744980,11885073,136,1,3.49,3.49
23247214,10331829,136,1,3.49,3.49
23668082,10518990,136,1,3.49,3.49
28961052,12869756,136,1,3.49,3.49
27347926,12153323,136,1,3.49,3.49
25253078,11222692,136,1,3.49,3.49
26028509,11566792,136,1,3.49,3.49
27396681,12174912,136,1,3.49,3.49
23121947,10275940,136,1,3.49,3.49
29676338,13187594,136,1,3.49,3.49
27421209,12185727,136,1,3.49,3.49
24714269,10983911,136,2,3.49,6.98
24397031,10842758,136,2,3.49,6.98
24645292,10953284,136,2,3.49,6.98
27897377,12397407,136,2,3.49,6.98
23354240,10379532,136,4,3.49,13.96
24532314,10903054,136,4,3.49,13.96
22492304,9996792,136,1,4.99,4.99
6710423,2984202,136,1,4.99,4.99
6547214,2911745,136,1,4.99,4.99
1877936,835687,136,1,4.99,4.99
20181085,8970256,136,1,4.99,4.99
20181082,8970256,136,1,4.99,4.99
15487253,6883820,136,1,4.99,4.99
2210915,983901,136,1,4.99,4.99
13468468,5986705,136,1,4.99,4.99
15483034,6881918,136,1,4.99,4.99
22178862,9857719,136,1,4.99,4.99
8928605,3969513,136,1,4.99,4.99
17934030,7971286,136,1,4.99,4.99
13479283,5991561,136,1,4.99,4.99
10891132,4842885,136,1,4.99,4.99
13313479,5918043,136,2,4.99,9.98
8867760,3942369,136,2,4.99,9.98
4212683,1873849,136,4,4.99,19.96
13322840,5922205,137,5,5.49,27.45
23985914,10659985,137,1,4.49,4.49
28402784,12621695,137,1,4.49,4.49
29177965,12966236,137,1,4.49,4.49
28623311,12719810,137,1,4.49,4.49
25411147,11292880,137,1,4.49,4.49
30302071,13465964,137,1,4.49,4.49
24714653,10984071,137,1,4.49,4.49
28457258,12645851,137,1,4.49,4.49
23802764,10578810,137,1,4.49,4.49
24120473,10720222,137,1,4.49,4.49
30280152,13456236,137,1,4.49,4.49
30045262,13351606,137,1,4.49,4.49
24289217,10794857,137,1,4.49,4.49
27872128,12386203,137,1,4.49,4.49
29649334,13175587,137,1,4.49,4.49
29895096,13284671,137,1,4.49,4.49
27149616,12065246,137,1,4.49,4.49
26044689,11573956,137,1,4.49,4.49
24875782,11055527,137,1,4.49,4.49
26563098,11804452,137,1,4.49,4.49
24069421,10697307,137,1,4.49,4.49
25920538,11518876,137,1,4.49,4.49
22961886,10204928,137,1,4.49,4.49
28165290,12516098,137,1,4.49,4.49
22633203,10059220,137,1,4.49,4.49
22656512,10069581,137,1,4.49,4.49
26572171,11808483,137,1,4.49,4.49
28003840,12444504,137,1,4.49,4.49
30398435,13508878,137,1,4.49,4.49
29362714,13048162,137,1,4.49,4.49
27357556,12157605,137,1,4.49,4.49
25889724,11505225,137,1,4.49,4.49
29773145,13230550,137,1,4.49,4.49
28641564,12727919,137,1,4.49,4.49
29106955,12934557,137,1,4.49,4.49
28029789,12455987,137,1,4.49,4.49
4252595,1891642,137,1,5.49,5.49
17822093,7921509,137,1,5.49,5.49
13124438,5833888,137,1,5.49,5.49
13385489,5949959,137,1,5.49,5.49
22166301,9852058,137,1,5.49,5.49
20233612,8993701,137,1,5.49,5.49
17983486,7993346,137,1,5.49,5.49
2034863,905340,137,1,5.49,5.49
6380185,2837420,137,1,5.49,5.49
26880980,11945732,137,2,4.49,8.98
27265853,12116804,137,2,4.49,8.98
24932345,11080485,137,2,4.49,8.98
23730925,10546988,137,2,4.49,8.98
25408237,11291576,137,2,4.49,8.98
11223086,4990089,137,2,5.49,10.98
22189728,9862542,137,2,5.49,10.98
15643233,6953151,137,2,5.49,10.98
28712620,12759570,137,4,4.49,17.96
26274344,11676025,137,4,4.49,17.96
23985481,10659801,137,4,4.49,17.96
28704402,12755875,138,5,5.49,27.45
25571814,11364057,138,1,5.49,5.49
27342487,12150906,138,1,5.49,5.49
26852405,11932968,138,1,5.49,5.49
25335231,11259052,138,1,5.49,5.49
27667635,12295120,138,1,5.49,5.49
24175226,10744511,138,1,5.49,5.49
24357295,10825222,138,1,5.49,5.49
25937248,11526236,138,1,5.49,5.49
22892744,10174393,138,1,5.49,5.49
24770331,11008739,138,1,5.49,5.49
24326495,10811440,138,1,5.49,5.49
29914898,13293507,138,1,5.49,5.49
29287795,13014909,138,1,5.49,5.49
28669587,12740371,138,1,5.49,5.49
26339762,11705001,138,1,5.49,5.49
27543609,12240142,138,1,5.49,5.49
23990141,10661893,138,1,5.49,5.49
22972984,10209866,138,1,5.49,5.49
27875494,12387645,138,1,5.49,5.49
25530156,11345700,138,1,5.49,5.49
29179990,12967142,138,1,5.49,5.49
23708016,10536702,138,1,5.49,5.49
27768133,12339831,138,1,5.49,5.49
23877743,10611979,138,1,5.49,5.49
26201163,11643436,138,1,5.49,5.49
25189532,11194654,138,1,5.49,5.49
24320997,10809052,138,1,5.49,5.49
24216429,10762597,138,1,5.49,5.49
25034992,11126062,138,1,5.49,5.49
24875784,11055527,138,1,5.49,5.49
27877257,12388431,138,1,5.49,5.49
29595798,13151822,138,1,5.49,5.49
24213945,10761509,138,1,5.49,5.49
30053277,13355202,138,1,5.49,5.49
25562849,11360070,138,1,5.49,5.49
29690771,13194012,138,1,5.49,5.49
11183892,4972935,138,1,5.99,5.99
8666925,3852923,138,1,5.99,5.99
8881746,3948600,138,1,5.99,5.99
2007208,893093,138,1,5.99,5.99
13490735,5996617,138,1,5.99,5.99
4268756,1898792,138,1,5.99,5.99
17780655,7903076,138,1,5.99,5.99
13302737,5913282,138,1,5.99,5.99
6538437,2907849,138,1,5.99,5.99
17632247,7837267,138,1,5.99,5.99
26440764,11750085,138,2,5.49,10.98
30343265,13484226,138,2,5.49,10.98
25644566,11396295,138,2,5.49,10.98
25944516,11529405,138,2,5.49,10.98
24714267,10983911,138,2,5.49,10.98
24126139,10722725,138,2,5.49,10.98
28668021,12739691,138,2,5.49,10.98
6387473,2840663,138,2,5.99,11.98
27086004,12036987,138,4,5.49,21.96
23477394,10434255,138,4,5.49,21.96
26359056,11713579,138,4,5.49,21.96
30342100,13483709,138,4,5.49,21.96
2006105,892600,138,4,5.99,23.96
23502364,10445326,139,5,3.79,18.95
24637284,10949653,139,3,3.79,11.37
29750565,13220488,139,3,3.79,11.37
27247836,12108766,139,1,3.79,3.79
22811644,10138261,139,1,3.79,3.79
28533362,12679731,139,1,3.79,3.79
26561179,11803600,139,1,3.79,3.79
29528998,13122137,139,1,3.79,3.79
25424391,11298736,139,1,3.79,3.79
24899597,11066016,139,1,3.79,3.79
29927214,13299028,139,1,3.79,3.79
23823924,10588140,139,1,3.79,3.79
26875681,11943360,139,1,3.79,3.79
26802294,11910706,139,1,3.79,3.79
27735784,12325306,139,1,3.79,3.79
28915895,12849712,139,1,3.79,3.79
23108064,10269735,139,1,3.79,3.79
27699309,12309209,139,1,3.79,3.79
24400533,10844313,139,1,3.79,3.79
28657809,12735157,139,1,3.79,3.79
28467042,12650184,139,1,3.79,3.79
23939006,10639149,139,1,3.79,3.79
27850820,12376655,139,1,3.79,3.79
27810785,12358784,139,1,3.79,3.79
27619947,12274092,139,1,3.79,3.79
28961053,12869756,139,1,3.79,3.79
25005116,11112749,139,1,3.79,3.79
22684296,10081969,139,1,3.79,3.79
25186008,11193095,139,1,3.79,3.79
30250702,13443107,139,1,3.79,3.79
25181266,11191044,139,1,3.79,3.79
26465724,11761163,139,2,3.79,7.58
25498127,11331447,139,2,3.79,7.58
23930962,10635619,139,2,3.79,7.58
29198281,12975170,139,4,3.79,15.16
17754360,7891520,139,1,3.49,3.49
1861867,828571,139,1,3.49,3.49
4146121,1844351,139,1,3.49,3.49
20224779,8989764,139,1,3.49,3.49
8898172,3955941,139,1,3.49,3.49
13125019,5834155,139,1,3.49,3.49
10920139,4855719,139,1,3.49,3.49
1907815,848974,139,1,3.49,3.49
15512761,6895141,139,1,3.49,3.49
13212456,5873129,139,1,3.49,3.49
11206825,4982985,139,1,3.49,3.49
10952571,4870179,139,1,3.49,3.49
13455581,5981035,139,1,3.49,3.49
17706782,7870353,139,1,3.49,3.49
20225973,8990295,139,1,3.49,3.49
4433654,1971958,139,1,3.49,3.49
8939343,3974262,139,2,3.49,6.98
22398188,9955075,139,2,3.49,6.98
25501697,11333045,140,1,4.79,4.79
29604900,13155827,140,1,4.79,4.79
25169592,11185875,140,1,4.79,4.79
29081397,12923137,140,1,4.79,4.79
27039782,12016486,140,1,4.79,4.79
28125065,12498176,140,1,4.79,4.79
29523344,13119605,140,1,4.79,4.79
28283116,12568479,140,1,4.79,4.79
29329369,13033313,140,1,4.79,4.79
27395354,12174306,140,1,4.79,4.79
26391090,11727901,140,1,4.79,4.79
28626790,12721367,140,1,4.79,4.79
26284180,11680328,140,1,4.79,4.79
22839644,10150804,140,1,4.79,4.79
25263634,11227411,140,1,4.79,4.79
24620820,10942344,140,1,4.79,4.79
28283117,12568479,140,1,4.79,4.79
27161754,12070615,140,1,4.79,4.79
29305782,13022903,140,1,4.79,4.79
28443320,12639689,140,1,4.79,4.79
29898274,13286070,140,1,4.79,4.79
23440268,10417758,140,1,4.79,4.79
23306226,10358167,140,1,4.79,4.79
26214068,11649195,140,1,4.79,4.79
25489494,11327590,140,1,4.79,4.79
22899308,10177294,140,1,4.79,4.79
22722782,10098983,140,1,4.79,4.79
30038118,13348486,140,1,4.79,4.79
27587899,12259839,140,4,4.79,19.16
4457320,1982454,140,5,3.99,19.95
23267244,10340703,140,5,4.79,23.95
22767412,10118703,140,3,4.79,14.37
30389661,13504902,140,3,4.79,14.37
2042202,908582,140,1,3.99,3.99
15542124,6908142,140,1,3.99,3.99
13148103,5844418,140,1,3.99,3.99
17951527,7979056,140,1,3.99,3.99
20001388,8890442,140,1,3.99,3.99
10869872,4833347,140,1,3.99,3.99
22376335,9945396,140,1,3.99,3.99
6737361,2995964,140,1,3.99,3.99
15675391,6967419,140,1,3.99,3.99
20000934,8890239,140,1,3.99,3.99
17787892,7906310,140,1,3.99,3.99
4115637,1830820,140,1,3.99,3.99
2042205,908582,140,1,3.99,3.99
2210980,983934,140,1,3.99,3.99
11245331,4999904,140,1,3.99,3.99
17787891,7906310,140,1,3.99,3.99
20062928,8917817,140,1,3.99,3.99
24593843,10930408,141,3,5.79,17.37
28652780,12732922,141,3,5.79,17.37
24742761,10996479,141,3,5.79,17.37
25710816,11425698,141,3,5.79,17.37
23800577,10577850,141,3,5.79,17.37
29119111,12940071,141,1,5.79,5.79
30257849,13446282,141,1,5.79,5.79
26027165,11566197,141,1,5.79,5.79
29716411,13205392,141,1,5.79,5.79
24426017,10855562,141,1,5.79,5.79
29208174,12979629,141,1,5.79,5.79
29240430,12993953,141,1,5.79,5.79
24129236,10724098,141,1,5.79,5.79
23896242,10620200,141,1,5.79,5.79
29763328,13226182,141,1,5.79,5.79
28523034,12675119,141,1,5.79,5.79
29576114,13143192,141,1,5.79,5.79
27768134,12339831,141,1,5.79,5.79
30129368,13389037,141,1,5.79,5.79
25603369,11378066,141,1,5.79,5.79
29451665,13087634,141,1,5.79,5.79
29418224,13072730,141,1,5.79,5.79
27576427,12254719,141,1,5.79,5.79
25069916,11141608,141,1,5.79,5.79
22957004,10202738,141,1,5.79,5.79
27330022,12145447,141,1,5.79,5.79
22931388,10191457,141,1,5.79,5.79
30257635,13446194,141,1,5.79,5.79
27824282,12364856,141,1,5.79,5.79
22796694,10131632,141,1,5.79,5.79
27291602,12128212,141,1,5.79,5.79
23978026,10656478,141,1,5.79,5.79
29400223,13064876,141,2,5.79,11.58
25788683,11460358,141,2,5.79,11.58
28675064,12742858,141,2,5.79,11.58
23273210,10343429,141,2,5.79,11.58
24367700,10829818,141,2,5.79,11.58
28948909,12864362,141,2,5.79,11.58
23993693,10663501,141,2,5.79,11.58
23572267,10476338,141,2,5.79,11.58
23729756,10546467,141,2,5.79,11.58
30337033,13481526,141,4,5.79,23.16
28768428,12784415,141,4,5.79,23.16
10949823,4868971,141,5,4.49,22.45
2155423,959242,141,5,4.49,22.45
22251911,9890229,141,3,4.49,13.47
20183197,8971185,141,3,4.49,13.47
2177926,969246,141,1,4.49,4.49
2108528,938236,141,1,4.49,4.49
1943904,864898,141,1,4.49,4.49
1918231,853550,141,1,4.49,4.49
8876598,3946310,141,1,4.49,4.49
20032921,8904420,141,1,4.49,4.49
4375495,1946035,141,1,4.49,4.49
19987501,8884262,141,1,4.49,4.49
11161466,4962964,141,1,4.49,4.49
6678627,2970077,141,1,4.49,4.49
22171788,9854533,141,1,4.49,4.49
15488296,6884275,141,1,4.49,4.49
6744448,2999085,141,2,4.49,8.98
20103188,8935664,141,2,4.49,8.98
8867761,3942369,141,2,4.49,8.98
22226037,9878659,141,4,4.49,17.96
24563690,10916982,142,5,3.99,19.95
27739315,12326931,142,5,3.99,19.95
11041730,4910009,142,5,4.99,24.95
23186782,10304946,142,3,3.99,11.97
6576231,2924547,142,3,4.99,14.97
17927724,7968415,142,3,4.99,14.97
25393016,11284766,142,1,3.99,3.99
26973667,11986986,142,1,3.99,3.99
28707592,12757340,142,1,3.99,3.99
27718175,12317518,142,1,3.99,3.99
23925271,10633100,142,1,3.99,3.99
23154198,10290354,142,1,3.99,3.99
28853376,12822050,142,1,3.99,3.99
27112073,12048601,142,1,3.99,3.99
25077413,11144987,142,1,3.99,3.99
30302074,13465964,142,1,3.99,3.99
29634669,13169038,142,1,3.99,3.99
24334041,10814797,142,1,3.99,3.99
29174874,12964852,142,1,3.99,3.99
26874338,11942765,142,1,3.99,3.99
23517302,10451925,142,1,3.99,3.99
23791979,10574068,142,1,3.99,3.99
23905236,10624222,142,1,3.99,3.99
25501696,11333045,142,1,3.99,3.99
27281503,12123726,142,1,3.99,3.99
30114501,13382428,142,1,3.99,3.99
27591002,12261213,142,1,3.99,3.99
28915896,12849712,142,1,3.99,3.99
25591826,11372960,142,1,3.99,3.99
25309186,11247589,142,1,3.99,3.99
29515229,13116000,142,1,3.99,3.99
24557964,10914419,142,1,3.99,3.99
23697358,10532008,142,1,3.99,3.99
23712870,10538858,142,1,3.99,3.99
25722898,11431105,142,1,3.99,3.99
28402419,12621520,142,1,3.99,3.99
24311499,10804804,142,1,3.99,3.99
25408238,11291576,142,2,3.99,7.98
27141702,12061787,142,2,3.99,7.98
29030282,12900469,142,2,3.99,7.98
26477501,11766403,142,2,3.99,7.98
28865586,12827488,142,2,3.99,7.98
23512229,10449675,142,4,3.99,15.96
27086007,12036987,142,4,3.99,15.96
25652949,11399996,142,4,3.99,15.96
26012059,11559384,142,4,3.99,15.96
29520575,13118405,142,4,3.99,15.96
10902498,4847959,142,1,4.99,4.99
10994700,4888969,142,1,4.99,4.99
4477573,1991427,142,1,4.99,4.99
8993347,3998293,142,1,4.99,4.99
22473079,9988341,142,1,4.99,4.99
13400982,5956837,142,1,4.99,4.99
22451010,9978507,142,1,4.99,4.99
8900101,3956773,142,1,4.99,4.99
8990111,3996846,142,1,4.99,4.99
6600386,2935354,142,1,4.99,4.99
15410574,6849688,142,1,4.99,4.99
13354604,5936286,142,1,4.99,4.99
1918785,853782,142,1,4.99,4.99
10999757,4891270,142,2,4.99,9.98
8865706,3941461,142,2,4.99,9.98
6586281,2929053,142,2,4.99,9.98
20174757,8967423,142,2,4.99,9.98
8726853,3879593,142,2,4.99,9.98
15656266,6958921,143,5,5.49,27.45
24563691,10916982,143,5,2.99,14.95
24420199,10853009,143,5,2.99,14.95
27882401,12390769,143,3,2.99,8.97
29070388,12918201,143,3,2.99,8.97
29221595,12985513,143,3,2.99,8.97
24209213,10759415,143,1,2.99,2.99
23599284,10488380,143,1,2.99,2.99
24934280,11081365,143,1,2.99,2.99
25458293,11313823,143,1,2.99,2.99
24137293,10727698,143,1,2.99,2.99
28523033,12675119,143,1,2.99,2.99
26788106,11904353,143,1,2.99,2.99
26639750,11838300,143,1,2.99,2.99
26604790,11822836,143,1,2.99,2.99
27666108,12294414,143,1,2.99,2.99
29094796,12929105,143,1,2.99,2.99
26399372,11731592,143,1,2.99,2.99
26423279,11742280,143,1,2.99,2.99
28555880,12689876,143,1,2.99,2.99
28431311,12634377,143,1,2.99,2.99
23590722,10484549,143,1,2.99,2.99
27442087,12194930,143,1,2.99,2.99
23681004,10524710,143,1,2.99,2.99
28519138,12673375,143,1,2.99,2.99
25301402,11244178,143,1,2.99,2.99
25458292,11313823,143,1,2.99,2.99
26726480,11876797,143,1,2.99,2.99
26435518,11747741,143,1,2.99,2.99
28622054,12719230,143,2,2.99,5.98
23850609,10599925,143,2,2.99,5.98
26529743,11789651,143,2,2.99,5.98
25356023,11268360,143,2,2.99,5.98
22743215,10107984,143,2,2.99,5.98
28924996,12853729,143,4,2.99,11.96
22139995,9840507,143,1,5.49,5.49
20081234,8925963,143,1,5.49,5.49
22420465,9964918,143,1,5.49,5.49
11059762,4918042,143,1,5.49,5.49
13264099,5896138,143,1,5.49,5.49
20163388,8962410,143,2,5.49,10.98
17951711,7979132,143,2,5.49,10.98
23181294,10302490,144,5,1.99,9.95
26784789,11902887,144,5,1.99,9.95
24563688,10916982,144,5,1.99,9.95
1892475,842133,144,3,5.99,17.97
22508691,10004077,144,2,1.99,3.98
22877175,10167532,144,2,1.99,3.98
27972549,12430697,144,2,1.99,3.98
24096688,10709495,144,2,1.99,3.98
22604520,10046549,144,4,1.99,7.96
25611600,11381722,144,1,1.99,1.99
28308664,12579982,144,1,1.99,1.99
26668452,11851133,144,1,1.99,1.99
27137361,12059828,144,1,1.99,1.99
28216495,12538873,144,1,1.99,1.99
28588730,12704417,144,1,1.99,1.99
24583157,10925698,144,1,1.99,1.99
25513545,11338339,144,1,1.99,1.99
24620821,10942344,144,1,1.99,1.99
29170123,12962740,144,1,1.99,1.99
23947321,10642842,144,1,1.99,1.99
25422103,11297712,144,1,1.99,1.99
26090699,11594364,144,1,1.99,1.99
25089164,11150222,144,1,1.99,1.99
29222249,12985796,144,1,1.99,1.99
28269454,12562429,144,1,1.99,1.99
28557516,12690571,144,1,1.99,1.99
22780180,10124376,144,1,1.99,1.99
23091067,10262106,144,1,1.99,1.99
24180197,10746715,144,1,1.99,1.99
29951024,13309618,144,1,1.99,1.99
29258065,13001791,144,1,1.99,1.99
28438842,12637711,144,1,1.99,1.99
27855389,12378712,144,1,1.99,1.99
25310082,11247976,144,1,1.99,1.99
28712758,12759626,144,1,1.99,1.99
28780034,12789571,144,3,1.99,5.97
24851849,11044852,144,3,1.99,5.97
22223273,9877452,144,1,5.99,5.99
17686237,7861329,144,1,5.99,5.99
13142078,5841707,144,1,5.99,5.99
2073704,922692,144,1,5.99,5.99
6635814,2951088,144,1,5.99,5.99
22327330,9923767,144,1,5.99,5.99
4361996,1940017,144,1,5.99,5.99
19900785,8845664,144,1,5.99,5.99
1964903,874195,144,1,5.99,5.99
8815037,3918853,144,1,5.99,5.99
11050708,4913995,144,1,5.99,5.99
22310657,9916313,144,1,5.99,5.99
2202355,980058,144,1,5.99,5.99
6498028,2889814,144,2,5.99,11.98
26096582,11597002,145,5,1.99,9.95
15641191,6952237,145,3,4.49,13.47
28677152,12743803,145,2,1.99,3.98
27163866,12071552,145,2,1.99,3.98
24072219,10698575,145,2,1.99,3.98
25940118,11527484,145,4,1.99,7.96
24866012,11051198,145,4,1.99,7.96
30337567,13481753,145,1,1.99,1.99
27716692,12316880,145,1,1.99,1.99
23822117,10587349,145,1,1.99,1.99
29920228,13295884,145,1,1.99,1.99
27488398,12215642,145,1,1.99,1.99
27724974,12320526,145,1,1.99,1.99
26123194,11609025,145,1,1.99,1.99
27425618,12187700,145,1,1.99,1.99
25813236,11471276,145,1,1.99,1.99
30061973,13359090,145,1,1.99,1.99
26896991,11952856,145,1,1.99,1.99
27956115,12423399,145,1,1.99,1.99
23395967,10397966,145,1,1.99,1.99
28959151,12868947,145,1,1.99,1.99
22811643,10138261,145,1,1.99,1.99
27579454,12256087,145,1,1.99,1.99
25562851,11360070,145,1,1.99,1.99
28951523,12865534,145,1,1.99,1.99
23974546,10654931,145,1,1.99,1.99
22508821,10004130,145,1,1.99,1.99
26451243,11754766,145,1,1.99,1.99
23397309,10398539,145,1,1.99,1.99
24711585,10982713,145,1,1.99,1.99
22569839,10031151,145,1,1.99,1.99
25916996,11517297,145,1,1.99,1.99
28744383,12773728,145,1,1.99,1.99
26278148,11677671,145,1,1.99,1.99
22776056,10122543,145,1,1.99,1.99
23336301,10371606,145,1,1.99,1.99
28872046,12830352,145,1,1.99,1.99
25219602,11207868,145,1,1.99,1.99
26048476,11575650,145,1,1.99,1.99
26206450,11645756,145,1,1.99,1.99
23712868,10538858,145,1,1.99,1.99
27698554,12308887,145,1,1.99,1.99
23684515,10526284,145,1,1.99,1.99
24106029,10713727,145,1,1.99,1.99
24171578,10742874,145,1,1.99,1.99
19898792,8844784,145,1,4.49,4.49
15694265,6975816,145,1,4.49,4.49
13155401,5847670,145,1,4.49,4.49
15487252,6883820,145,1,4.49,4.49
8960603,3983803,145,1,4.49,4.49
4143576,1843206,145,1,4.49,4.49
22236148,9883122,145,1,4.49,4.49
22319881,9920481,145,1,4.49,4.49
13484608,5993939,145,1,4.49,4.49
15470972,6876578,145,1,4.49,4.49
17853217,7935482,145,1,4.49,4.49
13119412,5831665,145,1,4.49,4.49
6635816,2951088,145,1,4.49,4.49
4325166,1923712,145,2,4.49,8.98
22371398,9943195,145,2,4.49,8.98
2087048,928607,145,2,4.49,8.98
13259521,5894097,146,5,4.99,24.95
4174326,1856876,146,3,4.99,14.97
24440772,10862109,146,3,2.49,7.47
27513046,12226670,146,3,2.49,7.47
29980736,13322758,146,3,2.49,7.47
27747978,12330812,146,3,2.49,7.47
24808361,11025543,146,3,2.49,7.47
25782598,11457688,146,1,2.49,2.49
23985623,10659856,146,1,2.49,2.49
22561269,10027409,146,1,2.49,2.49
24120472,10720222,146,1,2.49,2.49
28649737,12731579,146,1,2.49,2.49
25502803,11333545,146,1,2.49,2.49
23831215,10591341,146,1,2.49,2.49
22714595,10095378,146,1,2.49,2.49
23978027,10656478,146,1,2.49,2.49
25521549,11341925,146,1,2.49,2.49
28128366,12499621,146,1,2.49,2.49
28360069,12602664,146,1,2.49,2.49
22806920,10136197,146,1,2.49,2.49
30122790,13386123,146,1,2.49,2.49
25568486,11362571,146,1,2.49,2.49
22721575,10098440,146,1,2.49,2.49
25605201,11378879,146,1,2.49,2.49
22740653,10106877,146,1,2.49,2.49
26476863,11766110,146,1,2.49,2.49
29392220,13061376,146,1,2.49,2.49
24071701,10698343,146,1,2.49,2.49
28072355,12474912,146,1,2.49,2.49
22540635,10018220,146,1,2.49,2.49
23505822,10446841,146,1,2.49,2.49
25079712,11146051,146,1,2.49,2.49
24693891,10974879,146,1,2.49,2.49
28736508,12770266,146,1,2.49,2.49
27595569,12263211,146,1,2.49,2.49
27297494,12130848,146,1,2.49,2.49
25069914,11141608,146,1,2.49,2.49
23740564,10551234,146,1,2.49,2.49
24870942,11053394,146,1,2.49,2.49
26561072,11803547,146,1,2.49,2.49
22705586,10091413,146,1,2.49,2.49
29285507,13013892,146,1,2.49,2.49
27454619,12200581,146,1,2.49,2.49
28924999,12853729,146,4,2.49,9.96
27931532,12412487,146,4,2.49,9.96
29748693,13219657,146,4,2.49,9.96
27388756,12171351,146,4,2.49,9.96
25640285,11394401,146,4,2.49,9.96
22492305,9996792,146,1,4.99,4.99
22322525,9921606,146,1,4.99,4.99
10902496,4847959,146,1,4.99,4.99
6726561,2991215,146,1,4.99,4.99
19928764,8858017,146,1,4.99,4.99
8907823,3960254,146,1,4.99,4.99
13439359,5973819,146,1,4.99,4.99
8666923,3852923,146,1,4.99,4.99
11161467,4962964,146,1,4.99,4.99
6714083,2985811,146,1,4.99,4.99
15692978,6975252,146,1,4.99,4.99
22150874,9845303,146,1,4.99,4.99
22427783,9968124,146,1,4.99,4.99
20201712,8979412,146,2,4.99,9.98
8733410,3882484,146,2,4.99,9.98
11226957,4991839,146,4,4.99,19.96
4338798,1929805,146,4,4.99,19.96
20143923,8953842,146,4,4.99,19.96
28925574,12853985,147,3,2.99,8.97
26083406,11591142,147,3,2.99,8.97
28245558,12551853,147,1,2.99,2.99
23563445,10472425,147,1,2.99,2.99
28872044,12830352,147,1,2.99,2.99
29240433,12993953,147,1,2.99,2.99
25595489,11374565,147,1,2.99,2.99
24071703,10698343,147,1,2.99,2.99
22621420,10054125,147,1,2.99,2.99
28235783,12547379,147,1,2.99,2.99
23871948,10609382,147,1,2.99,2.99
24157815,10736831,147,1,2.99,2.99
28421006,12629730,147,1,2.99,2.99
29923663,13297437,147,1,2.99,2.99
23630376,10502203,147,1,2.99,2.99
29604899,13155827,147,1,2.99,2.99
23247211,10331829,147,1,2.99,2.99
30102820,13377159,147,1,2.99,2.99
26285759,11681034,147,1,2.99,2.99
24537605,10905391,147,1,2.99,2.99
29598459,13152978,147,1,2.99,2.99
27005059,12000862,147,1,2.99,2.99
30372598,13497245,147,1,2.99,2.99
27411709,12181547,147,1,2.99,2.99
25058926,11136783,147,1,2.99,2.99
28017894,12450651,147,1,2.99,2.99
23696466,10531578,147,1,2.99,2.99
28655959,12734341,147,1,2.99,2.99
29651982,13176725,147,1,2.99,2.99
28016329,12449930,147,1,2.99,2.99
26596789,11819302,147,1,2.99,2.99
25263572,11227388,147,1,2.99,2.99
26493031,11773330,147,1,2.99,2.99
29548815,13130961,147,1,2.99,2.99
23110677,10270912,147,1,2.99,2.99
27896389,12396962,147,1,2.99,2.99
29608920,13157649,147,1,2.99,2.99
24630017,10946438,147,1,2.99,2.99
25083975,11147949,147,1,2.99,2.99
28182936,12523928,147,2,2.99,5.98
24932343,11080485,147,2,2.99,5.98
24552395,10911949,147,4,2.99,11.96
20049858,8911943,147,1,5.49,5.49
2062517,917648,147,1,5.49,5.49
8783414,3904865,147,1,5.49,5.49
13277247,5901923,147,1,5.49,5.49
1997582,888837,147,1,5.49,5.49
4432332,1971362,147,1,5.49,5.49
11191772,4976374,147,1,5.49,5.49
6416239,2853606,147,1,5.49,5.49
13133571,5837951,147,1,5.49,5.49
15426114,6856573,147,2,5.49,10.98
4206083,1870927,147,4,5.49,21.96
11158119,4961467,148,5,4.49,22.45
15496532,6887955,148,5,4.49,22.45
6596026,2933385,148,5,4.49,22.45
28644716,12729325,148,5,2.49,12.45
27747979,12330812,148,3,2.49,7.47
29649400,13175616,148,3,2.49,7.47
24753766,11001384,148,1,2.49,2.49
22904094,10179394,148,1,2.49,2.49
26573833,11809206,148,1,2.49,2.49
26456918,11757260,148,1,2.49,2.49
29755925,13222890,148,1,2.49,2.49
26254516,11667175,148,1,2.49,2.49
24473638,10876772,148,1,2.49,2.49
26320702,11696585,148,1,2.49,2.49
27087419,12037625,148,1,2.49,2.49
28498110,12664018,148,1,2.49,2.49
26561180,11803600,148,1,2.49,2.49
27894981,12396336,148,1,2.49,2.49
23684245,10526155,148,1,2.49,2.49
30102818,13377159,148,1,2.49,2.49
27556877,12246022,148,1,2.49,2.49
28438387,12637510,148,1,2.49,2.49
26099641,11598389,148,1,2.49,2.49
24576075,10922519,148,1,2.49,2.49
27323434,12142477,148,1,2.49,2.49
24129233,10724098,148,1,2.49,2.49
28324174,12586851,148,1,2.49,2.49
22705875,10091536,148,1,2.49,2.49
28514861,12671436,148,2,2.49,4.98
26727998,11877490,148,2,2.49,4.98
26972856,11986640,148,2,2.49,4.98
30163378,13404175,148,2,2.49,4.98
27817307,12361752,148,2,2.49,4.98
26330880,11701065,148,2,2.49,4.98
28348448,12597547,148,2,2.49,4.98
17804011,7913387,148,1,4.49,4.49
8622252,3832993,148,1,4.49,4.49
20237922,8995644,148,1,4.49,4.49
8666078,3852560,148,1,4.49,4.49
4112015,1829239,148,1,4.49,4.49
20114248,8940623,148,1,4.49,4.49
4443556,1976378,148,1,4.49,4.49
4139095,1841218,148,1,4.49,4.49
2173402,967256,148,1,4.49,4.49
4494330,1998974,148,1,4.49,4.49
19896596,8843813,148,2,4.49,8.98
6717218,2987142,148,2,4.49,8.98
2197720,977992,148,2,4.49,8.98
2020041,898822,149,5,4.99,24.95
25221447,11208694,149,5,2.99,14.95
29932981,13301568,149,5,2.99,14.95
27594711,12262838,149,3,2.99,8.97
30261250,13447837,149,3,2.99,8.97
26259446,11669340,149,3,2.99,8.97
25179646,11190326,149,3,2.99,8.97
26264317,11671522,149,3,2.99,8.97
2242015,997666,149,3,4.99,14.97
29181541,12967836,149,1,2.99,2.99
26055263,11578687,149,1,2.99,2.99
27192805,12084390,149,1,2.99,2.99
24421421,10853566,149,1,2.99,2.99
28464431,12649021,149,1,2.99,2.99
26365303,11716375,149,1,2.99,2.99
25263019,11227139,149,1,2.99,2.99
23744311,10552882,149,1,2.99,2.99
29429138,13077584,149,1,2.99,2.99
22526876,10012130,149,1,2.99,2.99
26164749,11627280,149,1,2.99,2.99
23252685,10334283,149,1,2.99,2.99
22581949,10036475,149,1,2.99,2.99
24374758,10832956,149,1,2.99,2.99
24646038,10953591,149,1,2.99,2.99
26811035,11914549,149,1,2.99,2.99
27792371,12350608,149,1,2.99,2.99
23155559,10290938,149,1,2.99,2.99
22740650,10106877,149,1,2.99,2.99
22508936,10004191,149,1,2.99,2.99
29956758,13312102,149,1,2.99,2.99
30401816,13510378,149,1,2.99,2.99
25203041,11200546,149,1,2.99,2.99
29533933,13124332,149,1,2.99,2.99
30280149,13456236,149,1,2.99,2.99
24204930,10757526,149,1,2.99,2.99
24770171,11008675,149,1,2.99,2.99
23679735,10524136,149,1,2.99,2.99
23925817,10633366,149,2,2.99,5.98
27366086,12161361,149,2,2.99,5.98
24334873,10815145,149,4,2.99,11.96
25624041,11387212,149,4,2.99,11.96
4355341,1937079,149,1,4.99,4.99
6485492,2884250,149,1,4.99,4.99
22469625,9986762,149,1,4.99,4.99
17860070,7938492,149,1,4.99,4.99
17941346,7974563,149,1,4.99,4.99
15468929,6875649,149,1,4.99,4.99
6558173,2916595,149,1,4.99,4.99
17973132,7988745,149,1,4.99,4.99
15495394,6887428,149,1,4.99,4.99
22171335,9854332,149,1,4.99,4.99
13484607,5993939,149,1,4.99,4.99
17986662,7994746,149,1,4.99,4.99
8942139,3975534,149,1,4.99,4.99
8720537,3876801,149,1,4.99,4.99
13388393,5951257,149,1,4.99,4.99
13427031,5968406,149,1,4.99,4.99
17919024,7964511,149,1,4.99,4.99
15518562,6897714,149,1,4.99,4.99
15659878,6960540,149,2,4.99,9.98
6527054,2902762,149,2,4.99,9.98
15699597,6978222,149,4,4.99,19.96
11174472,4968814,149,4,4.99,19.96
30069059,13362217,150,3,3.49,10.47
30016184,13338551,150,3,3.49,10.47
29693327,13195179,150,3,3.49,10.47
4460513,1983880,150,3,5.49,16.47
29625716,13165073,150,1,3.49,3.49
24525065,10899733,150,1,3.49,3.49
29942327,13305723,150,1,3.49,3.49
24660091,10959781,150,1,3.49,3.49
29451664,13087634,150,1,3.49,3.49
28457913,12646123,150,1,3.49,3.49
27576108,12254577,150,1,3.49,3.49
22950015,10199667,150,1,3.49,3.49
26123193,11609025,150,1,3.49,3.49
28447630,12641619,150,1,3.49,3.49
28365265,12605048,150,1,3.49,3.49
24686835,10971737,150,1,3.49,3.49
25530158,11345700,150,1,3.49,3.49
27930400,12411992,150,1,3.49,3.49
23403891,10401473,150,1,3.49,3.49
30435348,13525148,150,1,3.49,3.49
30143524,13395298,150,1,3.49,3.49
29317411,13028101,150,1,3.49,3.49
23252684,10334283,150,1,3.49,3.49
23730355,10546743,150,1,3.49,3.49
23624066,10499375,150,1,3.49,3.49
28872714,12830641,150,1,3.49,3.49
27661197,12292235,150,1,3.49,3.49
29643849,13173175,150,1,3.49,3.49
29595800,13151822,150,1,3.49,3.49
29166998,12961350,150,1,3.49,3.49
29372393,13052449,150,2,3.49,6.98
24367701,10829818,150,2,3.49,6.98
27813250,12359909,150,2,3.49,6.98
29266010,13005301,150,2,3.49,6.98
25624042,11387212,150,4,3.49,13.96
25720385,11429974,150,4,3.49,13.96
29198280,12975170,150,4,3.49,13.96
23985484,10659801,150,4,3.49,13.96
27977278,12432723,150,4,3.49,13.96
2051353,912627,150,1,5.49,5.49
20030223,8903210,150,1,5.49,5.49
8713477,3873671,150,1,5.49,5.49
22342315,9930280,150,1,5.49,5.49
6521603,2900362,150,1,5.49,5.49
8911134,3961729,150,1,5.49,5.49
19870500,8832061,150,1,5.49,5.49
22209517,9871330,150,1,5.49,5.49
17725507,7878678,150,1,5.49,5.49
20083375,8926921,150,1,5.49,5.49
20044619,8909670,150,1,5.49,5.49
6745572,2999580,150,1,5.49,5.49
6370574,2833077,150,1,5.49,5.49
15473182,6877538,150,1,5.49,5.49
8957683,3982473,150,1,5.49,5.49
2087047,928607,150,2,5.49,10.98
4204889,1870369,150,4,5.49,21.96
17656852,7848331,151,1,2,2
8690301,3863382,151,1,2,2
6384388,2839313,151,1,2,2
15596782,6932458,151,1,2,2
10859175,4828510,151,1,2,2
17910951,7960969,151,1,2,2
17646738,7843775,151,1,2,2
6396551,2844781,151,1,2,2
10902188,4847814,151,1,2,2
17632243,7837267,151,1,2,2
22364705,9940199,151,2,2,4
8741074,3885927,151,2,2,4
2038751,907074,151,2,2,4
20246123,8999299,151,4,2,8
22273146,9899705,151,5,2,10
28743781,12773461,151,5,1.99,9.95
29197247,12974730,151,5,1.99,9.95
25609069,11380594,151,5,1.99,9.95
30436159,13525491,151,2,1.99,3.98
26870546,11941057,151,2,1.99,3.98
25087271,11149404,151,2,1.99,3.98
25527382,11344483,151,2,1.99,3.98
23850610,10599925,151,2,1.99,3.98
29703947,13199873,151,2,1.99,3.98
25370092,11274612,151,2,1.99,3.98
26753848,11889001,151,4,1.99,7.96
29989648,13326715,151,4,1.99,7.96
25800957,11465788,151,1,1.99,1.99
26515976,11783567,151,1,1.99,1.99
25889726,11505225,151,1,1.99,1.99
26843741,11929065,151,1,1.99,1.99
29979614,13322265,151,1,1.99,1.99
26116502,11606064,151,1,1.99,1.99
30136264,13392124,151,1,1.99,1.99
27445239,12196307,151,1,1.99,1.99
25631706,11390602,151,1,1.99,1.99
23631836,10502865,151,1,1.99,1.99
24276823,10789342,151,1,1.99,1.99
23083350,10258698,151,1,1.99,1.99
25559795,11358742,151,1,1.99,1.99
29469494,13095568,151,1,1.99,1.99
29026242,12898674,151,1,1.99,1.99
22585309,10037979,151,1,1.99,1.99
23549869,10466427,151,1,1.99,1.99
29468097,13094965,151,1,1.99,1.99
23872751,10609730,151,1,1.99,1.99
29460642,13091640,151,3,1.99,5.97
26954249,11978349,151,3,1.99,5.97
20142608,8953260,152,1,3,3
10985542,4884941,152,1,3,3
8859314,3938598,152,1,3,3
4268755,1898792,152,1,3,3
4177131,1858072,152,1,3,3
20198898,8978160,152,1,3,3
6398481,2845660,152,1,3,3
6715074,2986251,152,1,3,3
17919021,7964511,152,1,3,3
22468544,9986287,152,1,3,3
4284974,1905928,152,1,3,3
22222784,9877231,152,2,3,6
1872603,833349,152,3,3,9
4417456,1964763,152,5,3,15
6596024,2933385,152,5,3,15
28562105,12692620,152,5,2.49,12.45
29946676,13307667,152,5,2.49,12.45
27211376,12092648,152,1,2.49,2.49
28557514,12690571,152,1,2.49,2.49
29018485,12895219,152,1,2.49,2.49
26300685,11687598,152,1,2.49,2.49
26378651,11722316,152,1,2.49,2.49
30077210,13365806,152,1,2.49,2.49
23886051,10615694,152,1,2.49,2.49
29122012,12941391,152,1,2.49,2.49
27813907,12360207,152,1,2.49,2.49
28935258,12858332,152,1,2.49,2.49
28260752,12558600,152,1,2.49,2.49
28523035,12675119,152,1,2.49,2.49
26193444,11639953,152,1,2.49,2.49
27727823,12321796,152,1,2.49,2.49
29664658,13182341,152,1,2.49,2.49
26875682,11943360,152,1,2.49,2.49
28569481,12695916,152,2,2.49,4.98
27040241,12016690,152,2,2.49,4.98
28231200,12545342,152,2,2.49,4.98
11183656,4972833,153,1,4,4
17787894,7906310,153,1,4,4
4477983,1991606,153,1,4,4
8871146,3943913,153,1,4,4
15398990,6844544,153,1,4,4
13250404,5889987,153,1,4,4
17672305,7855199,153,1,4,4
4237342,1884858,153,2,4,8
20162932,8962220,153,2,4,8
4460515,1983880,153,3,4,12
25251115,11221838,153,5,2.99,14.95
28777947,12788611,153,5,2.99,14.95
25186007,11193095,153,1,2.99,2.99
26778210,11899922,153,1,2.99,2.99
27281501,12123726,153,1,2.99,2.99
25526965,11344307,153,1,2.99,2.99
30098797,13375410,153,1,2.99,2.99
23202759,10312063,153,1,2.99,2.99
24278980,10790303,153,1,2.99,2.99
22782209,10125279,153,1,2.99,2.99
28308665,12579982,153,1,2.99,2.99
25743461,11440288,153,1,2.99,2.99
25259539,11225616,153,1,2.99,2.99
22721572,10098440,153,1,2.99,2.99
29950075,13309201,153,1,2.99,2.99
29106952,12934557,153,1,2.99,2.99
22693734,10086138,153,1,2.99,2.99
27788313,12348806,153,1,2.99,2.99
27728532,12322119,153,1,2.99,2.99
26492110,11772915,153,1,2.99,2.99
26472543,11764206,153,1,2.99,2.99
25707749,11424371,153,1,2.99,2.99
23475703,10433513,153,2,2.99,5.98
27324930,12143155,153,2,2.99,5.98
28608614,12713246,153,2,2.99,5.98
25498128,11331447,153,2,2.99,5.98
26174770,11631716,153,2,2.99,5.98
25497496,11331180,153,4,2.99,11.96
29520578,13118405,153,4,2.99,11.96
13262604,5895488,154,1,2,2
15687518,6972816,154,1,2,2
22267073,9897002,154,1,2,2
17678548,7857996,154,1,2,2
17859873,7938409,154,1,2,2
13148104,5844418,154,1,2,2
2010738,894656,154,1,2,2
4478688,1991910,154,1,2,2
1877935,835687,154,1,2,2
20142610,8953260,154,1,2,2
15484476,6882561,154,1,2,2
17750447,7889761,154,1,2,2
10891135,4842885,154,1,2,2
10905337,4849235,154,2,2,4
20019195,8898272,154,4,2,8
1875961,834817,154,5,2,10
10962650,4874669,154,5,2,10
27162861,12071117,154,3,4.99,14.97
28084318,12480209,154,3,4.99,14.97
23624763,10499672,154,1,4.99,4.99
29083886,12924212,154,1,4.99,4.99
27346510,12152698,154,1,4.99,4.99
27859420,12380527,154,1,4.99,4.99
23910644,10626607,154,1,4.99,4.99
24171579,10742874,154,1,4.99,4.99
24585840,10926839,154,1,4.99,4.99
27326677,12143935,154,1,4.99,4.99
27235926,12103481,154,1,4.99,4.99
25316431,11250793,154,1,4.99,4.99
24890536,11062044,154,1,4.99,4.99
28226810,12543422,154,1,4.99,4.99
28255115,12556083,154,1,4.99,4.99
23639837,10506410,154,1,4.99,4.99
28324173,12586851,154,1,4.99,4.99
28935259,12858332,154,1,4.99,4.99
28499450,12664597,154,1,4.99,4.99
26211205,11647922,154,1,4.99,4.99
24523121,10898858,154,1,4.99,4.99
28255117,12556083,154,1,4.99,4.99
22640796,10062566,154,1,4.99,4.99
25267169,11228975,154,1,4.99,4.99
26811033,11914549,154,1,4.99,4.99
25508155,11335942,154,1,4.99,4.99
28400875,12620856,154,1,4.99,4.99
29288446,13015205,154,1,4.99,4.99
28566471,12694546,154,2,4.99,9.98
24932346,11080485,154,2,4.99,9.98
29266011,13005301,154,2,4.99,9.98
4385825,1950577,155,1,3,3
17686966,7861659,155,1,3,3
22228867,9879896,155,1,3,3
22267075,9897002,155,1,3,3
6390079,2841816,155,1,3,3
17678549,7857996,155,1,3,3
22236152,9883122,155,1,3,3
6732351,2993724,155,1,3,3
4414705,1963533,155,1,3,3
4446802,1977802,155,1,3,3
6663470,2963278,155,1,3,3
4250620,1890767,155,1,3,3
13194889,5865290,155,2,3,6
19966690,8874988,155,2,3,6
20183193,8971185,155,3,3,9
13447085,5977243,155,3,3,9
10978701,4881847,155,5,3,15
8930862,3970493,155,5,3,15
29767164,13227872,155,5,3.99,19.95
25347381,11264461,155,5,3.99,19.95
25815663,11472338,155,3,3.99,11.97
28450051,12642662,155,3,3.99,11.97
28450048,12642662,155,3,3.99,11.97
29086936,12925608,155,3,3.99,11.97
30082076,13367975,155,3,3.99,11.97
28665167,12738441,155,3,3.99,11.97
25569229,11362895,155,1,3.99,3.99
30401818,13510378,155,1,3.99,3.99
22811579,10138236,155,1,3.99,3.99
24591899,10929526,155,1,3.99,3.99
25524737,11343327,155,1,3.99,3.99
27314734,12138612,155,1,3.99,3.99
29698995,13197685,155,1,3.99,3.99
26286597,11681388,155,1,3.99,3.99
28148817,12508789,155,1,3.99,3.99
22796695,10131632,155,1,3.99,3.99
25153029,11178548,155,1,3.99,3.99
28240029,12549355,155,1,3.99,3.99
29773146,13230550,155,1,3.99,3.99
25823383,11475801,155,1,3.99,3.99
24889625,11061638,155,1,3.99,3.99
23048991,10243616,155,1,3.99,3.99
28535590,12680764,155,1,3.99,3.99
28360768,12602976,155,1,3.99,3.99
29173257,12964129,155,1,3.99,3.99
30312066,13470431,155,1,3.99,3.99
24430820,10857681,155,1,3.99,3.99
24689454,10972896,155,1,3.99,3.99
26805393,11912078,155,1,3.99,3.99
24349192,10821569,155,2,3.99,7.98
22666899,10074147,155,2,3.99,7.98
25940117,11527484,155,4,3.99,15.96
27306041,12134697,155,4,3.99,15.96
4183763,1861060,156,1,4,4
13389765,5951851,156,1,4,4
11211898,4985182,156,1,4,4
10985516,4884934,156,1,4,4
8897681,3955720,156,1,4,4
15687520,6972816,156,1,4,4
22188167,9861841,156,1,4,4
20045387,8909983,156,1,4,4
11022573,4901382,156,1,4,4
20196545,8977117,156,1,4,4
19889125,8840453,156,1,4,4
13434082,5971541,156,1,4,4
13472603,5988593,156,1,4,4
8659755,3849731,156,1,4,4
17669959,7854163,156,1,4,4
6381146,2837856,156,1,4,4
22492624,9996928,156,1,4,4
15489711,6884899,156,2,4,8
6729780,2992604,156,2,4,8
19902287,8846338,156,3,4,12
20035192,8905495,156,3,4,12
17895552,7954128,156,4,4,16
4310677,1917288,156,5,4,20
24011998,10671705,156,5,5.99,29.95
24899934,11066155,156,5,5.99,29.95
28644717,12729325,156,5,5.99,29.95
29235004,12991534,156,3,5.99,17.97
22595415,10042484,156,3,5.99,17.97
27305511,12134445,156,1,5.99,5.99
24841190,11040163,156,1,5.99,5.99
29469493,13095568,156,1,5.99,5.99
28634334,12724669,156,1,5.99,5.99
25508152,11335942,156,1,5.99,5.99
27567823,12250889,156,1,5.99,5.99
25566307,11361615,156,1,5.99,5.99
24501566,10889180,156,1,5.99,5.99
29337257,13036819,156,1,5.99,5.99
29859125,13268823,156,1,5.99,5.99
25313062,11249300,156,1,5.99,5.99
25169594,11185875,156,1,5.99,5.99
27813624,12360088,156,1,5.99,5.99
25737360,11437547,156,1,5.99,5.99
26285760,11681034,156,1,5.99,5.99
23486338,10438212,156,1,5.99,5.99
29664660,13182341,156,1,5.99,5.99
29818134,13250592,156,1,5.99,5.99
28161153,12514272,156,1,5.99,5.99
26714042,11871304,156,1,5.99,5.99
27546062,12241242,156,1,5.99,5.99
24096689,10709495,156,2,5.99,11.98
26589963,11816322,156,4,5.99,23.96
22427717,9968096,157,1,3,3
6606022,2937807,157,1,3,3
15518563,6897714,157,1,3,3
6704665,2981621,157,1,3,3
11031461,4905378,157,1,3,3
8963057,3984883,157,1,3,3
4308466,1916342,157,1,3,3
19932660,8859748,157,1,3,3
8956249,3981859,157,1,3,3
13363388,5940176,157,1,3,3
15655701,6958679,157,2,3,6
22466562,9985379,157,3,3,9
4212681,1873849,157,4,3,12
25514044,11338580,157,5,2.99,14.95
28084316,12480209,157,3,2.99,8.97
28780036,12789571,157,3,2.99,8.97
23186784,10304946,157,3,2.99,8.97
26182343,11635023,157,3,2.99,8.97
30273978,13453508,157,3,2.99,8.97
26962172,11981907,157,1,2.99,2.99
27323435,12142477,157,1,2.99,2.99
26439311,11749434,157,1,2.99,2.99
22899310,10177294,157,1,2.99,2.99
28585551,12703022,157,1,2.99,2.99
25908089,11513367,157,1,2.99,2.99
26028508,11566792,157,1,2.99,2.99
28348936,12597758,157,1,2.99,2.99
30216165,13427785,157,1,2.99,2.99
29967685,13317019,157,1,2.99,2.99
23976468,10655781,157,1,2.99,2.99
27039780,12016486,157,1,2.99,2.99
24085341,10704430,157,1,2.99,2.99
27291600,12128212,157,1,2.99,2.99
28634330,12724669,157,1,2.99,2.99
26466766,11761625,157,1,2.99,2.99
23705930,10535782,157,1,2.99,2.99
28862492,12826105,157,1,2.99,2.99
28340522,12594059,157,1,2.99,2.99
27555117,12245276,157,1,2.99,2.99
25301383,11244172,157,1,2.99,2.99
23947322,10642842,157,1,2.99,2.99
25757348,11446480,157,1,2.99,2.99
24821110,11031249,157,1,2.99,2.99
22501128,10000695,157,1,2.99,2.99
29410857,13069485,157,1,2.99,2.99
29398731,13064234,157,1,2.99,2.99
24656680,10958264,157,2,2.99,5.98
23502209,10445254,157,2,2.99,5.98
24678790,10968076,157,2,2.99,5.98
26987502,11993131,157,4,2.99,11.96
27108627,12047064,157,4,2.99,11.96
17785010,7905040,158,1,4,4
13228802,5880396,158,1,4,4
22488299,9995031,158,1,4,4
17951524,7979056,158,1,4,4
17845878,7932224,158,1,4,4
4396100,1955197,158,1,4,4
4434352,1972289,158,1,4,4
6515118,2897488,158,1,4,4
15659675,6960459,158,1,4,4
22320807,9920868,158,1,4,4
17647020,7843909,158,1,4,4
8966380,3986348,158,1,4,4
15385814,6838655,158,1,4,4
2027479,902083,158,1,4,4
10984581,4884521,158,2,4,8
2197718,977992,158,2,4,8
8867172,3942099,158,5,4,20
8756909,3893053,158,5,4,20
25624592,11387453,158,3,3.49,10.47
23567432,10474185,158,1,3.49,3.49
28305297,12578465,158,1,3.49,3.49
25588300,11371393,158,1,3.49,3.49
29299154,13020006,158,1,3.49,3.49
25132010,11169299,158,1,3.49,3.49
23038035,10238719,158,1,3.49,3.49
29106953,12934557,158,1,3.49,3.49
25623593,11387015,158,1,3.49,3.49
29221850,12985623,158,1,3.49,3.49
25716389,11428190,158,1,3.49,3.49
28349644,12598055,158,1,3.49,3.49
30061970,13359090,158,1,3.49,3.49
23886049,10615694,158,1,3.49,3.49
29982212,13323418,158,1,3.49,3.49
29330991,13034035,158,1,3.49,3.49
24956847,11091296,158,1,3.49,3.49
28368830,12606657,158,1,3.49,3.49
23665407,10517788,158,1,3.49,3.49
22882155,10169765,158,1,3.49,3.49
26466768,11761625,158,1,3.49,3.49
26962171,11981907,158,1,3.49,3.49
25306610,11246455,158,1,3.49,3.49
30096768,13374521,158,1,3.49,3.49
26278147,11677671,158,1,3.49,3.49
30303427,13466545,158,1,3.49,3.49
23283314,10347948,158,1,3.49,3.49
25501699,11333045,158,1,3.49,3.49
23177461,10300787,158,1,3.49,3.49
30325580,13476410,158,1,3.49,3.49
23988034,10660943,158,1,3.49,3.49
24107688,10714461,158,2,3.49,6.98
24096691,10709495,158,2,3.49,6.98
26174772,11631716,158,2,3.49,6.98
26375959,11721129,158,4,3.49,13.96
17818094,7919727,159,1,5,5
11192254,4976579,159,1,5,5
15467781,6875133,159,1,5,5
4469557,1987865,159,1,5,5
6379173,2836974,159,1,5,5
17860068,7938492,159,1,5,5
20167354,8964164,159,1,5,5
22216622,9874474,159,1,5,5
6628800,2947959,159,1,5,5
2234095,994197,159,1,5,5
15506235,6892265,159,1,5,5
22463423,9984024,159,1,5,5
10974903,4880193,159,1,5,5
4178188,1858528,159,1,5,5
2027480,902083,159,1,5,5
22343473,9930785,159,2,5,10
4391011,1952905,159,4,5,20
24213491,10761305,159,5,3.99,19.95
28656317,12734499,159,5,3.99,19.95
28480867,12656343,159,3,3.99,11.97
23341495,10373897,159,1,3.99,3.99
27346028,12152454,159,1,3.99,3.99
26533134,11791129,159,1,3.99,3.99
23985915,10659985,159,1,3.99,3.99
27794050,12351367,159,1,3.99,3.99
25845559,11485671,159,1,3.99,3.99
23665404,10517788,159,1,3.99,3.99
24355199,10824294,159,1,3.99,3.99
29484218,13102164,159,1,3.99,3.99
28148818,12508789,159,1,3.99,3.99
23854502,10601633,159,1,3.99,3.99
25621173,11385914,159,1,3.99,3.99
30323393,13475443,159,1,3.99,3.99
27988336,12437663,159,1,3.99,3.99
27112075,12048601,159,1,3.99,3.99
23259735,10337366,159,1,3.99,3.99
23688839,10528250,159,1,3.99,3.99
23630379,10502203,159,1,3.99,3.99
26796099,11907976,159,1,3.99,3.99
24576074,10922519,159,1,3.99,3.99
25462437,11315659,159,1,3.99,3.99
26596376,11819124,159,1,3.99,3.99
25089114,11150204,159,1,3.99,3.99
23280938,10346935,159,1,3.99,3.99
30267787,13450778,159,1,3.99,3.99
27573525,12253437,159,2,3.99,7.98
22931749,10191624,159,2,3.99,7.98
23475704,10433513,159,2,3.99,7.98
25527380,11344483,159,2,3.99,7.98
25528572,11345009,159,2,3.99,7.98
22704514,10090938,159,2,3.99,7.98
24072220,10698575,159,2,3.99,7.98
23477395,10434255,159,4,3.99,15.96
24972666,11098303,159,4,3.99,15.96
22166300,9852058,160,1,3,3
10972515,4879113,160,1,3,3
2232877,993633,160,1,3,3
20055655,8914561,160,1,3,3
13490736,5996617,160,1,3,3
4349328,1934452,160,1,3,3
17745212,7887452,160,1,3,3
17804010,7913387,160,1,3,3
2210983,983934,160,1,3,3
19896597,8843813,160,2,3,6
4477029,1991191,160,2,3,6
22119107,9831311,160,3,3,9
6548663,2912382,160,5,3,15
8855221,3936768,160,5,3,15
29980735,13322758,160,3,3.49,10.47
24039702,10684069,160,3,3.49,10.47
24593841,10930408,160,3,3.49,10.47
23644258,10508334,160,1,3.49,3.49
27386282,12170231,160,1,3.49,3.49
26259339,11669292,160,1,3.49,3.49
28360767,12602976,160,1,3.49,3.49
22805355,10135473,160,1,3.49,3.49
24260154,10781906,160,1,3.49,3.49
23440271,10417758,160,1,3.49,3.49
28165824,12516324,160,1,3.49,3.49
30276021,13454404,160,1,3.49,3.49
24934281,11081365,160,1,3.49,3.49
24660129,10959798,160,1,3.49,3.49
25104744,11157152,160,1,3.49,3.49
26293023,11684235,160,1,3.49,3.49
23211760,10316079,160,1,3.49,3.49
23925820,10633366,160,2,3.49,6.98
24851324,11044614,160,4,3.49,13.96
30342099,13483709,160,4,3.49,13.96
23159625,10292708,160,4,3.49,13.96
23136375,10282397,160,4,3.49,13.96
27879573,12389511,160,4,3.49,13.96
24373761,10832508,160,4,3.49,13.96
6606025,2937807,161,1,4,4
11099825,4935830,161,1,4,4
2085509,927907,161,1,4,4
19895204,8843204,161,1,4,4
6450924,2868951,161,1,4,4
6720960,2988799,161,1,4,4
4135980,1839873,161,1,4,4
13275913,5901316,161,2,4,8
20144557,8954135,161,2,4,8
1905556,847972,161,4,4,16
11158118,4961467,161,5,4,20
19915301,8852058,161,5,4,20
29797874,13241528,161,5,3.99,19.95
25747485,11442053,161,5,3.99,19.95
29529541,13122373,161,3,3.99,11.97
28381657,12612335,161,3,3.99,11.97
22681369,10080624,161,1,3.99,3.99
30009453,13335554,161,1,3.99,3.99
26492706,11773179,161,1,3.99,3.99
27546060,12241242,161,1,3.99,3.99
24543021,10907781,161,1,3.99,3.99
27323433,12142477,161,1,3.99,3.99
29416621,13072023,161,1,3.99,3.99
26475373,11765444,161,1,3.99,3.99
22502173,10001163,161,1,3.99,3.99
29049739,12909089,161,1,3.99,3.99
26951354,11977099,161,1,3.99,3.99
29459849,13091292,161,1,3.99,3.99
24907897,11069729,161,1,3.99,3.99
26347990,11708628,161,1,3.99,3.99
23165561,10295397,161,1,3.99,3.99
26886552,11948228,161,1,3.99,3.99
27836351,12370266,161,1,3.99,3.99
23633515,10503603,161,1,3.99,3.99
22920198,10186546,161,1,3.99,3.99
30378982,13500134,161,1,3.99,3.99
24934284,11081365,161,1,3.99,3.99
24131935,10725306,161,1,3.99,3.99
24887108,11060503,161,1,3.99,3.99
24205682,10757861,161,1,3.99,3.99
24226753,10767230,161,1,3.99,3.99
28934793,12858112,161,1,3.99,3.99
24473636,10876772,161,1,3.99,3.99
22513815,10006328,161,2,3.99,7.98
30436157,13525491,161,2,3.99,7.98
22949048,10199230,161,2,3.99,7.98
24209453,10759519,161,2,3.99,7.98
25344604,11263235,161,2,3.99,7.98
23561042,10471377,161,4,3.99,15.96
25547554,11353412,161,4,3.99,15.96
10974901,4880193,162,1,5,5
19963544,8873578,162,1,5,5
2166713,964240,162,1,5,5
4477572,1991427,162,1,5,5
11160434,4962502,162,1,5,5
4174885,1857124,162,1,5,5
11099827,4935830,162,1,5,5
17735974,7883331,162,1,5,5
6606023,2937807,162,1,5,5
20098483,8933547,162,1,5,5
8768890,3898366,162,1,5,5
17983485,7993346,162,1,5,5
22129226,9835793,162,1,5,5
8650050,3845369,162,2,5,10
8897018,3955434,162,2,5,10
6664160,2963584,162,2,5,10
19966688,8874988,162,2,5,10
8726852,3879593,162,2,5,10
13326363,5923773,162,2,5,10
13195944,5865733,162,2,5,10
10927188,4858855,162,2,5,10
13380603,5947775,162,5,5,25
23502363,10445326,162,5,4.49,22.45
25820517,11474500,162,3,4.49,13.47
24642877,10952197,162,3,4.49,13.47
24256726,10780393,162,1,4.49,4.49
28657364,12734960,162,1,4.49,4.49
29568934,13139961,162,1,4.49,4.49
24444835,10863899,162,1,4.49,4.49
25965188,11538601,162,1,4.49,4.49
29704703,13200216,162,1,4.49,4.49
30401814,13510378,162,1,4.49,4.49
24951545,11088977,162,1,4.49,4.49
27556695,12245941,162,1,4.49,4.49
23945727,10642155,162,1,4.49,4.49
29832415,13256966,162,1,4.49,4.49
24374757,10832956,162,1,4.49,4.49
29968065,13317187,162,1,4.49,4.49
27556874,12246022,162,1,4.49,4.49
25301400,11244178,162,1,4.49,4.49
22805353,10135473,162,1,4.49,4.49
29576117,13143192,162,1,4.49,4.49
22502171,10001163,162,1,4.49,4.49
26870450,11941014,162,1,4.49,4.49
27375747,12165647,162,1,4.49,4.49
30398968,13509103,162,1,4.49,4.49
22985757,10215536,162,1,4.49,4.49
25996676,11552525,162,1,4.49,4.49
27035571,12014602,162,1,4.49,4.49
23271567,10342683,162,1,4.49,4.49
25729119,11433837,162,1,4.49,4.49
28626791,12721367,162,1,4.49,4.49
29529001,13122137,162,1,4.49,4.49
29160267,12958395,162,1,4.49,4.49
28685728,12747595,162,1,4.49,4.49
25449866,11310111,162,2,4.49,8.98
25311357,11248545,162,2,4.49,8.98
1890248,841168,163,1,3,3
22310059,9916047,163,1,3,3
11034722,4906838,163,1,3,3
17773650,7899995,163,1,3,3
17863343,7939924,163,1,3,3
13431059,5970194,163,1,3,3
20234235,8993990,163,1,3,3
15633028,6948591,163,1,3,3
6426131,2857975,163,1,3,3
22371399,9943195,163,2,3,6
4460514,1983880,163,3,3,9
20092764,8931067,163,5,3,15
20053805,8913731,163,5,3,15
26784790,11902887,163,5,3.99,19.95
26606949,11823806,163,5,3.99,19.95
25675297,11409998,163,5,3.99,19.95
24420201,10853009,163,5,3.99,19.95
28678399,12744345,163,5,3.99,19.95
24363822,10828085,163,3,3.99,11.97
27059023,12025013,163,1,3.99,3.99
28587765,12703977,163,1,3.99,3.99
29018487,12895219,163,1,3.99,3.99
23254486,10335081,163,1,3.99,3.99
26044184,11573742,163,1,3.99,3.99
27637956,12282015,163,1,3.99,3.99
29604898,13155827,163,1,3.99,3.99
23066316,10251281,163,1,3.99,3.99
27461081,12203484,163,1,3.99,3.99
29608918,13157649,163,1,3.99,3.99
25263635,11227411,163,1,3.99,3.99
23312535,10360984,163,1,3.99,3.99
26077577,11588589,163,1,3.99,3.99
27000577,11998918,163,1,3.99,3.99
27490416,12216573,163,1,3.99,3.99
24517253,10896257,163,1,3.99,3.99
23093547,10263259,163,1,3.99,3.99
29304275,13022198,163,1,3.99,3.99
22837750,10149997,163,1,3.99,3.99
28286660,12570043,163,1,3.99,3.99
28164789,12515867,163,1,3.99,3.99
24920978,11075458,163,1,3.99,3.99
28214885,12538155,163,1,3.99,3.99
23558847,10470399,163,1,3.99,3.99
29302870,13021590,163,1,3.99,3.99
26844140,11929243,163,1,3.99,3.99
23684243,10526155,163,1,3.99,3.99
29553257,13132930,163,1,3.99,3.99
29732217,13212445,163,1,3.99,3.99
22662537,10072259,163,1,3.99,3.99
23025649,10233258,163,1,3.99,3.99
30148313,13397466,163,1,3.99,3.99
27323614,12142557,163,1,3.99,3.99
29446184,13085210,163,1,3.99,3.99
24655486,10957736,163,1,3.99,3.99
27698555,12308887,163,1,3.99,3.99
24877898,11056457,163,1,3.99,3.99
28772008,12785962,163,1,3.99,3.99
22610363,10049173,163,2,3.99,7.98
25428885,11300768,163,2,3.99,7.98
28033218,12457528,163,4,3.99,15.96
20044226,8909501,164,1,4,4
2153322,958330,164,1,4,4
4486818,1995621,164,1,4,4
22345967,9931911,164,1,4,4
22387735,9950508,164,1,4,4
2031501,903870,164,1,4,4
20233611,8993701,164,1,4,4
6569525,2921609,164,1,4,4
13363073,5940035,164,2,4,8
2055209,914343,164,3,4,12
26289757,11682820,164,5,4.49,22.45
27321356,12141543,164,5,4.49,22.45
29537224,13125773,164,3,4.49,13.47
22974798,10210659,164,3,4.49,13.47
23893948,10619187,164,1,4.49,4.49
28816762,12805837,164,1,4.49,4.49
24407005,10847196,164,1,4.49,4.49
25301381,11244172,164,1,4.49,4.49
25819232,11473939,164,1,4.49,4.49
27520905,12230119,164,1,4.49,4.49
23617458,10496465,164,1,4.49,4.49
26441306,11750330,164,1,4.49,4.49
27493783,12218072,164,1,4.49,4.49
25749843,11443121,164,1,4.49,4.49
28092426,12483809,164,1,4.49,4.49
26055264,11578687,164,1,4.49,4.49
24264833,10783992,164,1,4.49,4.49
30214971,13427258,164,1,4.49,4.49
23309396,10359582,164,1,4.49,4.49
25081724,11146935,164,1,4.49,4.49
28057401,12468182,164,1,4.49,4.49
27011098,12003565,164,1,4.49,4.49
25569230,11362895,164,1,4.49,4.49
29684022,13191024,164,2,4.49,8.98
24096690,10709495,164,2,4.49,8.98
30098713,13375374,164,2,4.49,8.98
26552044,11799490,164,4,4.49,17.96
23149840,10288379,164,4,4.49,17.96
23149841,10288379,164,4,4.49,17.96
22163582,9850857,165,1,5,5
15543952,6908953,165,1,5,5
15571514,6921180,165,1,5,5
4464791,1985754,165,1,5,5
2153321,958330,165,1,5,5
11061749,4918947,165,1,5,5
2034862,905340,165,1,5,5
17888964,7951257,165,1,5,5
4313822,1918689,165,1,5,5
6697406,2978447,165,1,5,5
20181086,8970256,165,1,5,5
8624402,3833950,165,1,5,5
17743412,7886653,165,2,5,10
22117309,9830507,165,2,5,10
22406454,9958698,165,2,5,10
13491145,5996796,165,3,5,15
6366888,2831475,165,3,5,15
8923500,3967237,165,4,5,20
24124969,10722220,165,3,4.99,14.97
30273976,13453508,165,3,4.99,14.97
25641415,11394877,165,3,4.99,14.97
23771760,10565030,165,1,4.99,4.99
23639838,10506410,165,1,4.99,4.99
22633066,10059153,165,1,4.99,4.99
23527096,10456250,165,1,4.99,4.99
27555118,12245276,165,1,4.99,4.99
23155558,10290938,165,1,4.99,4.99
30089658,13371383,165,1,4.99,4.99
24167391,10741007,165,1,4.99,4.99
28457260,12645851,165,1,4.99,4.99
28421005,12629730,165,1,4.99,4.99
24424096,10854717,165,1,4.99,4.99
25437703,11304736,165,1,4.99,4.99
29811412,13247586,165,1,4.99,4.99
29942328,13305723,165,1,4.99,4.99
24175225,10744511,165,1,4.99,4.99
27036513,12015012,165,1,4.99,4.99
29748808,13219712,165,1,4.99,4.99
26508845,11780393,165,1,4.99,4.99
26009789,11558374,165,1,4.99,4.99
28961054,12869756,165,1,4.99,4.99
27930401,12411992,165,1,4.99,4.99
22876874,10167400,165,1,4.99,4.99
29979615,13322265,165,1,4.99,4.99
27913187,12404410,165,2,4.99,9.98
23503454,10445816,165,2,4.99,9.98
27929620,12411647,165,2,4.99,9.98
23850607,10599925,165,2,4.99,9.98
28348446,12597547,165,2,4.99,9.98
29684021,13191024,165,2,4.99,9.98
28200241,12531623,165,2,4.99,9.98
27929619,12411647,165,2,4.99,9.98
23876458,10611390,165,2,4.99,9.98
28163338,12515224,165,4,4.99,19.96
27161333,12070429,165,4,4.99,19.96
4477574,1991427,166,1,5,5
2177465,969056,166,1,5,5
6635128,2950779,166,1,5,5
8775082,3901157,166,1,5,5
4275589,1901783,166,1,5,5
2173401,967256,166,1,5,5
1967632,875447,166,1,5,5
10967868,4877015,166,1,5,5
6547215,2911745,166,1,5,5
15619365,6942497,166,1,5,5
4406910,1959994,166,1,5,5
6742628,2998248,166,1,5,5
8641545,3841567,166,4,5,20
29457829,13090377,166,5,4.99,24.95
25253666,11222967,166,5,4.99,24.95
25977310,11543902,166,3,4.99,14.97
27225957,12099098,166,3,4.99,14.97
23800580,10577850,166,3,4.99,14.97
28050773,12465258,166,3,4.99,14.97
25106653,11157975,166,1,4.99,4.99
24431092,10857804,166,1,4.99,4.99
23738321,10550283,166,1,4.99,4.99
25689788,11416475,166,1,4.99,4.99
24646037,10953591,166,1,4.99,4.99
25788216,11460142,166,1,4.99,4.99
26254216,11667046,166,1,4.99,4.99
30440868,13527576,166,1,4.99,4.99
25373026,11275923,166,1,4.99,4.99
27625380,12276476,166,1,4.99,4.99
24213947,10761509,166,1,4.99,4.99
27707318,12312801,166,1,4.99,4.99
25800956,11465788,166,1,4.99,4.99
26376731,11721465,166,1,4.99,4.99
25134483,11170411,166,1,4.99,4.99
28736507,12770266,166,1,4.99,4.99
25875301,11498803,166,1,4.99,4.99
27755809,12334326,166,1,4.99,4.99
29855950,13267418,166,1,4.99,4.99
27538600,12237945,166,1,4.99,4.99
29533934,13124332,166,1,4.99,4.99
24963620,11094305,166,1,4.99,4.99
29287796,13014909,166,1,4.99,4.99
27953916,12422450,166,1,4.99,4.99
29555645,13133992,166,1,4.99,4.99
22639844,10062134,166,1,4.99,4.99
24169242,10741815,166,1,4.99,4.99
22943146,10196736,166,2,4.99,9.98
25087270,11149404,166,2,4.99,9.98
26880978,11945732,166,2,4.99,9.98
25256957,11224464,166,2,4.99,9.98
24072218,10698575,166,2,4.99,9.98
30204604,13422645,166,4,4.99,19.96
26298700,11686716,166,4,4.99,19.96
24321806,10809411,166,4,4.99,19.96
11034720,4906838,167,1,6,6
6593722,2932355,167,1,6,6
8897679,3955720,167,1,6,6
20142607,8953260,167,1,6,6
13180846,5859048,167,1,6,6
15468930,6875649,167,1,6,6
22397342,9954722,167,1,6,6
4432334,1971362,167,1,6,6
22239421,9884591,167,1,6,6
4126667,1835714,167,1,6,6
6488620,2885646,167,1,6,6
13258170,5893479,167,1,6,6
8959261,3983182,167,2,6,12
13194890,5865290,167,2,6,12
8842343,3931021,167,2,6,12
8678332,3858050,167,2,6,12
17819811,7920489,167,3,6,18
11226954,4991839,167,4,6,24
22277201,9901513,167,4,6,24
23181295,10302490,167,5,7.99,39.95
24281450,10791397,167,5,7.99,39.95
26975822,11987966,167,5,7.99,39.95
25420443,11296977,167,3,7.99,23.97
27213230,12093491,167,1,7.99,7.99
23151734,10289247,167,1,7.99,7.99
23093548,10263259,167,1,7.99,7.99
27512440,12226411,167,1,7.99,7.99
28594791,12707124,167,1,7.99,7.99
29390825,13060761,167,1,7.99,7.99
28853375,12822050,167,1,7.99,7.99
24492287,10885033,167,1,7.99,7.99
22566783,10029793,167,1,7.99,7.99
25628225,11389041,167,1,7.99,7.99
26399371,11731592,167,1,7.99,7.99
27663785,12293361,167,1,7.99,7.99
26475370,11765444,167,1,7.99,7.99
29365227,13049326,167,1,7.99,7.99
27792372,12350608,167,1,7.99,7.99
28214055,12537783,167,1,7.99,7.99
25080471,11146390,167,1,7.99,7.99
29143062,12950769,167,1,7.99,7.99
27756191,12334497,167,1,7.99,7.99
22837751,10149997,167,1,7.99,7.99
25524735,11343327,167,1,7.99,7.99
29832413,13256966,167,1,7.99,7.99
25591827,11372960,167,1,7.99,7.99
22899458,10177356,167,1,7.99,7.99
26058726,11580225,167,1,7.99,7.99
26005968,11556669,167,1,7.99,7.99
29604897,13155827,167,1,7.99,7.99
26533736,11791394,167,1,7.99,7.99
29015817,12894025,167,1,7.99,7.99
29395342,13062708,167,2,7.99,15.98
25446007,11308424,167,2,7.99,15.98
24462247,10871630,167,4,7.99,31.96
4115636,1830820,168,1,7,7
10869869,4833347,168,1,7,7
22496437,9998640,168,1,7,7
4494419,1999010,168,1,7,7
6474379,2879377,168,1,7,7
6628803,2947959,168,1,7,7
13468469,5986705,168,1,7,7
20144597,8954154,168,1,7,7
13241696,5886117,168,1,7,7
15655702,6958679,168,2,7,14
10927236,4858876,168,2,7,14
17896630,7954599,168,3,7,21
17901293,7956660,168,4,7,28
20143924,8953842,168,4,7,28
17820193,7920667,168,5,7,35
27296795,12130517,168,5,6.99,34.95
25514046,11338580,168,5,6.99,34.95
29110576,12936197,168,5,6.99,34.95
26096578,11597002,168,5,6.99,34.95
25168344,11185326,168,5,6.99,34.95
28995039,12884766,168,3,6.99,20.97
26643165,11839850,168,3,6.99,20.97
26286705,11681438,168,1,6.99,6.99
22903616,10179187,168,1,6.99,6.99
22510901,10005035,168,1,6.99,6.99
30122794,13386123,168,1,6.99,6.99
29639864,13171380,168,1,6.99,6.99
27768136,12339831,168,1,6.99,6.99
29263421,13004178,168,1,6.99,6.99
23106013,10268844,168,1,6.99,6.99
27813316,12359938,168,1,6.99,6.99
26788108,11904353,168,1,6.99,6.99
23723627,10543673,168,1,6.99,6.99
23554911,10468686,168,1,6.99,6.99
25788218,11460142,168,1,6.99,6.99
27322109,12141883,168,1,6.99,6.99
26518340,11784598,168,1,6.99,6.99
29623405,13164088,168,1,6.99,6.99
23633514,10503603,168,1,6.99,6.99
25350937,11266074,168,1,6.99,6.99
26874769,11942965,168,1,6.99,6.99
24537604,10905391,168,1,6.99,6.99
26459192,11758258,168,1,6.99,6.99
27147223,12064217,168,1,6.99,6.99
26665759,11849919,168,1,6.99,6.99
29914365,13293258,168,1,6.99,6.99
22704515,10090938,168,2,6.99,13.98
30017308,13339048,168,2,6.99,13.98
13386805,5950563,169,1,4,4
1938377,862430,169,1,4,4
8746294,3888281,169,1,4,4
11125602,4947175,169,1,4,4
19999783,8889720,169,1,4,4
17990207,7996322,169,1,4,4
8990057,3996822,169,1,4,4
13431055,5970194,169,1,4,4
15414585,6851473,169,1,4,4
22376337,9945396,169,1,4,4
2177466,969056,169,1,4,4
22306327,9914396,169,1,4,4
4478686,1991910,169,1,4,4
20097079,8932941,169,4,4,16
11226955,4991839,169,4,4,16
8630826,3836789,169,5,4,20
13266966,5897378,169,5,4,20
23176061,10300131,169,5,2.99,14.95
28995040,12884766,169,3,2.99,8.97
28686478,12747935,169,1,2.99,2.99
29548813,13130961,169,1,2.99,2.99
23378967,10390493,169,1,2.99,2.99
22714594,10095378,169,1,2.99,2.99
28506980,12667921,169,1,2.99,2.99
30385874,13503224,169,1,2.99,2.99
24200218,10755480,169,1,2.99,2.99
22811577,10138236,169,1,2.99,2.99
23974547,10654931,169,1,2.99,2.99
27630300,12278668,169,1,2.99,2.99
25058780,11136723,169,1,2.99,2.99
26472545,11764206,169,1,2.99,2.99
28707591,12757340,169,1,2.99,2.99
24589565,10928472,169,1,2.99,2.99
24009325,10670515,169,1,2.99,2.99
28946792,12863436,169,1,2.99,2.99
28643008,12728589,169,1,2.99,2.99
22844366,10152876,169,1,2.99,2.99
29174875,12964852,169,1,2.99,2.99
27835345,12369812,169,1,2.99,2.99
23923492,10632289,169,1,2.99,2.99
28399781,12620363,169,1,2.99,2.99
26556251,11801335,169,1,2.99,2.99
26776748,11899266,169,1,2.99,2.99
27885424,12392103,169,1,2.99,2.99
23699166,10532822,169,1,2.99,2.99
29867212,13272427,169,1,2.99,2.99
30098964,13375474,169,1,2.99,2.99
28017549,12450504,169,2,2.99,5.98
23128446,10278895,169,2,2.99,5.98
27000185,11998754,169,2,2.99,5.98
23527748,10456537,169,2,2.99,5.98
25335169,11259025,169,2,2.99,5.98
30254723,13444885,169,2,2.99,5.98
23783798,10570439,169,4,2.99,11.96
22786495,10127177,169,4,2.99,11.96
22388433,9950812,170,1,5,5
19898793,8844784,170,1,5,5
20181084,8970256,170,1,5,5
4392308,1953501,170,1,5,5
6394203,2843716,170,1,5,5
6705748,2982123,170,1,5,5
20234234,8993990,170,1,5,5
15660639,6960863,170,1,5,5
2205628,981554,170,1,5,5
6676821,2969288,170,1,5,5
20022443,8899728,170,2,5,10
8892262,3953293,170,4,5,20
24919157,11074667,170,5,3.99,19.95
29900069,13286862,170,5,3.99,19.95
29402297,13065775,170,3,3.99,11.97
29649403,13175616,170,3,3.99,11.97
23128144,10278759,170,1,3.99,3.99
29110259,12936074,170,1,3.99,3.99
26895125,11952008,170,1,3.99,3.99
26122708,11608800,170,1,3.99,3.99
29924969,13298003,170,1,3.99,3.99
27433722,12191320,170,1,3.99,3.99
29459848,13091292,170,1,3.99,3.99
25051019,11133196,170,1,3.99,3.99
23259734,10337366,170,1,3.99,3.99
30042138,13350245,170,1,3.99,3.99
23419096,10408315,170,1,3.99,3.99
27038477,12015915,170,1,3.99,3.99
27708262,12313220,170,1,3.99,3.99
29964368,13315538,170,1,3.99,3.99
23277338,10345320,170,1,3.99,3.99
23608769,10492649,170,1,3.99,3.99
26189783,11638323,170,1,3.99,3.99
28446502,12641108,170,1,3.99,3.99
28735222,12769699,170,1,3.99,3.99
25114805,11161605,170,1,3.99,3.99
25250455,11221546,170,1,3.99,3.99
29818132,13250592,170,1,3.99,3.99
27169672,12074101,170,1,3.99,3.99
23203738,10312496,170,1,3.99,3.99
27275016,12120861,170,1,3.99,3.99
24819060,11030313,170,1,3.99,3.99
26807739,11913101,170,1,3.99,3.99
26330879,11701065,170,2,3.99,7.98
30116115,13383143,170,2,3.99,7.98
24751289,11000271,170,2,3.99,7.98
22885716,10171330,170,2,3.99,7.98
24055907,10691217,170,4,3.99,15.96
24178161,10745797,170,4,3.99,15.96
23704020,10534940,170,4,3.99,15.96
22427781,9968124,171,1,6,6
22178859,9857719,171,1,6,6
6403170,2847727,171,1,6,6
20012967,8895547,171,1,6,6
17775329,7900753,171,1,6,6
4284971,1905928,171,1,6,6
13142076,5841707,171,1,6,6
6448354,2867806,171,1,6,6
8704291,3869586,171,1,6,6
10884398,4839885,171,2,6,12
8942377,3975640,171,2,6,12
8650051,3845369,171,2,6,12
4212680,1873849,171,4,6,24
24919154,11074667,171,5,4.99,24.95
26096581,11597002,171,5,4.99,24.95
27162862,12071117,171,3,4.99,14.97
28108069,12490783,171,3,4.99,14.97
27087420,12037625,171,1,4.99,4.99
26714044,11871304,171,1,4.99,4.99
28220567,12540666,171,1,4.99,4.99
25996615,11552502,171,1,4.99,4.99
24444836,10863899,171,1,4.99,4.99
30136707,13392318,171,1,4.99,4.99
29995869,13329478,171,1,4.99,4.99
28709176,12758030,171,1,4.99,4.99
28657365,12734960,171,1,4.99,4.99
25633788,11391536,171,1,4.99,4.99
29962143,13314523,171,1,4.99,4.99
29863647,13270846,171,1,4.99,4.99
30411390,13514536,171,1,4.99,4.99
25339560,11261019,171,1,4.99,4.99
27788316,12348806,171,1,4.99,4.99
29953995,13310917,171,1,4.99,4.99
27199365,12087333,171,1,4.99,4.99
30102821,13377159,171,1,4.99,4.99
26293024,11684235,171,1,4.99,4.99
24501569,10889180,171,1,4.99,4.99
22906992,10180657,171,1,4.99,4.99
28534030,12680033,171,1,4.99,4.99
27890784,12394488,171,1,4.99,4.99
24031444,10680428,171,1,4.99,4.99
24754012,11001497,171,1,4.99,4.99
25089113,11150204,171,1,4.99,4.99
29212503,12981547,171,1,4.99,4.99
25051292,11133315,171,2,4.99,9.98
30374056,13497922,171,2,4.99,9.98
25375856,11277176,171,2,4.99,9.98
27065791,12028031,171,2,4.99,9.98
28155314,12511686,171,2,4.99,9.98
27169953,12074227,171,2,4.99,9.98
29362670,13048139,171,2,4.99,9.98
26300937,11687716,171,4,4.99,19.96
29031113,12900845,172,5,2.99,14.95
24015833,10673402,172,3,2.99,8.97
20087643,8928795,172,3,3.99,11.97
24087563,10705437,172,1,2.99,2.99
28614676,12715930,172,1,2.99,2.99
28076093,12476584,172,1,2.99,2.99
24571699,10920563,172,1,2.99,2.99
28968834,12873224,172,1,2.99,2.99
24776965,11011695,172,1,2.99,2.99
29174872,12964852,172,1,2.99,2.99
22844368,10152876,172,1,2.99,2.99
23378417,10390249,172,1,2.99,2.99
26684207,11858139,172,1,2.99,2.99
25889723,11505225,172,1,2.99,2.99
23830631,10591091,172,1,2.99,2.99
27458958,12202537,172,1,2.99,2.99
28621748,12719096,172,1,2.99,2.99
24205683,10757861,172,1,2.99,2.99
23571526,10475990,172,1,2.99,2.99
28286862,12570142,172,1,2.99,2.99
23010629,10226563,172,1,2.99,2.99
27531217,12234678,172,1,2.99,2.99
13379169,5947154,172,1,3.99,3.99
22376334,9945396,172,1,3.99,3.99
19959755,8871884,172,1,3.99,3.99
8842043,3930893,172,1,3.99,3.99
13364339,5940579,172,1,3.99,3.99
6403928,2848061,172,1,3.99,3.99
22306328,9914396,172,1,3.99,3.99
4158687,1849939,172,1,3.99,3.99
15596783,6932458,172,1,3.99,3.99
17672883,7855465,172,1,3.99,3.99
6610018,2939585,172,1,3.99,3.99
6365400,2830816,172,1,3.99,3.99
13392652,5953137,172,1,3.99,3.99
11183657,4972833,172,1,3.99,3.99
6745571,2999580,172,1,3.99,3.99
22246331,9887712,172,1,3.99,3.99
25498291,11331515,172,2,2.99,5.98
29346168,13040819,172,2,2.99,5.98
10905336,4849235,172,2,3.99,7.98
15472551,6877268,172,2,3.99,7.98
2001670,890617,172,2,3.99,7.98
23913956,10628071,172,4,2.99,11.96
25547556,11353412,172,4,2.99,11.96
2020043,898822,173,5,4.49,22.45
8855222,3936768,173,5,4.49,22.45
27405263,12178720,173,5,3.99,19.95
24213492,10761305,173,5,3.99,19.95
23590171,10484310,173,5,3.99,19.95
29202189,12976892,173,5,3.99,19.95
25610406,11381203,173,3,3.99,11.97
29980733,13322758,173,3,3.99,11.97
24256727,10780393,173,1,3.99,3.99
24897760,11065194,173,1,3.99,3.99
26630501,11834219,173,1,3.99,3.99
27718176,12317518,173,1,3.99,3.99
28649739,12731579,173,1,3.99,3.99
27813521,12360043,173,1,3.99,3.99
27836144,12370166,173,1,3.99,3.99
22589864,10040004,173,1,3.99,3.99
26008839,11557943,173,1,3.99,3.99
22592766,10041310,173,1,3.99,3.99
26439400,11749470,173,1,3.99,3.99
28916351,12849910,173,1,3.99,3.99
25696410,11419434,173,1,3.99,3.99
27424656,12187261,173,1,3.99,3.99
29391665,13061138,173,1,3.99,3.99
22794448,10130680,173,1,3.99,3.99
25089166,11150222,173,1,3.99,3.99
23107957,10269685,173,1,3.99,3.99
29337260,13036819,173,1,3.99,3.99
24087564,10705437,173,1,3.99,3.99
28872716,12830641,173,1,3.99,3.99
26923302,11964599,173,1,3.99,3.99
29086024,12925184,173,1,3.99,3.99
26254831,11667311,173,1,3.99,3.99
22721574,10098440,173,1,3.99,3.99
24146158,10731657,173,1,3.99,3.99
24537603,10905391,173,1,3.99,3.99
24213946,10761509,173,1,3.99,3.99
22903613,10179187,173,1,3.99,3.99
27051696,12021730,173,1,3.99,3.99
22800692,10133388,173,1,3.99,3.99
27824279,12364856,173,1,3.99,3.99
26510239,11781000,173,1,3.99,3.99
27193928,12084902,173,1,3.99,3.99
27429092,12189238,173,1,3.99,3.99
27896388,12396962,173,1,3.99,3.99
22515380,10007006,173,1,3.99,3.99
26529741,11789651,173,2,3.99,7.98
28718113,12762010,173,2,3.99,7.98
24178160,10745797,173,4,3.99,15.96
30377204,13499343,173,4,3.99,15.96
15660637,6960863,173,1,4.49,4.49
2085794,928035,173,1,4.49,4.49
17703662,7868984,173,1,4.49,4.49
13138146,5839966,173,1,4.49,4.49
15544020,6908984,173,1,4.49,4.49
10897278,4845625,173,1,4.49,4.49
4192496,1864925,173,1,4.49,4.49
4413188,1962842,173,1,4.49,4.49
11085203,4929288,173,1,4.49,4.49
4373765,1945263,173,2,4.49,8.98
4466207,1986401,173,2,4.49,8.98
20025971,8901283,173,2,4.49,8.98
20110167,8938806,173,2,4.49,8.98
13195947,5865733,173,2,4.49,8.98
22198937,9866634,173,4,4.49,17.96
4338796,1929805,173,4,4.49,17.96
22298118,9910708,174,5,4.99,24.95
29070391,12918201,174,3,4.99,14.97
15501598,6890207,174,1,4.99,4.99
2176081,968442,174,1,4.99,4.99
26451241,11754766,174,1,4.99,4.99
23905235,10624222,174,1,4.99,4.99
6403927,2848061,174,1,4.99,4.99
22509438,10004414,174,1,4.99,4.99
28887321,12837158,174,1,4.99,4.99
24752535,11000841,174,1,4.99,4.99
23810162,10582067,174,1,4.99,4.99
29204671,12978025,174,1,4.99,4.99
6521604,2900362,174,1,4.99,4.99
22962102,10205020,174,1,4.99,4.99
25422101,11297712,174,1,4.99,4.99
11119932,4944688,174,1,4.99,4.99
25444385,11307704,174,1,4.99,4.99
17676895,7857265,174,1,4.99,4.99
25797834,11464398,174,1,4.99,4.99
1936387,861538,174,1,4.99,4.99
11050709,4913995,174,1,4.99,4.99
27073160,12031307,174,1,4.99,4.99
25277539,11233580,174,1,4.99,4.99
29459851,13091292,174,1,4.99,4.99
27386279,12170231,174,1,4.99,4.99
25330515,11256979,174,1,4.99,4.99
20155054,8958751,174,1,4.99,4.99
28006643,12445701,174,1,4.99,4.99
6608652,2938958,174,1,4.99,4.99
25562853,11360070,174,1,4.99,4.99
27753766,12333422,174,1,4.99,4.99
25478948,11322951,174,1,4.99,4.99
27282197,12124011,174,1,4.99,4.99
19987500,8884262,174,1,4.99,4.99
29178029,12966263,174,1,4.99,4.99
28010571,12447434,174,2,4.99,9.98
24338198,10816646,174,2,4.99,9.98
27561794,12248184,174,2,4.99,9.98
13152940,5846593,174,2,4.99,9.98
6410076,2850843,174,2,4.99,9.98
24397032,10842758,174,2,4.99,9.98
29149625,12953697,174,2,4.99,9.98
23850606,10599925,174,2,4.99,9.98
6419560,2855098,174,2,4.99,9.98
26423390,11742329,174,4,4.99,19.96
20143922,8953842,174,4,4.99,19.96
22226033,9878659,174,4,4.99,19.96
27713981,12315687,175,5,2.99,14.95
28477364,12654774,175,3,2.99,8.97
4174327,1856876,175,3,2.99,8.97
20070130,8921001,175,1,2.99,2.99
4139093,1841218,175,1,2.99,2.99
23875905,10611154,175,1,2.99,2.99
28807254,12801606,175,1,2.99,2.99
24357296,10825222,175,1,2.99,2.99
29144513,12951378,175,1,2.99,2.99
28904947,12844879,175,1,2.99,2.99
25358907,11269650,175,1,2.99,2.99
26918216,11962347,175,1,2.99,2.99
13229729,5880792,175,1,2.99,2.99
15432912,6859592,175,1,2.99,2.99
26721577,11874635,175,1,2.99,2.99
26164751,11627280,175,1,2.99,2.99
1909125,849553,175,1,2.99,2.99
26020508,11563213,175,1,2.99,2.99
23086867,10260226,175,1,2.99,2.99
24325399,10810963,175,1,2.99,2.99
17898457,7955391,175,1,2.99,2.99
25443024,11307083,175,1,2.99,2.99
28895845,12840930,175,1,2.99,2.99
2194286,976487,175,1,2.99,2.99
22903615,10179187,175,1,2.99,2.99
8751111,3890493,175,1,2.99,2.99
27808931,12357948,175,1,2.99,2.99
17661500,7850394,175,1,2.99,2.99
1936389,861538,175,1,2.99,2.99
30073374,13364110,175,1,2.99,2.99
13138803,5840263,175,1,2.99,2.99
22789164,10128369,175,1,2.99,2.99
23168591,10296776,175,1,2.99,2.99
6612603,2940703,175,1,2.99,2.99
15468067,6875265,175,1,2.99,2.99
26357602,11712919,175,2,2.99,5.98
28876098,12832148,175,2,2.99,5.98
23092127,10262572,175,2,2.99,5.98
22762416,10116469,175,2,2.99,5.98
22383004,9948367,175,4,2.99,11.96
26954252,11978349,176,3,3.99,11.97
6537451,2907412,176,1,3.49,3.49
22395760,9954030,176,1,3.49,3.49
20049856,8911943,176,1,3.49,3.49
22427779,9968124,176,1,3.49,3.49
13439714,5973980,176,1,3.49,3.49
10902326,4847880,176,1,3.49,3.49
15566351,6918900,176,1,3.49,3.49
4434351,1972289,176,1,3.49,3.49
13379166,5947154,176,1,3.49,3.49
20045391,8909983,176,1,3.49,3.49
2051084,912515,176,1,3.49,3.49
24618241,10941185,176,1,3.99,3.99
26820202,11918599,176,1,3.99,3.99
29087444,12925822,176,1,3.99,3.99
24351560,10822661,176,1,3.99,3.99
26193442,11639953,176,1,3.99,3.99
30031056,13345296,176,1,3.99,3.99
23868524,10607865,176,1,3.99,3.99
28498111,12664018,176,1,3.99,3.99
30385594,13503096,176,1,3.99,3.99
29117213,12939192,176,1,3.99,3.99
26715401,11871893,176,1,3.99,3.99
29553255,13132930,176,1,3.99,3.99
22570793,10031587,176,1,3.99,3.99
29173960,12964431,176,1,3.99,3.99
29170121,12962740,176,1,3.99,3.99
24640071,10950923,176,1,3.99,3.99
26714041,11871304,176,1,3.99,3.99
23069843,10252815,176,1,3.99,3.99
23875906,10611154,176,1,3.99,3.99
24770332,11008739,176,1,3.99,3.99
25279636,11234528,176,1,3.99,3.99
27493781,12218072,176,1,3.99,3.99
28585553,12703022,176,1,3.99,3.99
28034516,12458122,176,2,3.99,7.98
30254725,13444885,176,2,3.99,7.98
29159622,12958137,176,4,3.99,15.96
13316865,5919551,177,5,3.99,19.95
30020844,13340647,177,5,4.99,24.95
25191707,11195582,177,3,4.99,14.97
27243078,12106673,177,3,4.99,14.97
4280140,1903802,177,1,3.99,3.99
15633629,6948858,177,1,3.99,3.99
8663259,3851300,177,1,3.99,3.99
1947035,866288,177,1,3.99,3.99
4284975,1905928,177,1,3.99,3.99
13379168,5947154,177,1,3.99,3.99
10894783,4844499,177,1,3.99,3.99
2177467,969056,177,1,3.99,3.99
1975696,879028,177,1,3.99,3.99
15560241,6916175,177,1,3.99,3.99
10999754,4891270,177,2,3.99,7.98
8842344,3931021,177,2,3.99,7.98
22222786,9877231,177,2,3.99,7.98
4385691,1950516,177,4,3.99,15.96
23211759,10316079,177,1,4.99,4.99
29303278,13021776,177,1,4.99,4.99
30420031,13518315,177,1,4.99,4.99
29919524,13295565,177,1,4.99,4.99
26009792,11558374,177,1,4.99,4.99
25306611,11246455,177,1,4.99,4.99
23643304,10507922,177,1,4.99,4.99
23280936,10346935,177,1,4.99,4.99
27375745,12165647,177,1,4.99,4.99
25335233,11259052,177,1,4.99,4.99
24775858,11011207,177,1,4.99,4.99
23409667,10404074,177,1,4.99,4.99
28335798,12592002,177,1,4.99,4.99
24131934,10725306,177,1,4.99,4.99
24031440,10680428,177,1,4.99,4.99
25460863,11314948,177,1,4.99,4.99
28255118,12556083,177,1,4.99,4.99
25339562,11261019,177,1,4.99,4.99
22678105,10079167,177,1,4.99,4.99
30351464,13487899,177,1,4.99,4.99
26146871,11619438,177,1,4.99,4.99
30398971,13509103,177,1,4.99,4.99
25728422,11433529,177,1,4.99,4.99
22585310,10037979,177,1,4.99,4.99
25453417,11311689,177,1,4.99,4.99
22640276,10062338,177,1,4.99,4.99
27576107,12254577,177,1,4.99,4.99
22953103,10201039,177,2,4.99,9.98
29694253,13195588,177,2,4.99,9.98
25116212,11162234,177,2,4.99,9.98
28295150,12573841,177,2,4.99,9.98
23499712,10444116,177,2,4.99,9.98
28107411,12490495,177,2,4.99,9.98
24656677,10958264,177,2,4.99,9.98
30184296,13413544,177,2,4.99,9.98
23612025,10494097,177,4,4.99,19.96
19915303,8852058,178,5,3.99,19.95
29110577,12936197,178,5,3.99,19.95
24818261,11029959,178,3,3.99,11.97
25393327,11284898,178,1,3.99,3.99
27556876,12246022,178,1,3.99,3.99
24123994,10721773,178,1,3.99,3.99
28308663,12579982,178,1,3.99,3.99
23411778,10405020,178,1,3.99,3.99
29304421,13022265,178,1,3.99,3.99
29780537,13233844,178,1,3.99,3.99
10947102,4867740,178,1,3.99,3.99
23684244,10526155,178,1,3.99,3.99
19912311,8850739,178,1,3.99,3.99
23277339,10345320,178,1,3.99,3.99
6403169,2847727,178,1,3.99,3.99
23896241,10620200,178,1,3.99,3.99
29979612,13322265,178,1,3.99,3.99
8793329,3909257,178,1,3.99,3.99
24934282,11081365,178,1,3.99,3.99
23075911,10255484,178,1,3.99,3.99
13437507,5973051,178,1,3.99,3.99
26838060,11926505,178,1,3.99,3.99
24209214,10759415,178,1,3.99,3.99
25081723,11146935,178,1,3.99,3.99
28168981,12517715,178,1,3.99,3.99
23944450,10641595,178,1,3.99,3.99
29213417,12981928,178,1,3.99,3.99
26596790,11819302,178,1,3.99,3.99
1926775,857305,178,1,3.99,3.99
29270262,13007174,178,1,3.99,3.99
22920199,10186546,178,1,3.99,3.99
29071391,12918676,178,1,3.99,3.99
29979611,13322265,178,1,3.99,3.99
4469559,1987865,178,1,3.99,3.99
6591691,2931447,178,1,3.99,3.99
29296778,13018919,178,1,3.99,3.99
17676896,7857265,178,1,3.99,3.99
29684023,13191024,178,2,3.99,7.98
4365884,1941743,178,2,3.99,7.98
28182938,12523928,178,2,3.99,7.98
29017146,12894630,178,2,3.99,7.98
25428882,11300768,178,2,3.99,7.98
15659879,6960540,178,2,3.99,7.98
25373638,11276186,178,2,3.99,7.98
20143920,8953842,178,4,3.99,15.96
23236362,10327060,179,5,2.99,14.95
26782017,11901626,179,5,2.99,14.95
28677665,12744031,179,1,2.99,2.99
29355671,13045045,179,1,2.99,2.99
22502172,10001163,179,1,2.99,2.99
27507595,12224267,179,1,2.99,2.99
22585313,10037979,179,1,2.99,2.99
29212504,12981547,179,1,2.99,2.99
25414391,11294326,179,1,2.99,2.99
29290413,13016063,179,1,2.99,2.99
28807042,12801522,179,1,2.99,2.99
25340286,11261324,179,1,2.99,2.99
23063208,10249901,179,1,2.99,2.99
22561267,10027409,179,1,2.99,2.99
28175336,12520513,179,1,2.99,2.99
29994665,13328931,179,1,2.99,2.99
25631707,11390602,179,1,2.99,2.99
27483533,12213486,179,1,2.99,2.99
25588430,11371462,179,1,2.99,2.99
28955557,12867399,179,1,2.99,2.99
27724971,12320526,179,1,2.99,2.99
25270272,11230319,179,1,2.99,2.99
25459476,11314360,179,1,2.99,2.99
23091065,10262106,179,1,2.99,2.99
28104361,12489125,179,1,2.99,2.99
29211392,12981065,179,1,2.99,2.99
26228585,11655709,179,1,2.99,2.99
27235924,12103481,179,1,2.99,2.99
28578616,12699960,179,1,2.99,2.99
25336749,11259726,179,1,2.99,2.99
29009766,12891303,179,1,2.99,2.99
29745228,13218157,179,1,2.99,2.99
29545618,13129546,179,1,2.99,2.99
27238493,12104620,179,1,2.99,2.99
25568752,11362683,179,1,2.99,2.99
23783788,10570434,179,1,2.99,2.99
23850063,10599684,179,2,2.99,5.98
27265855,12116804,179,2,2.99,5.98
30151126,13398703,179,2,2.99,5.98
23149839,10288379,179,4,2.99,11.96
27108629,12047064,179,4,2.99,11.96
25893830,11507031,179,4,2.99,11.96
11031463,4905378,179,1,4.49,4.49
22150876,9845303,179,1,4.49,4.49
13386809,5950565,179,1,4.49,4.49
2103132,935822,179,1,4.49,4.49
10974902,4880193,179,1,4.49,4.49
4488701,1996442,179,1,4.49,4.49
22171334,9854332,179,1,4.49,4.49
6720959,2988799,179,1,4.49,4.49
10992944,4888188,179,1,4.49,4.49
20055656,8914561,179,1,4.49,4.49
4487261,1995830,179,1,4.49,4.49
4146277,1844425,179,1,4.49,4.49
13285378,5905522,179,1,4.49,4.49
11168561,4966189,179,1,4.49,4.49
6394200,2843716,179,1,4.49,4.49
2108529,938236,179,1,4.49,4.49
13148101,5844418,179,1,4.49,4.49
15666192,6963329,179,2,4.49,8.98
4445584,1977266,179,2,4.49,8.98
8923720,3967337,179,4,4.49,17.96
29459687,13091213,180,5,3.49,17.45
24124966,10722220,180,3,3.49,10.47
26145997,11619041,180,3,3.49,10.47
1892474,842133,180,3,4.99,14.97
28164565,12515766,180,1,3.49,3.49
27835346,12369812,180,1,3.49,3.49
24445809,10864319,180,1,3.49,3.49
30079305,13366729,180,1,3.49,3.49
24288372,10794473,180,1,3.49,3.49
26280936,11678913,180,1,3.49,3.49
26180140,11634047,180,1,3.49,3.49
24048557,10687965,180,1,3.49,3.49
24094354,10708459,180,1,3.49,3.49
23975374,10655289,180,1,3.49,3.49
26951353,11977099,180,1,3.49,3.49
29567697,13139373,180,1,3.49,3.49
27247838,12108766,180,1,3.49,3.49
25660688,11403466,180,1,3.49,3.49
25800954,11465788,180,1,3.49,3.49
28234199,12546660,180,1,3.49,3.49
25917619,11517581,180,1,3.49,3.49
30257638,13446194,180,1,3.49,3.49
23911069,10626783,180,1,3.49,3.49
23486339,10438212,180,1,3.49,3.49
25170195,11186136,180,1,3.49,3.49
26063907,11582522,180,1,3.49,3.49
23253038,10334443,180,1,3.49,3.49
28168982,12517715,180,1,3.49,3.49
27250719,12110078,180,2,3.49,6.98
29273305,13008492,180,2,3.49,6.98
26736204,11881184,180,2,3.49,6.98
29268344,13006322,180,2,3.49,6.98
25529052,11345217,180,4,3.49,13.96
25401231,11288413,180,4,3.49,13.96
8690648,3863542,180,1,4.99,4.99
8911132,3961729,180,1,4.99,4.99
8897680,3955720,180,1,4.99,4.99
6565884,2919991,180,1,4.99,4.99
15559974,6916064,180,1,4.99,4.99
2027481,902083,180,1,4.99,4.99
20083373,8926921,180,1,4.99,4.99
8796556,3910677,180,1,4.99,4.99
4364565,1941140,180,1,4.99,4.99
2209412,983219,180,1,4.99,4.99
22275086,9900572,180,1,4.99,4.99
15414586,6851473,180,1,4.99,4.99
19895203,8843204,180,1,4.99,4.99
13240785,5885709,180,1,4.99,4.99
2111449,939536,180,1,4.99,4.99
6427254,2858467,180,2,4.99,9.98
6387471,2840663,180,2,4.99,9.98
1936075,861393,180,4,4.99,19.96
28697915,12752972,181,5,2.99,14.95
30021247,13340824,181,5,2.99,14.95
20092766,8931067,181,5,2.99,14.95
22354501,9935654,181,5,2.99,14.95
4174325,1856876,181,3,2.99,8.97
13248033,5888943,181,3,2.99,8.97
30138262,13392990,181,3,2.99,8.97
11133043,4950419,181,1,2.99,2.99
26138728,11615871,181,1,2.99,2.99
24328687,10812439,181,1,2.99,2.99
26896992,11952856,181,1,2.99,2.99
24899594,11066016,181,1,2.99,2.99
27282915,12124345,181,1,2.99,2.99
26596377,11819124,181,1,2.99,2.99
13180848,5859048,181,1,2.99,2.99
6448352,2867806,181,1,2.99,2.99
30337566,13481753,181,1,2.99,2.99
8659753,3849731,181,1,2.99,2.99
27984806,12436055,181,1,2.99,2.99
29071390,12918676,181,1,2.99,2.99
28895624,12840832,181,1,2.99,2.99
4257876,1894000,181,1,2.99,2.99
30019637,13340095,181,1,2.99,2.99
25698663,11420404,181,1,2.99,2.99
8796557,3910677,181,1,2.99,2.99
25267452,11229093,181,1,2.99,2.99
28588731,12704417,181,1,2.99,2.99
26596791,11819302,181,1,2.99,2.99
22609162,10048641,181,1,2.99,2.99
28959167,12868954,181,1,2.99,2.99
22997973,10220975,181,1,2.99,2.99
27793485,12351118,181,1,2.99,2.99
29855949,13267418,181,1,2.99,2.99
23910553,10626571,181,1,2.99,2.99
26560264,11803172,181,1,2.99,2.99
27164495,12071823,181,1,2.99,2.99
29370911,13051798,181,1,2.99,2.99
29676339,13187594,181,1,2.99,2.99
25267167,11228975,181,1,2.99,2.99
26560267,11803172,181,1,2.99,2.99
11099060,4935469,181,2,2.99,5.98
25688837,11416074,181,2,2.99,5.98
24367699,10829818,181,2,2.99,5.98
30204607,13422645,181,4,2.99,11.96
4338794,1929805,181,4,2.99,11.96
28283211,12568523,182,5,3.49,17.45
17670794,7854516,182,5,3.49,17.45
27392083,12172840,182,3,3.49,10.47
25778350,11455780,182,3,3.49,10.47
27836146,12370166,182,1,3.49,3.49
29365225,13049326,182,1,3.49,3.49
6513752,2896869,182,1,3.49,3.49
25965189,11538601,182,1,3.49,3.49
1924125,856155,182,1,3.49,3.49
27799355,12353684,182,1,3.49,3.49
28589694,12704831,182,1,3.49,3.49
8690646,3863542,182,1,3.49,3.49
15387387,6839362,182,1,3.49,3.49
26027167,11566197,182,1,3.49,3.49
22336649,9927791,182,1,3.49,3.49
4135979,1839873,182,1,3.49,3.49
17791207,7907731,182,1,3.49,3.49
25208712,11203061,182,1,3.49,3.49
24535786,10904601,182,1,3.49,3.49
22310656,9916313,182,1,3.49,3.49
22427782,9968124,182,1,3.49,3.49
29418226,13072730,182,1,3.49,3.49
15541061,6907669,182,1,3.49,3.49
8659756,3849731,182,1,3.49,3.49
23559470,10470677,182,1,3.49,3.49
25996617,11552502,182,1,3.49,3.49
23896240,10620200,182,1,3.49,3.49
29119112,12940071,182,1,3.49,3.49
28175337,12520513,182,1,3.49,3.49
22325248,9922835,182,1,3.49,3.49
28655957,12734341,182,1,3.49,3.49
25624348,11387352,182,1,3.49,3.49
23247213,10331829,182,1,3.49,3.49
23978053,10656492,182,1,3.49,3.49
26923301,11964599,182,1,3.49,3.49
29117212,12939192,182,1,3.49,3.49
23905001,10624121,182,1,3.49,3.49
29515228,13116000,182,1,3.49,3.49
24276621,10789248,182,1,3.49,3.49
26882981,11946618,182,1,3.49,3.49
23022137,10231733,182,1,3.49,3.49
17611481,7827998,182,1,3.49,3.49
24819061,11030313,182,1,3.49,3.49
13262605,5895488,182,1,3.49,3.49
27425617,12187700,182,1,3.49,3.49
1947031,866288,182,1,3.49,3.49
25181264,11191044,182,1,3.49,3.49
24126138,10722725,182,2,3.49,6.98
29266009,13005301,182,2,3.49,6.98
23925819,10633366,182,2,3.49,6.98
20162933,8962220,182,2,3.49,6.98
24367703,10829818,182,2,3.49,6.98
29684020,13191024,182,2,3.49,6.98
26607716,11824149,182,4,3.49,13.96
27498680,12220252,182,4,3.49,13.96
23354241,10379532,182,4,3.49,13.96
22601904,10045371,183,5,3.99,19.95
26173739,11631260,183,5,3.99,19.95
22856365,10158292,183,5,3.99,19.95
27225960,12099098,183,3,3.99,11.97
25485063,11325657,183,3,3.99,11.97
13452026,5979466,183,3,3.99,11.97
24062359,10694183,183,3,3.99,11.97
30031058,13345296,183,1,3.99,3.99
28260750,12558600,183,1,3.99,3.99
26641396,11839068,183,1,3.99,3.99
23857161,10602818,183,1,3.99,3.99
26266802,11672642,183,1,3.99,3.99
15694264,6975816,183,1,3.99,3.99
26161521,11625881,183,1,3.99,3.99
27646274,12285666,183,1,3.99,3.99
6615174,2941847,183,1,3.99,3.99
24937326,11082705,183,1,3.99,3.99
24343988,10819267,183,1,3.99,3.99
22882153,10169765,183,1,3.99,3.99
15566438,6918943,183,1,3.99,3.99
22216624,9874474,183,1,3.99,3.99
11026859,4903312,183,1,3.99,3.99
29911542,13292020,183,1,3.99,3.99
29451666,13087634,183,1,3.99,3.99
24094355,10708459,183,1,3.99,3.99
23783786,10570434,183,1,3.99,3.99
28317847,12584075,183,1,3.99,3.99
17978746,7991226,183,1,3.99,3.99
30398969,13509103,183,1,3.99,3.99
27591004,12261213,183,1,3.99,3.99
6516824,2898243,183,1,3.99,3.99
13319262,5920611,183,1,3.99,3.99
27051694,12021730,183,1,3.99,3.99
25545008,11352283,183,1,3.99,3.99
23910648,10626608,183,1,3.99,3.99
20020496,8898877,183,1,3.99,3.99
27467870,12206510,183,1,3.99,3.99
15537269,6905993,183,1,3.99,3.99
24433476,10858856,183,1,3.99,3.99
17715950,7874457,183,1,3.99,3.99
26546444,11797048,183,2,3.99,7.98
26665242,11849687,183,2,3.99,7.98
1930738,859046,183,2,3.99,7.98
29268345,13006322,183,2,3.99,7.98
27524789,12231820,183,2,3.99,7.98
20025972,8901283,183,2,3.99,7.98
24954463,11090266,183,2,3.99,7.98
13389284,5951654,183,2,3.99,7.98
2105561,936912,183,4,3.99,15.96
24321807,10809411,183,4,3.99,15.96
27911359,12403618,183,4,3.99,15.96
15496533,6887955,184,5,3.99,19.95
23036893,10238238,184,5,2.99,14.95
25168346,11185326,184,5,2.99,14.95
29689242,13193293,184,3,2.99,8.97
26573836,11809206,184,1,2.99,2.99
28711031,12758866,184,1,2.99,2.99
28216496,12538873,184,1,2.99,2.99
23404011,10401523,184,1,2.99,2.99
25696411,11419434,184,1,2.99,2.99
26340459,11705291,184,1,2.99,2.99
26420695,11741136,184,1,2.99,2.99
28653957,12733432,184,1,2.99,2.99
25734285,11436128,184,1,2.99,2.99
23550458,10466697,184,1,2.99,2.99
25356153,11268418,184,1,2.99,2.99
27850552,12376537,184,1,2.99,2.99
29830889,13256307,184,1,2.99,2.99
25054034,11134576,184,1,2.99,2.99
23008858,10225823,184,1,2.99,2.99
29387308,13059155,184,1,2.99,2.99
29368302,13050654,184,1,2.99,2.99
26284181,11680328,184,1,2.99,2.99
24877519,11056285,184,1,2.99,2.99
28399778,12620363,184,1,2.99,2.99
24432740,10858522,184,1,2.99,2.99
23154199,10290354,184,1,2.99,2.99
27685165,12302927,184,1,2.99,2.99
24208300,10759028,184,1,2.99,2.99
27161756,12070615,184,1,2.99,2.99
15547896,6910689,184,1,3.99,3.99
20224781,8989764,184,1,3.99,3.99
4451250,1979796,184,1,3.99,3.99
11068414,4921913,184,1,3.99,3.99
15681834,6970321,184,1,3.99,3.99
6517177,2898405,184,1,3.99,3.99
10963266,4874945,184,1,3.99,3.99
11034721,4906838,184,1,3.99,3.99
20128547,8946958,184,1,3.99,3.99
15537143,6905938,184,1,3.99,3.99
24661149,10960249,184,2,2.99,5.98
25073016,11142998,184,2,2.99,5.98
4319369,1921189,184,2,3.99,7.98
22186755,9861234,184,2,3.99,7.98
24433295,10858775,184,4,2.99,11.96
23046965,10242689,184,4,2.99,11.96
11144462,4955508,184,4,3.99,15.96
28108544,12490991,185,5,3.49,17.45
26096580,11597002,185,5,3.49,17.45
29797872,13241528,185,5,3.49,17.45
22595414,10042484,185,3,3.49,10.47
8722954,3877874,185,3,4.49,13.47
30070099,13362666,185,1,3.49,3.49
28165822,12516324,185,1,3.49,3.49
28653958,12733432,185,1,3.49,3.49
24693889,10974879,185,1,3.49,3.49
29113108,12937346,185,1,3.49,3.49
29646849,13174493,185,1,3.49,3.49
27809147,12358048,185,1,3.49,3.49
22773097,10121241,185,1,3.49,3.49
27068713,12029320,185,1,3.49,3.49
27980627,12434177,185,1,3.49,3.49
27370824,12163452,185,1,3.49,3.49
26870449,11941014,185,1,3.49,3.49
30019202,13339894,185,1,3.49,3.49
24517256,10896257,185,1,3.49,3.49
29170124,12962740,185,1,3.49,3.49
22917513,10185368,185,1,3.49,3.49
25522237,11342231,185,1,3.49,3.49
29018486,12895219,185,1,3.49,3.49
24630019,10946438,185,1,3.49,3.49
29595799,13151822,185,1,3.49,3.49
23206410,10313685,185,1,3.49,3.49
29634665,13169038,185,1,3.49,3.49
25189533,11194654,185,1,3.49,3.49
23349745,10377538,185,1,3.49,3.49
24525066,10899733,185,1,3.49,3.49
30027592,13343719,185,1,3.49,3.49
25498130,11331447,185,2,3.49,6.98
28792935,12795296,185,2,3.49,6.98
24632482,10947515,185,2,3.49,6.98
23975876,10655520,185,2,3.49,6.98
22508692,10004077,185,2,3.49,6.98
24048119,10687762,185,2,3.49,6.98
8993349,3998293,185,1,4.49,4.49
17672304,7855199,185,1,4.49,4.49
2149351,956558,185,1,4.49,4.49
4295296,1910474,185,1,4.49,4.49
11103355,4937384,185,1,4.49,4.49
8768411,3898154,185,1,4.49,4.49
11006033,4894129,185,1,4.49,4.49
10970629,4878244,185,1,4.49,4.49
19877277,8835160,185,1,4.49,4.49
13142077,5841707,185,1,4.49,4.49
11082533,4928151,185,1,4.49,4.49
4178648,1858729,185,1,4.49,4.49
15389025,6840097,185,1,4.49,4.49
10902327,4847880,185,1,4.49,4.49
15612711,6939518,185,2,4.49,8.98
8650049,3845369,185,2,4.49,8.98
1915400,852329,185,4,4.49,17.96
26577877,11810946,186,5,3.99,19.95
28613979,12715624,186,5,3.99,19.95
23342434,10374316,186,5,3.99,19.95
2020044,898822,186,5,4.99,24.95
22990916,10217836,186,3,3.99,11.97
28084317,12480209,186,3,3.99,11.97
20183196,8971185,186,3,4.99,14.97
30302072,13465964,186,1,3.99,3.99
26352139,11710494,186,1,3.99,3.99
26382314,11723930,186,1,3.99,3.99
30260260,13447383,186,1,3.99,3.99
29537672,13125975,186,1,3.99,3.99
23269806,10341887,186,1,3.99,3.99
25624549,11387434,186,1,3.99,3.99
26853387,11933414,186,1,3.99,3.99
22561691,10027585,186,1,3.99,3.99
23945725,10642155,186,1,3.99,3.99
24276063,10788997,186,1,3.99,3.99
26094652,11596146,186,1,3.99,3.99
22913196,10183413,186,1,3.99,3.99
30096770,13374521,186,1,3.99,3.99
22508820,10004130,186,1,3.99,3.99
29221848,12985623,186,1,3.99,3.99
29678189,13188421,186,1,3.99,3.99
25489493,11327590,186,1,3.99,3.99
29354967,13044724,186,1,3.99,3.99
25207354,11202472,186,1,3.99,3.99
29086025,12925184,186,1,3.99,3.99
30185907,13414230,186,1,3.99,3.99
28634333,12724669,186,1,3.99,3.99
29635406,13169369,186,1,3.99,3.99
29759846,13224609,186,2,3.99,7.98
22610362,10049173,186,2,3.99,7.98
23876457,10611390,186,2,3.99,7.98
29361958,13047828,186,2,3.99,7.98
28107413,12490495,186,2,3.99,7.98
26154485,11622754,186,2,3.99,7.98
26720649,11874225,186,4,3.99,15.96
4174888,1857124,186,1,4.99,4.99
2176083,968442,186,1,4.99,4.99
22118401,9831000,186,1,4.99,4.99
13492674,5997451,186,1,4.99,4.99
17883312,7948769,186,1,4.99,4.99
8690303,3863382,186,1,4.99,4.99
6549442,2912721,186,1,4.99,4.99
22237582,9883756,186,1,4.99,4.99
4178647,1858729,186,1,4.99,4.99
20044620,8909670,186,1,4.99,4.99
15398991,6844544,186,1,4.99,4.99
22487236,9994588,186,1,4.99,4.99
2086439,928320,186,1,4.99,4.99
8880475,3948039,186,1,4.99,4.99
17791208,7907731,186,1,4.99,4.99
13469402,5987134,186,2,4.99,9.98
8890856,3952653,186,2,4.99,9.98
17817705,7919542,186,2,4.99,9.98
28108450,12490948,187,5,2.99,14.95
29622698,13163754,187,5,2.99,14.95
26939993,11972052,187,5,2.99,14.95
28108449,12490948,187,5,2.99,14.95
24919156,11074667,187,5,2.99,14.95
23453710,10423657,187,3,2.99,8.97
2047221,910788,187,3,2.99,8.97
28450052,12642662,187,3,2.99,8.97
30423123,13519679,187,1,2.99,2.99
29336551,13036483,187,1,2.99,2.99
24927590,11078362,187,1,2.99,2.99
27330024,12145447,187,1,2.99,2.99
11245334,4999904,187,1,2.99,2.99
17987684,7995200,187,1,2.99,2.99
4263934,1896653,187,1,2.99,2.99
11099826,4935830,187,1,2.99,2.99
28076092,12476584,187,1,2.99,2.99
25069915,11141608,187,1,2.99,2.99
28841097,12816606,187,1,2.99,2.99
2196869,977645,187,1,2.99,2.99
25437935,11304825,187,1,2.99,2.99
22825998,10144703,187,1,2.99,2.99
28755674,12778739,187,1,2.99,2.99
24548225,10910077,187,1,2.99,2.99
26927655,11966511,187,1,2.99,2.99
22950014,10199667,187,1,2.99,2.99
26303211,11688732,187,1,2.99,2.99
4392306,1953501,187,1,2.99,2.99
13119829,5831852,187,1,2.99,2.99
26254214,11667046,187,1,2.99,2.99
23486340,10438212,187,1,2.99,2.99
25920539,11518876,187,1,2.99,2.99
25917622,11517581,187,1,2.99,2.99
27894965,12396329,187,1,2.99,2.99
25437824,11304782,187,1,2.99,2.99
20218752,8987007,187,1,2.99,2.99
29415532,13071533,187,1,2.99,2.99
4252597,1891642,187,1,2.99,2.99
28775471,12787501,187,1,2.99,2.99
17715947,7874457,187,1,2.99,2.99
6488619,2885646,187,1,2.99,2.99
29439918,13082412,187,1,2.99,2.99
24430822,10857681,187,1,2.99,2.99
27836145,12370166,187,1,2.99,2.99
1964905,874195,187,1,2.99,2.99
29290447,13016076,187,1,2.99,2.99
29291515,13016567,187,2,2.99,5.98
6570548,2922053,187,2,2.99,5.98
24410586,10848812,187,2,2.99,5.98
30431730,13523515,187,2,2.99,5.98
26000690,11554303,187,4,2.99,11.96
28033216,12457528,187,4,2.99,11.96
20019196,8898272,187,4,2.99,11.96
6596025,2933385,188,5,3.49,17.45
17920047,7964945,188,5,3.49,17.45
23859173,10603689,188,5,3.49,17.45
25130808,11168790,188,5,3.49,17.45
22628070,10056989,188,3,3.49,10.47
28141691,12505552,188,1,3.49,3.49
24754013,11001497,188,1,3.49,3.49
25926393,11521464,188,1,3.49,3.49
8720538,3876801,188,1,3.49,3.49
29548814,13130961,188,1,3.49,3.49
6549441,2912721,188,1,3.49,3.49
22812771,10138796,188,1,3.49,3.49
22698302,10088172,188,1,3.49,3.49
30107134,13379118,188,1,3.49,3.49
27304764,12134115,188,1,3.49,3.49
20045388,8909983,188,1,3.49,3.49
8720119,3876629,188,1,3.49,3.49
29911543,13292020,188,1,3.49,3.49
6558176,2916595,188,1,3.49,3.49
29469497,13095568,188,1,3.49,3.49
25181265,11191044,188,1,3.49,3.49
29995867,13329478,188,1,3.49,3.49
27087271,12037554,188,1,3.49,3.49
25263573,11227388,188,1,3.49,3.49
25422100,11297712,188,1,3.49,3.49
24421422,10853566,188,1,3.49,3.49
30313759,13471161,188,1,3.49,3.49
25797833,11464398,188,1,3.49,3.49
13349246,5933884,188,1,3.49,3.49
26992591,11995421,188,1,3.49,3.49
30385596,13503096,188,1,3.49,3.49
29873925,13275399,188,1,3.49,3.49
20198897,8978160,188,1,3.49,3.49
27045028,12018807,188,1,3.49,3.49
28460855,12647422,188,1,3.49,3.49
17686236,7861329,188,1,3.49,3.49
11245332,4999904,188,1,3.49,3.49
27235927,12103481,188,1,3.49,3.49
25134484,11170411,188,1,3.49,3.49
23450293,10422175,188,1,3.49,3.49
13182174,5859632,188,1,3.49,3.49
10985518,4884934,188,1,3.49,3.49
11006034,4894129,188,1,3.49,3.49
25967513,11539658,188,1,3.49,3.49
22870271,10164494,188,1,3.49,3.49
8733408,3882484,188,2,3.49,6.98
28200244,12531623,188,2,3.49,6.98
23858924,10603576,188,2,3.49,6.98
23354026,10379449,188,2,3.49,6.98
25375855,11277176,188,2,3.49,6.98
26880977,11945732,188,2,3.49,6.98
25788682,11460358,188,2,3.49,6.98
23612024,10494097,188,4,3.49,13.96
30014718,13337884,188,4,3.49,13.96
25491638,11328549,189,5,3.99,19.95
28652022,12732596,189,5,3.99,19.95
27225958,12099098,189,3,3.99,11.97
28477363,12654774,189,3,3.99,11.97
22430418,9969343,189,3,3.99,11.97
27943734,12417979,189,3,3.99,11.97
22990914,10217836,189,3,3.99,11.97
22974799,10210659,189,3,3.99,11.97
24440732,10862086,189,3,3.99,11.97
4308468,1916342,189,1,3.99,3.99
22262334,9894858,189,1,3.99,3.99
30098798,13375410,189,1,3.99,3.99
27394202,12173789,189,1,3.99,3.99
29551704,13132259,189,1,3.99,3.99
29232623,12990404,189,1,3.99,3.99
25734286,11436128,189,1,3.99,3.99
22118399,9831000,189,1,3.99,3.99
15542125,6908142,189,1,3.99,3.99
29562727,13137135,189,1,3.99,3.99
28152794,12510539,189,1,3.99,3.99
27450248,12198586,189,1,3.99,3.99
27320855,12141316,189,1,3.99,3.99
6485040,2884048,189,1,3.99,3.99
27330742,12145755,189,1,3.99,3.99
22488297,9995031,189,1,3.99,3.99
20244088,8998373,189,1,3.99,3.99
10897280,4845625,189,1,3.99,3.99
26166870,11628216,189,1,3.99,3.99
8871144,3943913,189,1,3.99,3.99
22639843,10062134,189,1,3.99,3.99
25489496,11327590,189,1,3.99,3.99
27442089,12194930,189,1,3.99,3.99
13182175,5859632,189,1,3.99,3.99
23000957,10222312,189,1,3.99,3.99
13472879,5988722,189,1,3.99,3.99
28067340,12472651,189,1,3.99,3.99
28955559,12867399,189,1,3.99,3.99
25650528,11398918,189,1,3.99,3.99
24965947,11095365,189,1,3.99,3.99
27395356,12174306,189,1,3.99,3.99
28600327,12709584,189,1,3.99,3.99
23484708,10437472,189,1,3.99,3.99
30258944,13446776,189,2,3.99,7.98
25747748,11442177,189,2,3.99,7.98
30012874,13337087,189,2,3.99,7.98
28327247,12588200,189,2,3.99,7.98
28677153,12743803,189,2,3.99,7.98
8890855,3952653,189,2,3.99,7.98
2048986,911589,189,2,3.99,7.98
29017144,12894630,189,2,3.99,7.98
24571503,10920466,189,2,3.99,7.98
22937790,10194283,189,2,3.99,7.98
24900965,11066606,189,2,3.99,7.98
26298699,11686716,189,4,3.99,15.96
28670988,12741011,189,4,3.99,15.96
27819811,12362851,190,1,7.5,7.5
30281896,13457004,190,1,7.5,7.5
22931360,10191446,190,1,7.5,7.5
27047625,12019930,190,1,7.5,7.5
29780535,13233844,190,1,7.5,7.5
24357876,10825481,190,1,7.5,7.5
25267454,11229093,190,1,7.5,7.5
25177100,11189177,190,1,7.5,7.5
27685166,12302927,190,1,7.5,7.5
27507597,12224267,190,1,7.5,7.5
25749841,11443121,190,1,7.5,7.5
29824256,13253335,190,1,7.5,7.5
27165060,12072070,190,1,7.5,7.5
26820998,11918971,190,1,7.5,7.5
27087421,12037625,190,1,7.5,7.5
28634848,12724905,190,1,7.5,7.5
29523864,13119844,190,1,7.5,7.5
26818687,11917938,190,1,7.5,7.5
26721575,11874635,190,1,7.5,7.5
28274282,12564554,190,1,7.5,7.5
25502801,11333545,190,1,7.5,7.5
25590076,11372200,190,2,7.5,15
24987508,11104848,190,2,7.5,15
26411376,11736970,190,2,7.5,15
30206932,13423673,190,2,7.5,15
28033217,12457528,190,4,7.5,30
28924998,12853729,190,4,7.5,30
26784788,11902887,190,5,7.5,37.5
29193572,12973112,190,5,7.5,37.5
4257400,1893791,190,1,8.99,8.99
10859174,4828510,190,1,8.99,8.99
15537271,6905993,190,1,8.99,8.99
10859176,4828510,190,1,8.99,8.99
6363613,2830025,190,1,8.99,8.99
8761110,3894926,190,1,8.99,8.99
17822091,7921509,190,1,8.99,8.99
15487250,6883820,190,1,8.99,8.99
13443089,5975458,190,1,8.99,8.99
20120065,8943208,190,1,8.99,8.99
1947034,866288,190,1,8.99,8.99
10898411,4846130,190,1,8.99,8.99
13210449,5872228,190,2,8.99,17.98
1862658,828914,190,2,8.99,17.98
8629525,3836204,190,2,8.99,17.98
17811300,7916648,190,5,8.99,44.95
4290853,1908549,190,5,8.99,44.95
6533656,2905723,190,3,8.99,26.97
24899596,11066016,191,1,2.25,2.25
28588920,12704494,191,1,2.25,2.25
23099992,10266139,191,1,2.25,2.25
28325804,12587561,191,1,2.25,2.25
25382737,11280172,191,1,2.25,2.25
26650480,11843061,191,1,2.25,2.25
23164173,10294779,191,1,2.25,2.25
23409668,10404074,191,1,2.25,2.25
23274217,10343885,191,1,2.25,2.25
24167390,10741007,191,1,2.25,2.25
29416611,13072018,191,1,2.25,2.25
24972069,11098035,191,1,2.25,2.25
27756198,12334500,191,1,2.25,2.25
25300642,11243833,191,1,2.25,2.25
28330934,12589875,191,1,2.25,2.25
23810119,10582047,191,1,2.25,2.25
23591794,10485049,191,1,2.25,2.25
23890841,10617843,191,1,2.25,2.25
26788107,11904353,191,1,2.25,2.25
25996677,11552525,191,1,2.25,2.25
29048046,12908313,191,1,2.25,2.25
29313018,13026117,191,1,2.25,2.25
24190548,10751234,191,1,2.25,2.25
24266982,10784929,191,1,2.25,2.25
22957003,10202738,191,1,2.25,2.25
26147485,11619713,191,1,2.25,2.25
23414107,10406089,191,1,2.25,2.25
29997292,13330109,191,1,2.25,2.25
26650478,11843061,191,1,2.25,2.25
25080470,11146390,191,1,2.25,2.25
25001873,11111277,191,1,2.25,2.25
22501688,10000941,191,1,2.25,2.25
22570792,10031587,191,1,2.25,2.25
25424390,11298736,191,1,2.25,2.25
26824783,11920655,191,1,2.25,2.25
28457911,12646123,191,1,2.25,2.25
30254726,13444885,191,2,2.25,4.5
29268347,13006322,191,2,2.25,4.5
29372396,13052449,191,2,2.25,4.5
25446008,11308424,191,2,2.25,4.5
27722258,12319300,191,2,2.25,4.5
30431731,13523515,191,2,2.25,4.5
23522746,10454291,191,3,2.25,6.75
23529512,10457321,191,4,2.25,9
23274331,10343937,191,4,2.25,9
24321808,10809411,191,4,2.25,9
27584629,12258377,191,5,2.25,11.25
25816737,11472810,191,5,2.25,11.25
24012000,10671705,191,5,2.25,11.25
15473181,6877538,191,1,9.49,9.49
19896003,8843559,191,1,9.49,9.49
1880836,836987,191,1,9.49,9.49
10963268,4874945,191,1,9.49,9.49
13402874,5957654,191,1,9.49,9.49
1951185,868129,191,2,9.49,18.98
8634869,3838616,191,2,9.49,18.98
2105559,936912,191,4,9.49,37.96
22465075,9984746,191,4,9.49,37.96
11204928,4982157,191,4,9.49,37.96
22609594,10048837,192,1,3.5,3.5
28351438,12598829,192,1,3.5,3.5
30383778,13502285,192,1,3.5,3.5
29567700,13139373,192,1,3.5,3.5
23343617,10374824,192,1,3.5,3.5
27222163,12097436,192,1,3.5,3.5
25556873,11357482,192,1,3.5,3.5
25259538,11225616,192,1,3.5,3.5
29410051,13069115,192,1,3.5,3.5
25621174,11385914,192,1,3.5,3.5
27930402,12411992,192,1,3.5,3.5
25437934,11304825,192,1,3.5,3.5
27943043,12417662,192,1,3.5,3.5
27883569,12391285,192,1,3.5,3.5
26139944,11616377,192,1,3.5,3.5
23088876,10261117,192,1,3.5,3.5
28164564,12515766,192,1,3.5,3.5
27702534,12310660,192,1,3.5,3.5
24985608,11104000,192,1,3.5,3.5
28078192,12477516,192,1,3.5,3.5
27756188,12334497,192,1,3.5,3.5
28956860,12867969,192,1,3.5,3.5
25722896,11431105,192,1,3.5,3.5
29964369,13315538,192,1,3.5,3.5
24204928,10757526,192,1,3.5,3.5
26895123,11952008,192,1,3.5,3.5
29392221,13061376,192,1,3.5,3.5
26300687,11687598,192,1,3.5,3.5
25612347,11382046,192,1,3.5,3.5
29533931,13124332,192,1,3.5,3.5
23911071,10626783,192,1,3.5,3.5
27751972,12332642,192,1,3.5,3.5
22561266,10027409,192,1,3.5,3.5
29528999,13122137,192,1,3.5,3.5
22662536,10072259,192,1,3.5,3.5
24270168,10786335,192,1,3.5,3.5
28081846,12479147,192,1,3.5,3.5
23379259,10390626,192,2,3.5,7
24954466,11090266,192,2,3.5,7
24923590,11076607,192,2,3.5,7
28665169,12738441,192,3,3.5,10.5
25485065,11325657,192,3,3.5,10.5
28768427,12784415,192,4,3.5,14
24489751,10883890,192,4,3.5,14
23265347,10339843,192,4,3.5,14
27188413,12082471,192,5,3.5,17.5
27138964,12060546,192,5,3.5,17.5
30021248,13340824,192,5,3.5,17.5
4192495,1864925,192,1,9.99,9.99
13180509,5858892,192,1,9.99,9.99
13262896,5895613,192,1,9.99,9.99
19953828,8869261,192,1,9.99,9.99
13455629,5981057,192,1,9.99,9.99
4378689,1947459,192,1,9.99,9.99
22483880,9993117,192,1,9.99,9.99
22216623,9874474,192,1,9.99,9.99
4467817,1987097,192,1,9.99,9.99
4373764,1945263,192,2,9.99,19.98
19963088,8873372,193,3,2.95,8.85
23267243,10340703,193,5,2.99,14.95
23181293,10302490,193,5,2.99,14.95
28108453,12490948,193,5,2.99,14.95
27292054,12128409,193,5,2.99,14.95
22974800,10210659,193,3,2.99,8.97
22852110,10156382,193,3,2.99,8.97
20142609,8953260,193,1,2.95,2.95
6673187,2967650,193,1,2.95,2.95
19999784,8889720,193,1,2.95,2.95
4383683,1949622,193,1,2.95,2.95
22219827,9875901,193,1,2.95,2.95
8808058,3915749,193,1,2.95,2.95
13173896,5855942,193,1,2.95,2.95
1936390,861538,193,1,2.95,2.95
11168127,4965995,193,1,2.95,2.95
22118400,9831000,193,1,2.95,2.95
22479307,9991065,193,1,2.95,2.95
17697378,7866188,193,1,2.95,2.95
15385811,6838655,193,1,2.95,2.95
19907879,8848782,193,1,2.95,2.95
8746009,3888163,193,2,2.95,5.9
2000865,890282,193,2,2.95,5.9
4445583,1977266,193,2,2.95,5.9
13391741,5952708,193,2,2.95,5.9
6498027,2889814,193,2,2.95,5.9
15487128,6883767,193,4,2.95,11.8
27243891,12107041,193,1,2.99,2.99
25869602,11496279,193,1,2.99,2.99
27346031,12152454,193,1,2.99,2.99
24895224,11064094,193,1,2.99,2.99
27239208,12104919,193,1,2.99,2.99
26044688,11573956,193,1,2.99,2.99
27644855,12285040,193,1,2.99,2.99
28904770,12844809,193,1,2.99,2.99
26438892,11749248,193,1,2.99,2.99
27707317,12312801,193,1,2.99,2.99
30191862,13416891,193,1,2.99,2.99
27210081,12092069,193,1,2.99,2.99
28771192,12785600,193,1,2.99,2.99
29562728,13137135,193,1,2.99,2.99
22823199,10143443,193,1,2.99,2.99
24427274,10856107,193,1,2.99,2.99
26325463,11698665,193,1,2.99,2.99
23712504,10538689,193,1,2.99,2.99
29793732,13239716,193,1,2.99,2.99
26278150,11677671,193,1,2.99,2.99
28614675,12715930,193,1,2.99,2.99
23037137,10238342,193,1,2.99,2.99
29780539,13233844,193,1,2.99,2.99
30398967,13509103,193,1,2.99,2.99
22501129,10000695,193,1,2.99,2.99
24313512,10805695,193,1,2.99,2.99
29252079,12999112,193,1,2.99,2.99
22676199,10078303,193,1,2.99,2.99
27395353,12174306,193,1,2.99,2.99
25254314,11223250,193,1,2.99,2.99
24630020,10946438,193,1,2.99,2.99
22500942,10000621,193,2,2.99,5.98
29493396,13106201,193,2,2.99,5.98
28459930,12647004,193,2,2.99,5.98
28622051,12719230,193,2,2.99,5.98
24900962,11066606,193,2,2.99,5.98
8763799,3896108,194,5,3.95,19.75
6566691,2920355,194,3,3.95,11.85
28481498,12656624,194,5,3.99,19.95
29110575,12936197,194,5,3.99,19.95
24430168,10857381,194,5,3.99,19.95
30410750,13514267,194,3,3.99,11.97
24593840,10930408,194,3,3.99,11.97
4119980,1832695,194,1,3.95,3.95
6450943,2868960,194,1,3.95,3.95
22188168,9861841,194,1,3.95,3.95
19967506,8875344,194,1,3.95,3.95
15611631,6939035,194,1,3.95,3.95
22488298,9995031,194,1,3.95,3.95
2216106,986207,194,1,3.95,3.95
1882538,837744,194,1,3.95,3.95
6394202,2843716,194,1,3.95,3.95
22319880,9920481,194,1,3.95,3.95
22233103,9881789,194,1,3.95,3.95
19864311,8829317,194,1,3.95,3.95
15620279,6942897,194,2,3.95,7.9
8733409,3882484,194,2,3.95,7.9
25393013,11284766,194,1,3.99,3.99
27414620,12182840,194,1,3.99,3.99
28535591,12680764,194,1,3.99,3.99
29337259,13036819,194,1,3.99,3.99
25263306,11227277,194,1,3.99,3.99
24887468,11060671,194,1,3.99,3.99
25607191,11379767,194,1,3.99,3.99
28588732,12704417,194,1,3.99,3.99
23783785,10570434,194,1,3.99,3.99
26097457,11597403,194,1,3.99,3.99
28747953,12775291,194,1,3.99,3.99
30344959,13484980,194,1,3.99,3.99
26384355,11724855,194,1,3.99,3.99
24753765,11001384,194,1,3.99,3.99
30190164,13416094,194,1,3.99,3.99
26300686,11687598,194,1,3.99,3.99
30267786,13450778,194,1,3.99,3.99
29081398,12923137,194,1,3.99,3.99
23526554,10456030,194,1,3.99,3.99
23112305,10271629,194,1,3.99,3.99
28402418,12621520,194,1,3.99,3.99
26236423,11659187,194,1,3.99,3.99
27413012,12182137,194,1,3.99,3.99
25741339,11439324,194,1,3.99,3.99
23409902,10404178,194,1,3.99,3.99
22915294,10184368,194,1,3.99,3.99
29914897,13293507,194,1,3.99,3.99
25373640,11276186,194,2,3.99,7.98
26357600,11712919,194,2,3.99,7.98
27108967,12047200,194,2,3.99,7.98
24246305,10775779,194,2,3.99,7.98
22972556,10209674,194,2,3.99,7.98
26085579,11592100,194,2,3.99,7.98
28010572,12447434,194,2,3.99,7.98
27249619,12109594,194,2,3.99,7.98
28677986,12744169,194,4,3.99,15.96
26359058,11713579,194,4,3.99,15.96
23213343,10316768,194,4,3.99,15.96
28322489,12586109,194,4,3.99,15.96
4313513,1918539,195,5,4.95,24.75
4310679,1917288,195,5,4.95,24.75
8689260,3862910,195,3,4.95,14.85
26042552,11573000,195,5,4.99,24.95
8624401,3833950,195,1,4.95,4.95
20049859,8911943,195,1,4.95,4.95
6698686,2979037,195,1,4.95,4.95
1862452,828822,195,1,4.95,4.95
22145863,9843102,195,1,4.95,4.95
20155055,8958751,195,1,4.95,4.95
20014511,8896203,195,1,4.95,4.95
1928963,858263,195,1,4.95,4.95
8746298,3888281,195,1,4.95,4.95
19867985,8830951,195,1,4.95,4.95
6537455,2907412,195,1,4.95,4.95
22430412,9969339,195,1,4.95,4.95
10980617,4882733,195,1,4.95,4.95
13178442,5857953,195,1,4.95,4.95
8783417,3904865,195,1,4.95,4.95
11051816,4914505,195,1,4.95,4.95
11006031,4894129,195,1,4.95,4.95
22277198,9901513,195,4,4.95,19.8
24583158,10925698,195,1,4.99,4.99
23644259,10508334,195,1,4.99,4.99
24305183,10801981,195,1,4.99,4.99
29439915,13082412,195,1,4.99,4.99
28578618,12699960,195,1,4.99,4.99
29429139,13077584,195,1,4.99,4.99
24258366,10781118,195,1,4.99,4.99
24355198,10824294,195,1,4.99,4.99
27939685,12416168,195,1,4.99,4.99
23480689,10435674,195,1,4.99,4.99
24436958,10860407,195,1,4.99,4.99
25196679,11197798,195,1,4.99,4.99
25618281,11384680,195,1,4.99,4.99
22509436,10004414,195,1,4.99,4.99
30292410,13461625,195,1,4.99,4.99
28603250,12710899,195,1,4.99,4.99
24355201,10824294,195,1,4.99,4.99
27754456,12333725,195,1,4.99,4.99
23684513,10526284,195,1,4.99,4.99
29377156,13054588,195,1,4.99,4.99
27239207,12104919,195,1,4.99,4.99
24967281,11095947,195,1,4.99,4.99
28664751,12738247,195,1,4.99,4.99
26533735,11791394,195,1,4.99,4.99
27914634,12405055,195,1,4.99,4.99
29332259,13034570,195,1,4.99,4.99
26058727,11580225,195,1,4.99,4.99
29357799,13045968,195,1,4.99,4.99
24276821,10789342,195,1,4.99,4.99
23840857,10595633,195,1,4.99,4.99
30038119,13348486,195,1,4.99,4.99
23298559,10354745,195,2,4.99,9.98
28514859,12671436,195,2,4.99,9.98
29369552,13051205,195,2,4.99,9.98
30289489,13460355,195,2,4.99,9.98
23509673,10448565,195,4,4.99,19.96
29329511,13033378,195,4,4.99,19.96
13370041,5943156,196,5,4.95,24.75
13169617,5854008,196,3,4.95,14.85
17842813,7930846,196,3,4.95,14.85
17627989,7835367,196,3,4.95,14.85
24011997,10671705,196,5,2.99,14.95
27747977,12330812,196,3,2.99,8.97
22310058,9916047,196,1,4.95,4.95
6398092,2845479,196,1,4.95,4.95
22258146,9893000,196,1,4.95,4.95
8903137,3958151,196,1,4.95,4.95
6710424,2984202,196,1,4.95,4.95
10869873,4833347,196,1,4.95,4.95
11009373,4895588,196,1,4.95,4.95
8939402,3974290,196,1,4.95,4.95
22134966,9838292,196,1,4.95,4.95
4313823,1918689,196,1,4.95,4.95
22113922,9828976,196,4,4.95,19.8
22705878,10091536,196,1,2.99,2.99
26532994,11791074,196,1,2.99,2.99
24948372,11087554,196,1,2.99,2.99
28201278,12532101,196,1,2.99,2.99
29578525,13144233,196,1,2.99,2.99
26301659,11688045,196,1,2.99,2.99
25888347,11504602,196,1,2.99,2.99
23246913,10331691,196,1,2.99,2.99
26628263,11833248,196,1,2.99,2.99
22577219,10034427,196,1,2.99,2.99
23397308,10398539,196,1,2.99,2.99
29181543,12967836,196,1,2.99,2.99
24920981,11075458,196,1,2.99,2.99
28324215,12586864,196,1,2.99,2.99
26077576,11588589,196,1,2.99,2.99
30432112,13523684,196,1,2.99,2.99
28017893,12450651,196,1,2.99,2.99
30148314,13397466,196,1,2.99,2.99
24157814,10736831,196,1,2.99,2.99
28046717,12463492,196,1,2.99,2.99
24123995,10721773,196,1,2.99,2.99
28324214,12586864,196,1,2.99,2.99
29117216,12939192,196,1,2.99,2.99
28235782,12547379,196,1,2.99,2.99
23965713,10650978,196,1,2.99,2.99
23128143,10278759,196,1,2.99,2.99
22950016,10199667,196,1,2.99,2.99
28457259,12645851,196,1,2.99,2.99
23363074,10383400,196,1,2.99,2.99
30303426,13466545,196,1,2.99,2.99
30031054,13345296,196,1,2.99,2.99
28569483,12695916,196,2,2.99,5.98
28566475,12694546,196,2,2.99,5.98
28634266,12724645,196,2,2.99,5.98
22972555,10209674,196,2,2.99,5.98
26075384,11587621,196,4,2.99,11.96
26347324,11708334,196,4,2.99,11.96
25675299,11409998,197,5,3.99,19.95
6584870,2928401,197,1,5.95,5.95
17818095,7919727,197,1,5.95,5.95
22139996,9840507,197,1,5.95,5.95
17778961,7902337,197,1,5.95,5.95
8900103,3956773,197,1,5.95,5.95
20194832,8976355,197,1,5.95,5.95
19912310,8850739,197,1,5.95,5.95
20189908,8974164,197,2,5.95,11.9
13326361,5923773,197,2,5.95,11.9
1862661,828914,197,2,5.95,11.9
6594334,2932640,197,4,5.95,23.8
10909984,4851274,197,4,5.95,23.8
28067338,12472651,197,1,3.99,3.99
25729116,11433837,197,1,3.99,3.99
28076091,12476584,197,1,3.99,3.99
24414212,10850392,197,1,3.99,3.99
28269453,12562429,197,1,3.99,3.99
28959154,12868947,197,1,3.99,3.99
27702533,12310660,197,1,3.99,3.99
28800846,12798788,197,1,3.99,3.99
23700220,10533288,197,1,3.99,3.99
24010852,10671208,197,1,3.99,3.99
22741204,10107123,197,1,3.99,3.99
25437702,11304736,197,1,3.99,3.99
25914842,11516305,197,1,3.99,3.99
27266870,12117275,197,1,3.99,3.99
24530472,10902211,197,1,3.99,3.99
23000959,10222312,197,1,3.99,3.99
24087561,10705437,197,1,3.99,3.99
25437933,11304825,197,1,3.99,3.99
27347930,12153323,197,1,3.99,3.99
26055265,11578687,197,1,3.99,3.99
26459191,11758258,197,1,3.99,3.99
30061974,13359090,197,1,3.99,3.99
23179050,10301510,197,1,3.99,3.99
27835344,12369812,197,1,3.99,3.99
27538604,12237945,197,1,3.99,3.99
24998455,11109740,197,1,3.99,3.99
26420696,11741136,197,1,3.99,3.99
29392223,13061376,197,1,3.99,3.99
30349793,13487169,197,1,3.99,3.99
26320698,11696585,197,1,3.99,3.99
29540045,13127048,197,2,3.99,7.98
28459929,12647004,197,2,3.99,7.98
22939194,10194935,197,2,3.99,7.98
22508690,10004077,197,2,3.99,7.98
24714265,10983911,197,2,3.99,7.98
26075387,11587621,197,4,3.99,15.96
26012061,11559384,197,4,3.99,15.96
29730230,13211550,197,4,3.99,15.96
22298117,9910708,198,5,6.95,34.75
15732101,6992644,198,5,6.95,34.75
24420198,10853009,198,5,4.99,24.95
24420200,10853009,198,5,4.99,24.95
28780035,12789571,198,3,4.99,14.97
17927723,7968415,198,3,6.95,20.85
20031083,8903600,198,3,6.95,20.85
19910199,8849810,198,1,6.95,6.95
13258257,5893521,198,1,6.95,6.95
4318534,1920825,198,1,6.95,6.95
20044618,8909670,198,1,6.95,6.95
11053128,4915087,198,1,6.95,6.95
6635173,2950802,198,1,6.95,6.95
19967505,8875344,198,1,6.95,6.95
6533064,2905456,198,1,6.95,6.95
19929765,8858439,198,1,6.95,6.95
15633628,6948858,198,1,6.95,6.95
22385035,9949270,198,2,6.95,13.9
6594335,2932640,198,4,6.95,27.8
28589690,12704831,198,1,4.99,4.99
30098845,13375426,198,1,4.99,4.99
27442088,12194930,198,1,4.99,4.99
23102331,10267200,198,1,4.99,4.99
23419768,10408599,198,1,4.99,4.99
28072353,12474912,198,1,4.99,4.99
22551715,10023132,198,1,4.99,4.99
24421424,10853566,198,1,4.99,4.99
24320996,10809052,198,1,4.99,4.99
24123993,10721773,198,1,4.99,4.99
28624820,12720484,198,1,4.99,4.99
30351463,13487899,198,1,4.99,4.99
24920979,11075458,198,1,4.99,4.99
23852118,10600557,198,1,4.99,4.99
29830350,13256064,198,1,4.99,4.99
27745473,12329725,198,1,4.99,4.99
29962142,13314523,198,1,4.99,4.99
28369110,12606776,198,1,4.99,4.99
27413015,12182137,198,1,4.99,4.99
23246043,10331294,198,1,4.99,4.99
24968977,11096684,198,1,4.99,4.99
30019203,13339894,198,1,4.99,4.99
29708202,13201750,198,1,4.99,4.99
28360071,12602664,198,1,4.99,4.99
25153027,11178548,198,1,4.99,4.99
25128063,11167538,198,1,4.99,4.99
27890785,12394488,198,1,4.99,4.99
24888811,11061270,198,1,4.99,4.99
24618243,10941185,198,1,4.99,4.99
30086423,13369914,198,2,4.99,9.98
26529742,11789651,198,2,4.99,9.98
27586233,12259101,198,2,4.99,9.98
29291513,13016567,198,2,4.99,9.98
30398601,13508945,198,4,4.99,19.96
27809384,12358150,198,4,4.99,19.96
15652870,6957413,199,1,4.5,4.5
6737358,2995964,199,1,4.5,4.5
4334603,1927959,199,1,4.5,4.5
6710425,2984202,199,1,4.5,4.5
13388395,5951257,199,1,4.5,4.5
4383228,1949424,199,1,4.5,4.5
8948297,3978242,199,1,4.5,4.5
20014512,8896203,199,1,4.5,4.5
17833291,7926539,199,2,4.5,9
13348437,5933518,199,3,4.5,13.5
23349860,10377585,199,5,2.99,14.95
26782014,11901626,199,5,2.99,14.95
27377463,12166388,199,3,2.99,8.97
25693919,11418306,199,1,2.99,2.99
29547968,13130582,199,1,2.99,2.99
23670721,10520170,199,1,2.99,2.99
28335797,12592002,199,1,2.99,2.99
24490576,10884269,199,1,2.99,2.99
26439313,11749434,199,1,2.99,2.99
23268879,10341457,199,1,2.99,2.99
24309907,10804097,199,1,2.99,2.99
23748635,10554817,199,1,2.99,2.99
28147257,12508081,199,1,2.99,2.99
24431093,10857804,199,1,2.99,2.99
24037572,10683124,199,1,2.99,2.99
27199366,12087333,199,1,2.99,2.99
28286658,12570043,199,1,2.99,2.99
23947323,10642842,199,1,2.99,2.99
26630498,11834219,199,1,2.99,2.99
29693879,13195418,199,1,2.99,2.99
23149826,10288374,199,1,2.99,2.99
22728401,10101483,199,1,2.99,2.99
28286657,12570043,199,1,2.99,2.99
26533734,11791394,199,1,2.99,2.99
29173260,12964129,199,1,2.99,2.99
25155410,11179593,199,2,2.99,5.98
27161350,12070435,199,2,2.99,5.98
24215468,10762180,199,2,2.99,5.98
27526521,12232587,199,4,2.99,11.96
17746086,7887828,200,1,5.5,5.5
10985519,4884934,200,1,5.5,5.5
6580738,2926571,200,1,5.5,5.5
13408177,5959984,200,1,5.5,5.5
6533065,2905456,200,1,5.5,5.5
13182172,5859632,200,1,5.5,5.5
6666434,2964578,200,1,5.5,5.5
22387405,9950365,200,1,5.5,5.5
4192494,1864925,200,1,5.5,5.5
4145829,1844206,200,1,5.5,5.5
1938379,862430,200,1,5.5,5.5
13122828,5833172,200,1,5.5,5.5
15419884,6853798,200,1,5.5,5.5
20201714,8979412,200,2,5.5,11
13307635,5915453,200,4,5.5,22
17819808,7920489,200,3,5.5,16.5
4441337,1975381,200,3,5.5,16.5
1892476,842133,200,3,5.5,16.5
11111614,4940986,200,5,5.5,27.5
26167181,11628343,200,5,3.99,19.95
23031981,10236076,200,5,3.99,19.95
28995041,12884766,200,3,3.99,11.97
27977132,12432659,200,3,3.99,11.97
26339764,11705001,200,1,3.99,3.99
28006645,12445701,200,1,3.99,3.99
29271413,13007665,200,1,3.99,3.99
25453415,11311689,200,1,3.99,3.99
25593547,11373713,200,1,3.99,3.99
22581952,10036475,200,1,3.99,3.99
27455208,12200860,200,1,3.99,3.99
27685167,12302927,200,1,3.99,3.99
25534777,11347739,200,1,3.99,3.99
24132958,10725760,200,1,3.99,3.99
25347165,11264364,200,1,3.99,3.99
27467869,12206510,200,1,3.99,3.99
22510681,10004943,200,1,3.99,3.99
24557961,10914419,200,1,3.99,3.99
26294800,11684998,200,1,3.99,3.99
25147277,11176076,200,1,3.99,3.99
22610174,10049088,200,1,3.99,3.99
23518871,10452609,200,1,3.99,3.99
25722899,11431105,200,1,3.99,3.99
22698300,10088172,200,1,3.99,3.99
22589804,10039980,200,1,3.99,3.99
29553256,13132930,200,1,3.99,3.99
28175335,12520513,200,1,3.99,3.99
27508904,12224839,200,1,3.99,3.99
26139586,11616221,200,1,3.99,3.99
29698994,13197685,200,1,3.99,3.99
28615968,12716515,200,1,3.99,3.99
24473637,10876772,200,1,3.99,3.99
23859362,10603775,200,2,3.99,7.98
29651995,13176733,200,2,3.99,7.98
23019562,10230545,200,2,3.99,7.98
23388045,10394527,200,2,3.99,7.98
28061896,12470224,200,4,3.99,15.96
10859192,4828517,201,1,6.5,6.5
15537270,6905993,201,1,6.5,6.5
15623736,6944446,201,1,6.5,6.5
4392307,1953501,201,1,6.5,6.5
10881960,4838787,201,1,6.5,6.5
11169123,4966426,201,1,6.5,6.5
4385826,1950577,201,1,6.5,6.5
22417433,9963603,201,1,6.5,6.5
19912309,8850739,201,1,6.5,6.5
2056496,914920,201,1,6.5,6.5
4138847,1841116,201,1,6.5,6.5
8993348,3998293,201,1,6.5,6.5
2197719,977992,201,2,6.5,13
2001671,890617,201,2,6.5,13
22371400,9943195,201,2,6.5,13
15557670,6915033,201,2,6.5,13
11115468,4942687,201,4,6.5,26
1905557,847972,201,4,6.5,26
22298119,9910708,201,5,6.5,32.5
4428414,1969609,201,5,6.5,32.5
8783892,3905069,201,3,6.5,19.5
23181292,10302490,201,5,4.99,24.95
29754959,13222469,201,5,4.99,24.95
22601903,10045371,201,5,4.99,24.95
28535155,12680565,201,3,4.99,14.97
22504629,10002263,201,3,4.99,14.97
27747981,12330812,201,3,4.99,14.97
22915295,10184368,201,1,4.99,4.99
22698303,10088172,201,1,4.99,4.99
26002928,11555313,201,1,4.99,4.99
26754296,11889214,201,1,4.99,4.99
30351462,13487899,201,1,4.99,4.99
28970433,12873949,201,1,4.99,4.99
28767013,12783759,201,1,4.99,4.99
27875496,12387645,201,1,4.99,4.99
27251956,12110655,201,1,4.99,4.99
24610579,10937835,201,1,4.99,4.99
29050433,12909396,201,1,4.99,4.99
25742896,11440048,201,1,4.99,4.99
23088875,10261117,201,1,4.99,4.99
24768476,11007879,201,1,4.99,4.99
23407631,10403153,201,1,4.99,4.99
25889725,11505225,201,1,4.99,4.99
29144514,12951378,201,1,4.99,4.99
25263636,11227411,201,1,4.99,4.99
22637968,10061288,201,1,4.99,4.99
23414103,10406089,201,1,4.99,4.99
22849072,10155014,201,1,4.99,4.99
22502174,10001163,201,1,4.99,4.99
29528997,13122137,201,1,4.99,4.99
30050507,13353936,201,1,4.99,4.99
25716390,11428190,201,1,4.99,4.99
23448318,10421309,201,1,4.99,4.99
24357875,10825481,201,1,4.99,4.99
29542965,13128343,201,2,4.99,9.98
29266008,13005301,201,2,4.99,9.98
22630620,10058113,201,2,4.99,9.98
23774868,10566404,201,2,4.99,9.98
26987501,11993131,201,4,4.99,19.96
26702805,11866363,201,4,4.99,19.96
20178960,8969294,202,1,3.25,3.25
8696617,3866178,202,1,3.25,3.25
20161716,8961688,202,1,3.25,3.25
8796558,3910677,202,1,3.25,3.25
1875307,834534,202,1,3.25,3.25
1926776,857305,202,1,3.25,3.25
15743152,6997597,202,1,3.25,3.25
8991661,3997521,202,1,3.25,3.25
8621840,3832810,202,1,3.25,3.25
15660635,6960863,202,1,3.25,3.25
8996439,3999683,202,1,3.25,3.25
20200610,8978910,202,1,3.25,3.25
10952809,4870296,202,1,3.25,3.25
6475942,2880057,202,1,3.25,3.25
20167357,8964164,202,1,3.25,3.25
20120063,8943208,202,1,3.25,3.25
13178440,5857953,202,1,3.25,3.25
20194986,8976425,202,1,3.25,3.25
10866609,4831872,202,1,3.25,3.25
28615969,12716515,202,1,6.5,6.5
24566430,10918204,202,1,6.5,6.5
25143082,11174230,202,1,6.5,6.5
22343472,9930785,202,2,3.25,6.5
23812923,10583279,202,1,6.5,6.5
26249331,11664946,202,1,6.5,6.5
23021795,10231586,202,1,6.5,6.5
26596788,11819302,202,1,6.5,6.5
24561272,10915925,202,1,6.5,6.5
25894081,11507137,202,1,6.5,6.5
22474292,9988853,202,2,3.25,6.5
27724257,12320220,202,1,6.5,6.5
25566308,11361615,202,1,6.5,6.5
28589693,12704831,202,1,6.5,6.5
29054858,12911340,202,1,6.5,6.5
28674963,12742815,202,1,6.5,6.5
28676510,12743507,202,1,6.5,6.5
23130429,10279758,202,1,6.5,6.5
28175334,12520513,202,1,6.5,6.5
23723626,10543673,202,1,6.5,6.5
28872043,12830352,202,1,6.5,6.5
27326680,12143935,202,1,6.5,6.5
13195945,5865733,202,2,3.25,6.5
22612744,10050268,202,1,6.5,6.5
8897017,3955434,202,2,3.25,6.5
23518870,10452609,202,1,6.5,6.5
29394830,13062499,202,1,6.5,6.5
28816761,12805837,202,1,6.5,6.5
22724383,10099704,202,1,6.5,6.5
29326074,13031880,202,1,6.5,6.5
29850940,13265197,202,1,6.5,6.5
29092493,12928068,202,1,6.5,6.5
26697229,11863910,202,1,6.5,6.5
22843226,10152365,202,1,6.5,6.5
30346659,13485735,202,2,6.5,13
25564469,11360793,202,2,6.5,13
29759845,13224609,202,2,6.5,13
25087269,11149404,202,2,6.5,13
22630618,10058113,202,2,6.5,13
20220588,8987866,202,4,3.25,13
28155312,12511686,202,2,6.5,13
24989893,11105909,202,4,6.5,26
26012060,11559384,202,4,6.5,26
23869451,10608273,202,4,6.5,26
24462246,10871630,202,4,6.5,26
17670795,7854516,202,5,3.25,16.25
26608523,11824501,202,5,6.5,32.5
28792079,12794915,202,5,6.5,32.5
25251116,11221838,202,5,6.5,32.5
15541657,6907928,203,1,4.25,4.25
1975695,879028,203,1,4.25,4.25
15456527,6870166,203,1,4.25,4.25
17632245,7837267,203,1,4.25,4.25
8692803,3864487,203,1,4.25,4.25
11135930,4951695,203,1,4.25,4.25
20030224,8903210,203,1,4.25,4.25
15723208,6988632,203,1,4.25,4.25
13342707,5930986,203,1,4.25,4.25
6549443,2912721,203,1,4.25,4.25
2158207,960482,203,1,4.25,4.25
10898413,4846130,203,1,4.25,4.25
15410575,6849688,203,1,4.25,4.25
13326365,5923773,203,2,4.25,8.5
20169929,8965309,203,2,4.25,8.5
15496534,6887955,203,5,4.25,21.25
6533655,2905723,203,3,4.25,12.75
24642876,10952197,203,3,4.99,14.97
25611596,11381722,203,1,4.99,4.99
30446916,13530280,203,1,4.99,4.99
25640363,11394438,203,1,4.99,4.99
27213229,12093491,203,1,4.99,4.99
23363076,10383400,203,1,4.99,4.99
25526966,11344307,203,1,4.99,4.99
28803359,12799921,203,1,4.99,4.99
22633068,10059153,203,1,4.99,4.99
29911539,13292020,203,1,4.99,4.99
26982877,11991105,203,1,4.99,4.99
27707319,12312801,203,1,4.99,4.99
25462920,11315875,203,1,4.99,4.99
29439916,13082412,203,1,4.99,4.99
30006957,13334430,203,1,4.99,4.99
29170243,12962797,203,1,4.99,4.99
25967511,11539658,203,1,4.99,4.99
26609250,11824821,203,1,4.99,4.99
29299613,13020204,203,1,4.99,4.99
25169593,11185875,203,1,4.99,4.99
25573083,11364652,203,1,4.99,4.99
30378887,13500093,203,1,4.99,4.99
29515226,13116000,203,1,4.99,4.99
26481485,11768216,203,1,4.99,4.99
29053923,12910922,203,1,4.99,4.99
28735219,12769699,203,1,4.99,4.99
24162214,10738759,203,1,4.99,4.99
30191864,13416891,203,1,4.99,4.99
22840128,10151001,203,1,4.99,4.99
22837518,10149896,203,1,4.99,4.99
22805354,10135473,203,1,4.99,4.99
25566311,11361615,203,1,4.99,4.99
30107135,13379118,203,1,4.99,4.99
29849934,13264775,203,1,4.99,4.99
24914958,11072801,203,1,4.99,4.99
24079886,10702018,203,2,4.99,9.98
27163862,12071552,203,2,4.99,9.98
27586232,12259101,203,2,4.99,9.98
25788684,11460358,203,2,4.99,9.98
23917467,10629624,203,2,4.99,9.98
24632481,10947515,203,2,4.99,9.98
26380028,11722912,203,2,4.99,9.98
29824935,13253621,203,4,4.99,19.96
23484112,10437200,203,4,4.99,19.96
4189605,1863614,204,1,5.25,5.25
13138145,5839966,204,1,5.25,5.25
22488296,9995031,204,1,5.25,5.25
13207195,5870766,204,1,5.25,5.25
11170066,4966853,204,1,5.25,5.25
15410573,6849688,204,1,5.25,5.25
17939922,7973923,204,1,5.25,5.25
8784590,3905358,204,1,5.25,5.25
22395759,9954030,204,1,5.25,5.25
8942142,3975534,204,1,5.25,5.25
20189905,8974164,204,2,5.25,10.5
17627453,7835127,204,2,5.25,10.5
2197717,977992,204,2,5.25,10.5
20220585,8987866,204,4,5.25,21
11115466,4942687,204,4,5.25,21
13469485,5987176,204,4,5.25,21
1947339,866427,204,5,5.25,26.25
26759137,11891368,204,3,7.99,23.97
23810118,10582047,204,1,7.99,7.99
28103648,12488800,204,1,7.99,7.99
23066315,10251281,204,1,7.99,7.99
23591795,10485049,204,1,7.99,7.99
26345872,11707676,204,1,7.99,7.99
25901728,11510531,204,1,7.99,7.99
29778970,13233132,204,1,7.99,7.99
23644256,10508334,204,1,7.99,7.99
29514259,13115565,204,1,7.99,7.99
26222134,11652762,204,1,7.99,7.99
29410053,13069115,204,1,7.99,7.99
30281898,13457004,204,1,7.99,7.99
23033676,10236831,204,1,7.99,7.99
23838999,10594826,204,1,7.99,7.99
27793073,12350933,204,1,7.99,7.99
30254849,13444938,204,1,7.99,7.99
28862721,12826217,204,1,7.99,7.99
30005729,13333886,204,1,7.99,7.99
27835347,12369812,204,1,7.99,7.99
29555658,13133998,204,1,7.99,7.99
28177651,12521558,204,1,7.99,7.99
25400757,11288190,204,1,7.99,7.99
29623403,13164088,204,1,7.99,7.99
28707594,12757340,204,1,7.99,7.99
29652248,13176862,204,1,7.99,7.99
23393912,10397051,204,1,7.99,7.99
29316336,13027626,204,1,7.99,7.99
24974491,11099078,204,1,7.99,7.99
28723473,12764403,204,1,7.99,7.99
24899595,11066016,204,1,7.99,7.99
23979746,10657250,204,1,7.99,7.99
24775856,11011207,204,1,7.99,7.99
28681693,12745804,204,1,7.99,7.99
26492707,11773179,204,1,7.99,7.99
27250720,12110078,204,2,7.99,15.98
25256956,11224464,204,2,7.99,15.98
25506776,11335354,204,4,7.99,31.96
28135225,12502667,204,4,7.99,31.96
26805787,11912256,204,4,7.99,31.96
6517179,2898405,205,1,4,4
20181083,8970256,205,1,4,4
20020497,8898877,205,1,4,4
2176082,968442,205,1,4,4
22303776,9913260,205,1,4,4
22303775,9913260,205,1,4,4
1963248,873463,205,1,4,4
8905634,3959262,205,1,4,4
11082534,4928151,205,1,4,4
6660248,2961853,205,1,4,4
2098540,933759,205,1,4,4
8704540,3869703,205,1,4,4
22397340,9954722,205,1,4,4
10923048,4857008,205,1,4,4
8720118,3876629,205,1,4,4
4195883,1866429,205,1,4,4
20135855,8950207,205,2,4,8
17819809,7920489,205,3,4,12
22430417,9969343,205,3,4,12
2058785,915946,205,3,4,12
4269948,1899296,205,4,4,16
22475004,9989169,205,4,4,16
11074998,4924787,205,4,4,16
4265100,1897184,205,5,4,20
23176062,10300131,205,5,2.99,14.95
30404083,13511349,205,5,2.99,14.95
23001507,10222560,205,5,2.99,14.95
22552484,10023460,205,3,2.99,8.97
30375652,13498626,205,3,2.99,8.97
30019545,13340048,205,1,2.99,2.99
28460809,12647403,205,1,2.99,2.99
25926395,11521464,205,1,2.99,2.99
24561273,10915925,205,1,2.99,2.99
22911130,10182509,205,1,2.99,2.99
29231773,12990018,205,1,2.99,2.99
29042272,12905743,205,1,2.99,2.99
23154200,10290354,205,1,2.99,2.99
22551107,10022891,205,1,2.99,2.99
23740561,10551234,205,1,2.99,2.99
25158531,11180976,205,1,2.99,2.99
24129237,10724098,205,1,2.99,2.99
29174873,12964852,205,1,2.99,2.99
23131841,10280390,205,1,2.99,2.99
24378123,10834448,205,1,2.99,2.99
27756190,12334497,205,1,2.99,2.99
26373579,11720057,205,1,2.99,2.99
22858049,10159068,205,1,2.99,2.99
27395357,12174306,205,1,2.99,2.99
24096905,10709581,205,1,2.99,2.99
23261610,10338207,205,1,2.99,2.99
26802293,11910706,205,1,2.99,2.99
29553254,13132930,205,1,2.99,2.99
29337256,13036819,205,1,2.99,2.99
24821109,11031249,205,1,2.99,2.99
22702875,10090200,205,1,2.99,2.99
28711032,12758866,205,1,2.99,2.99
26124883,11609775,205,1,2.99,2.99
26532993,11791074,205,1,2.99,2.99
25640361,11394438,205,1,2.99,2.99
23009304,10226005,205,1,2.99,2.99
27425616,12187700,205,1,2.99,2.99
22846840,10153976,205,1,2.99,2.99
28295151,12573841,205,2,2.99,5.98
26380029,11722912,205,2,2.99,5.98
23527750,10456537,205,2,2.99,5.98
28677151,12743803,205,2,2.99,5.98
29753534,13221818,205,4,2.99,11.96
25148228,11176474,205,4,2.99,11.96
29989647,13326715,205,4,2.99,11.96
30337036,13481526,205,4,2.99,11.96
24462248,10871630,205,4,2.99,11.96
4486817,1995621,206,1,5,5
6737360,2995964,206,1,5,5
8897678,3955720,206,1,5,5
8876599,3946310,206,1,5,5
15454871,6869444,206,1,5,5
13212460,5873129,206,1,5,5
19877280,8835160,206,1,5,5
1963250,873463,206,1,5,5
4319368,1921189,206,2,5,10
17844868,7931775,206,2,5,10
6527053,2902762,206,2,5,10
10927191,4858855,206,2,5,10
30082077,13367975,206,3,3.49,10.47
26020507,11563213,206,1,3.49,3.49
29672871,13186025,206,1,3.49,3.49
24640072,10950923,206,1,3.49,3.49
27018581,12006882,206,1,3.49,3.49
29337258,13036819,206,1,3.49,3.49
30241510,13439025,206,1,3.49,3.49
23830994,10591246,206,1,3.49,3.49
28081847,12479147,206,1,3.49,3.49
22721722,10098500,206,1,3.49,3.49
22932577,10191983,206,1,3.49,3.49
29889873,13282404,206,1,3.49,3.49
23872749,10609730,206,1,3.49,3.49
26005967,11556669,206,1,3.49,3.49
24802218,11022835,206,1,3.49,3.49
22635096,10060027,206,1,3.49,3.49
22702874,10090200,206,1,3.49,3.49
28747472,12775072,206,1,3.49,3.49
30359481,13491435,206,1,3.49,3.49
24877900,11056457,206,1,3.49,3.49
25180311,11190630,206,1,3.49,3.49
25894080,11507137,206,1,3.49,3.49
27356523,12157137,206,1,3.49,3.49
25698249,11420212,206,1,3.49,3.49
24490575,10884269,206,1,3.49,3.49
23812924,10583279,206,1,3.49,3.49
22811580,10138236,206,1,3.49,3.49
25312313,11248974,206,1,3.49,3.49
26027168,11566197,206,1,3.49,3.49
24118887,10719480,206,1,3.49,3.49
24431094,10857804,206,1,3.49,3.49
24247830,10776456,206,1,3.49,3.49
26565211,11805402,206,1,3.49,3.49
28557515,12690571,206,1,3.49,3.49
28758834,12780150,206,1,3.49,3.49
25823914,11476042,206,1,3.49,3.49
28034517,12458122,206,2,3.49,6.98
27573523,12253437,206,2,3.49,6.98
25993226,11550971,206,2,3.49,6.98
23525180,10455407,206,2,3.49,6.98
22508693,10004077,206,2,3.49,6.98
28634268,12724645,206,2,3.49,6.98
30250197,13442868,206,4,3.49,13.96
6580736,2926571,207,1,6,6
17894221,7953531,207,1,6,6
17844168,7931465,207,1,6,6
8816728,3919564,207,1,6,6
11192253,4976579,207,1,6,6
13212457,5873129,207,1,6,6
8854302,3936355,207,1,6,6
6699556,2979403,207,1,6,6
17785011,7905040,207,1,6,6
4141173,1842109,207,1,6,6
20178962,8969294,207,1,6,6
22404849,9958010,207,1,6,6
10974306,4879919,207,1,6,6
13129275,5836064,207,1,6,6
6425261,2857591,207,1,6,6
11183890,4972935,207,1,6,6
13446856,5977149,207,1,6,6
17817704,7919542,207,2,6,12
4428869,1969819,207,4,6,24
28625823,12720920,207,5,3.99,19.95
24085934,10704698,207,3,3.99,11.97
27134774,12058682,207,3,3.99,11.97
26983138,11991228,207,3,3.99,11.97
29888202,13281684,207,1,3.99,3.99
24974034,11098889,207,1,3.99,3.99
28119378,12495710,207,1,3.99,3.99
25334128,11258568,207,1,3.99,3.99
23124911,10277258,207,1,3.99,3.99
26805391,11912078,207,1,3.99,3.99
28755675,12778739,207,1,3.99,3.99
25944639,11529453,207,1,3.99,3.99
24754014,11001497,207,1,3.99,3.99
27047834,12020037,207,1,3.99,3.99
24446345,10864570,207,1,3.99,3.99
27386280,12170231,207,1,3.99,3.99
29933095,13301621,207,1,3.99,3.99
23471224,10431471,207,1,3.99,3.99
27512439,12226411,207,1,3.99,3.99
24264835,10783992,207,1,3.99,3.99
28533361,12679731,207,1,3.99,3.99
25568751,11362683,207,1,3.99,3.99
29147245,12952625,207,1,3.99,3.99
29928542,13299591,207,1,3.99,3.99
26911315,11959220,207,1,3.99,3.99
22662458,10072224,207,1,3.99,3.99
24895279,11064122,207,1,3.99,3.99
23978025,10656478,207,1,3.99,3.99
24482885,10880846,207,1,3.99,3.99
29328944,13033123,207,1,3.99,3.99
25917623,11517581,207,1,3.99,3.99
23619629,10497429,207,1,3.99,3.99
27591003,12261213,207,1,3.99,3.99
22671377,10076208,207,1,3.99,3.99
25901730,11510531,207,1,3.99,3.99
22717922,10096853,207,1,3.99,3.99
30227227,13432675,207,1,3.99,3.99
25916995,11517297,207,1,3.99,3.99
27238494,12104620,207,1,3.99,3.99
27979647,12433735,207,2,3.99,7.98
26532046,11790678,207,2,3.99,7.98
24954465,11090266,207,2,3.99,7.98
28017550,12450504,207,2,3.99,7.98
22960308,10204209,207,2,3.99,7.98
25621037,11385849,207,2,3.99,7.98
23850608,10599925,207,2,3.99,7.98
29218462,12984143,207,2,3.99,7.98
28718111,12762010,207,2,3.99,7.98
23612023,10494097,207,4,3.99,15.96
24552393,10911949,207,4,3.99,15.96
8906084,3959474,208,1,3.5,3.5
6399778,2846221,208,1,3.5,3.5
11115386,4942646,208,1,3.5,3.5
8811412,3917234,208,1,3.5,3.5
11026858,4903312,208,1,3.5,3.5
10891133,4842885,208,1,3.5,3.5
8810846,3916986,208,1,3.5,3.5
8907215,3959984,208,1,3.5,3.5
20233260,8993562,208,1,3.5,3.5
22406004,9958495,208,1,3.5,3.5
19978737,8880345,208,1,3.5,3.5
6403171,2847727,208,1,3.5,3.5
20016237,8896956,208,1,3.5,3.5
2073707,922692,208,1,3.5,3.5
13471152,5987927,208,4,3.5,14
17920046,7964945,208,5,3.5,17.5
25514043,11338580,208,5,2.99,14.95
26759138,11891368,208,3,2.99,8.97
28619192,12717943,208,3,2.99,8.97
27322108,12141883,208,1,2.99,2.99
26286596,11681388,208,1,2.99,2.99
29432571,13079127,208,1,2.99,2.99
24369718,10830700,208,1,2.99,2.99
23151735,10289247,208,1,2.99,2.99
29370908,13051798,208,1,2.99,2.99
24262725,10783073,208,1,2.99,2.99
27304765,12134115,208,1,2.99,2.99
22682827,10081311,208,1,2.99,2.99
27442086,12194930,208,1,2.99,2.99
26297271,11686086,208,1,2.99,2.99
26584984,11814105,208,1,2.99,2.99
24576076,10922519,208,1,2.99,2.99
28210835,12536360,208,1,2.99,2.99
24711583,10982713,208,1,2.99,2.99
26672636,11852980,208,1,2.99,2.99
25046530,11131184,208,1,2.99,2.99
24583159,10925698,208,1,2.99,2.99
25557939,11357932,208,1,2.99,2.99
27248171,12108920,208,1,2.99,2.99
24204929,10757526,208,1,2.99,2.99
23675963,10522449,208,1,2.99,2.99
28930828,12856353,208,1,2.99,2.99
24543020,10907781,208,1,2.99,2.99
28274284,12564554,208,1,2.99,2.99
22682828,10081311,208,1,2.99,2.99
23697357,10532008,208,1,2.99,2.99
23868522,10607865,208,1,2.99,2.99
24712589,10983176,208,1,2.99,2.99
25851977,11488551,208,1,2.99,2.99
26347992,11708628,208,1,2.99,2.99
26391092,11727901,208,1,2.99,2.99
28872717,12830641,208,1,2.99,2.99
30053278,13355202,208,1,2.99,2.99
23128448,10278895,208,2,2.99,5.98
29369553,13051205,208,2,2.99,5.98
30017309,13339048,208,2,2.99,5.98
28459931,12647004,208,2,2.99,5.98
13453833,5980268,209,1,4.5,4.5
22489534,9995593,209,1,4.5,4.5
20019416,8898367,209,1,4.5,4.5
4349327,1934452,209,1,4.5,4.5
8980532,3992610,209,1,4.5,4.5
11161469,4962964,209,1,4.5,4.5
6440322,2864251,209,1,4.5,4.5
22145861,9843102,209,1,4.5,4.5
17977505,7990693,209,1,4.5,4.5
17951526,7979056,209,1,4.5,4.5
20049857,8911943,209,1,4.5,4.5
4141884,1842425,209,2,4.5,9
28283213,12568523,209,5,3.49,17.45
25005118,11112749,209,1,3.49,3.49
24037076,10682903,209,1,3.49,3.49
28655956,12734341,209,1,3.49,3.49
26254832,11667311,209,1,3.49,3.49
23382772,10392168,209,1,3.49,3.49
25350936,11266074,209,1,3.49,3.49
29446185,13085210,209,1,3.49,3.49
27894983,12396336,209,1,3.49,3.49
23269807,10341887,209,1,3.49,3.49
30423122,13519679,209,1,3.49,3.49
24351559,10822661,209,1,3.49,3.49
27894962,12396329,209,1,3.49,3.49
24872092,11053923,209,1,3.49,3.49
24427273,10856107,209,1,3.49,3.49
24475348,10877514,209,1,3.49,3.49
25358906,11269650,209,1,3.49,3.49
22698301,10088172,209,1,3.49,3.49
24889627,11061638,209,1,3.49,3.49
28324172,12586851,209,1,3.49,3.49
24452690,10867413,209,1,3.49,3.49
26426898,11743875,209,1,3.49,3.49
26423276,11742280,209,1,3.49,3.49
29163566,12959855,209,1,3.49,3.49
23213132,10316678,209,2,3.49,6.98
25722916,11431113,209,2,3.49,6.98
24612781,10938813,209,4,3.49,13.96
22309670,9915864,210,1,5.5,5.5
8775086,3901157,210,1,5.5,5.5
8815036,3918853,210,1,5.5,5.5
22239422,9884591,210,1,5.5,5.5
19989140,8884982,210,1,5.5,5.5
8670149,3854368,210,1,5.5,5.5
15447590,6866171,210,1,5.5,5.5
4375496,1946035,210,1,5.5,5.5
6439929,2864073,210,1,5.5,5.5
17632151,7837220,210,1,5.5,5.5
15381317,6836658,210,1,5.5,5.5
13334713,5927498,210,1,5.5,5.5
13442773,5975321,210,2,5.5,11
19979836,8880839,210,2,5.5,11
11144465,4955508,210,4,5.5,22
26784791,11902887,210,5,3.99,19.95
25453996,11311955,210,5,3.99,19.95
28656315,12734499,210,5,3.99,19.95
23910552,10626571,210,1,3.99,3.99
29015818,12894025,210,1,3.99,3.99
29679653,13189076,210,1,3.99,3.99
28358326,12601880,210,1,3.99,3.99
23448319,10421309,210,1,3.99,3.99
22742226,10107554,210,1,3.99,3.99
23796200,10575963,210,1,3.99,3.99
27243893,12107041,210,1,3.99,3.99
26447932,11753285,210,1,3.99,3.99
29679652,13189076,210,1,3.99,3.99
30423363,13519788,210,1,3.99,3.99
26850850,11932262,210,1,3.99,3.99
22705583,10091413,210,1,3.99,3.99
23890840,10617843,210,1,3.99,3.99
29914364,13293258,210,1,3.99,3.99
24432741,10858522,210,1,3.99,3.99
24619124,10941589,210,1,3.99,3.99
28505282,12667160,210,1,3.99,3.99
23523014,10454411,210,1,3.99,3.99
26546849,11797221,210,1,3.99,3.99
26665758,11849919,210,1,3.99,3.99
25645997,11396912,210,1,3.99,3.99
29370910,13051798,210,1,3.99,3.99
29896553,13285296,210,1,3.99,3.99
26003688,11555669,210,1,3.99,3.99
25920540,11518876,210,1,3.99,3.99
27047623,12019930,210,1,3.99,3.99
26332361,11701719,210,1,3.99,3.99
26423238,11742263,210,1,3.99,3.99
28446503,12641108,210,1,3.99,3.99
29211631,12981167,210,1,3.99,3.99
24892276,11062813,210,1,3.99,3.99
23944447,10641595,210,1,3.99,3.99
26048428,11575627,210,1,3.99,3.99
27250718,12110078,210,2,3.99,7.98
29520576,13118405,210,4,3.99,15.96
29848495,13264148,210,4,3.99,15.96
8810640,3916889,211,3,2.95,8.85
26144732,11618497,211,5,2.99,14.95
25747482,11442053,211,5,2.99,14.95
28108067,12490783,211,3,2.99,8.97
23865763,10606643,211,3,2.99,8.97
24124968,10722220,211,3,2.99,8.97
2085795,928035,211,1,2.95,2.95
4164702,1852615,211,1,2.95,2.95
4146276,1844425,211,1,2.95,2.95
1952805,868862,211,1,2.95,2.95
15548149,6910811,211,1,2.95,2.95
15594782,6931564,211,1,2.95,2.95
6745574,2999580,211,1,2.95,2.95
20111781,8939519,211,1,2.95,2.95
10880128,4837966,211,1,2.95,2.95
8815969,3919241,211,1,2.95,2.95
13180849,5859048,211,1,2.95,2.95
22166303,9852058,211,1,2.95,2.95
15385812,6838655,211,1,2.95,2.95
20128548,8946958,211,1,2.95,2.95
4173175,1856345,211,1,2.95,2.95
19993660,8886985,211,2,2.95,5.9
11108422,4939602,211,2,2.95,5.9
25236729,11215468,211,1,2.99,2.99
25439980,11305746,211,1,2.99,2.99
30098963,13375474,211,1,2.99,2.99
26071623,11585940,211,1,2.99,2.99
26475371,11765444,211,1,2.99,2.99
28037418,12459422,211,1,2.99,2.99
23763874,10561568,211,1,2.99,2.99
25729117,11433837,211,1,2.99,2.99
27556875,12246022,211,1,2.99,2.99
22722781,10098983,211,1,2.99,2.99
24311497,10804804,211,1,2.99,2.99
23075909,10255484,211,1,2.99,2.99
25267451,11229093,211,1,2.99,2.99
22904092,10179394,211,1,2.99,2.99
26818686,11917938,211,1,2.99,2.99
26004546,11556039,211,1,2.99,2.99
22946788,10198272,211,1,2.99,2.99
30282526,13457283,211,1,2.99,2.99
24895280,11064122,211,1,2.99,2.99
28081844,12479147,211,1,2.99,2.99
28220564,12540666,211,1,2.99,2.99
29774686,13231229,211,1,2.99,2.99
28317845,12584075,211,1,2.99,2.99
26049039,11575899,211,1,2.99,2.99
24898487,11065509,211,1,2.99,2.99
25310083,11247976,211,1,2.99,2.99
29056169,12911927,211,2,2.99,5.98
28155311,12511686,211,2,2.99,5.98
26380031,11722912,211,2,2.99,5.98
28205207,12533836,211,2,2.99,5.98
24629553,10946240,211,2,2.99,5.98
28775679,12787590,211,2,2.99,5.98
25027279,11122635,211,2,2.99,5.98
25720384,11429974,211,4,2.99,11.96
24039701,10684069,212,3,3.49,10.47
1930587,858977,212,1,3.95,3.95
6411160,2851318,212,1,3.95,3.95
15456460,6870143,212,1,3.95,3.95
15703788,6980114,212,1,3.95,3.95
22483881,9993117,212,1,3.95,3.95
11125603,4947175,212,1,3.95,3.95
15554448,6913574,212,1,3.95,3.95
13353775,5935921,212,2,3.95,7.9
4204890,1870369,212,4,3.95,15.8
28537231,12681504,212,1,3.49,3.49
23567430,10474185,212,1,3.49,3.49
26939865,11971997,212,1,3.49,3.49
28165821,12516324,212,1,3.49,3.49
22721720,10098500,212,1,3.49,3.49
25778595,11455896,212,1,3.49,3.49
27644242,12284773,212,1,3.49,3.49
25910538,11514418,212,1,3.49,3.49
30098847,13375426,212,1,3.49,3.49
24753768,11001384,212,1,3.49,3.49
29830890,13256307,212,1,3.49,3.49
25593545,11373713,212,1,3.49,3.49
29780536,13233844,212,1,3.49,3.49
